Built from '6000.4/staging' branch; Version is '6000.4.1f1 (336a400b9ea2) revision 3369536'; Using compiler version '194234433'; Build Type 'Release'
OS: 'Windows 10  (10.0.19045) 64bit Professional' Language: 'uk' Physical Memory: 16335 MB
BatchMode: 1, IsHumanControllingUs: 0, StartBugReporterOnCrash: 0, Is64bit: 1
System  architecture: x64
Process architecture: x64
Date: 2026-08-01T11:32:51Z
[Licensing::Module] Trying to connect to existing licensing client channel...
[Licensing::IpcConnector] Successfully connected to: "LicenseClient-1" at "2026-08-01T11:32:51.5508812Z"

COMMAND LINE ARGUMENTS:
C:\Program Files\Unity\Hub\Editor\6000.4.1f1\Editor\Unity.exe
-adb2
-batchMode
-noUpm
-name
AssetImportWorker0
-projectPath
D:/UnityProjects/Mineblock/mineblock
-logFile
Logs/AssetImportWorker0.log
-srvPort
44034
-force-d3d12
-job-worker-count
3
-background-job-worker-count
8
-gc-helper-count
1
-name
AssetImport
Successfully changed project path to: D:/UnityProjects/Mineblock/mineblock
D:/UnityProjects/Mineblock/mineblock
[UnityMemory] Configuration Parameters - Can be set up in boot.config
    "memorysetup-temp-allocator-size-gi-baking-worker=262144"
    "memorysetup-temp-allocator-size-gi-baking-worker=262144"
    "memorysetup-temp-allocator-size-gi-baking-worker=262144"
    "memorysetup-temp-allocator-size-gi-baking-worker=262144"
    "memorysetup-temp-allocator-size-gi-baking-worker=262144"
    "memorysetup-temp-allocator-size-nav-mesh-worker=65536"
    "memorysetup-temp-allocator-size-audio-worker=65536"
    "memorysetup-temp-allocator-size-cloud-worker=32768"
    "memorysetup-temp-allocator-size-gfx=262144"
    "memorysetup-temp-allocator-size-preload-manager=33554432"
    "memorysetup-temp-allocator-size-job-worker=262144"
    "memorysetup-temp-allocator-size-background-worker=32768"
    "memorysetup-allocator-temp-initial-block-size-main=262144"
    "memorysetup-allocator-temp-initial-block-size-worker=262144"
    "memorysetup-bucket-allocator-granularity=16"
    "memorysetup-bucket-allocator-bucket-count=8"
    "memorysetup-bucket-allocator-block-size=33554432"
    "memorysetup-bucket-allocator-block-count=8"
    "memorysetup-main-allocator-block-size=16777216"
    "memorysetup-thread-allocator-block-size=16777216"
    "memorysetup-gfx-main-allocator-block-size=16777216"
    "memorysetup-gfx-thread-allocator-block-size=16777216"
    "memorysetup-cache-allocator-block-size=4194304"
    "memorysetup-typetree-allocator-block-size=2097152"
    "memorysetup-profiler-bucket-allocator-granularity=16"
    "memorysetup-profiler-bucket-allocator-bucket-count=8"
    "memorysetup-profiler-bucket-allocator-block-size=33554432"
    "memorysetup-profiler-bucket-allocator-block-count=8"
    "memorysetup-profiler-allocator-block-size=16777216"
    "memorysetup-profiler-editor-allocator-block-size=1048576"
    "memorysetup-temp-allocator-size-main=16777216"
    "memorysetup-job-temp-allocator-block-size=2097152"
    "memorysetup-job-temp-allocator-block-size-background=1048576"
    "memorysetup-job-temp-allocator-reduction-small-platforms=262144"
Player connection [13008]  Target information:

Player connection [13008]  * "[IP] 192.168.0.107 [Port] 0 [Flags] 2 [Guid] 246037632 [EditorId] 246037632 [Version] 1048832 [Id] WindowsEditor(7,ATLAS) [Debug] 1 [PackageName] WindowsEditor [ProjectName] Editor" 

Player connection [13008] Host joined multi-casting on [225.0.0.222:54997]...
Player connection [13008] Host joined alternative multi-casting on [225.0.0.222:34997]...
JobSystem: Creating JobQueue using job-worker-count value 3
Input System module state changed to: Initialized.
[Physics::Module] Initialized fallback backend.
[Physics::Module] Id: 0xdecafbad
Library Redirect Path: Library/
[Physics::Module] Selected backend.
[Physics::Module] Name: PhysX
[Physics::Module] Id: 0xf2b8ea05
[Physics::Module] SDK Version: 4.1.2
[Physics::Module] Integration Version: 1.0.0
[Physics::Module] Threading Mode: Multi-Threaded
Refreshing native plugins compatible for Editor in 5.67 ms, found 4 plugins.
Initialize engine version: 6000.4.1f1 (336a400b9ea2)
[Subsystems] Discovering subsystems at path C:/Program Files/Unity/Hub/Editor/6000.4.1f1/Editor/Data/Resources/UnitySubsystems
[Subsystems] Discovering subsystems at path D:/UnityProjects/Mineblock/mineblock/Assets
Forcing GfxDevice: Direct3D 12
GfxDevice: creating device client; kGfxThreadingModeNonThreaded
d3d12: failed to query info queue interface (0x80004002).
Direct3D:
    Version:         Direct3D 12 [level 12.2]
    Renderer:        NVIDIA GeForce RTX 3060 (ID=0x2504)
    Vendor:          NVIDIA
    VRAM:            12115 MB
    App VRAM Budget: 11347 MB
    Driver:          32.0.15.8157
Shader 'Universal Render Pipeline/Nature/SpeedTree7': fallback shader 'Hidden/Universal Render Pipeline/FallbackError' not found
Shader 'Universal Render Pipeline/Nature/SpeedTree7': dependency 'BillboardShader' shader 'Universal Render Pipeline/Nature/SpeedTree7 Billboard' not found
Shader 'Hidden/Universal Render Pipeline/StencilDeferred': fallback shader 'Hidden/Universal Render Pipeline/FallbackError' not found
Shader 'Hidden/Universal Render Pipeline/ClusterDeferred': fallback shader 'Hidden/Universal Render Pipeline/FallbackError' not found
Shader 'Hidden/Universal Render Pipeline/FallbackError': fallback shader 'Hidden/Core/FallbackError' not found
Shader 'Universal Render Pipeline/Lit': fallback shader 'Hidden/Universal Render Pipeline/FallbackError' not found
Shader 'Universal Render Pipeline/Particles/Unlit': fallback shader 'Hidden/Universal Render Pipeline/FallbackError' not found
Shader 'Polytope Studio/PT_Water_Shader': fallback shader 'Hidden/Shader Graph/FallbackError' not found
Shader 'Polytope Studio/PT_Vegetation_Foliage_Shader': fallback shader 'Hidden/Shader Graph/FallbackError' not found
Shader 'Polytope Studio/PT_Vegetation_Plants_Shader': fallback shader 'Hidden/Shader Graph/FallbackError' not found
Shader 'Polytope Studio/PT_Vegetation_Opaque_Shader': fallback shader 'Hidden/Shader Graph/FallbackError' not found
Shader 'TextMeshPro/Distance Field': fallback shader 'TextMeshPro/Mobile/Distance Field' not found
Shader 'Universal Render Pipeline/VR/SpatialMapping/Occlusion': fallback shader 'Hidden/Universal Render Pipeline/FallbackError' not found
Shader 'Polytope Studio/ PT_Medieval Buildings Shader PBR': fallback shader 'Hidden/Shader Graph/FallbackError' not found
Shader 'Polytope Studio/PT_Vegetation_Flowers_Shader': fallback shader 'Hidden/Shader Graph/FallbackError' not found
Shader 'Universal Render Pipeline/VR/SpatialMapping/Wireframe': fallback shader 'Hidden/Universal Render Pipeline/FallbackError' not found
Shader 'Universal Render Pipeline/Simple Lit': fallback shader 'Hidden/Universal Render Pipeline/FallbackError' not found
Shader 'Universal Render Pipeline/Particles/Simple Lit': fallback shader 'Universal Render Pipeline/Particles/Unlit' not found
Shader 'Universal Render Pipeline/Particles/Lit': fallback shader 'Universal Render Pipeline/Particles/Simple Lit' not found
Shader 'TextMeshPro/Distance Field': fallback shader 'TextMeshPro/Mobile/Distance Field' not found
Shader 'TextMeshPro/Distance Field Overlay': fallback shader 'TextMeshPro/Mobile/Distance Field' not found
Shader 'Universal Render Pipeline/Nature/SpeedTree7 Billboard': fallback shader 'Hidden/Universal Render Pipeline/FallbackError' not found
Shader 'Polytope Studio/ PT_Medieval Buildings Shader PBR': fallback shader 'Hidden/Shader Graph/FallbackError' not found
Shader 'Universal Render Pipeline/Complex Lit': fallback shader 'Hidden/Universal Render Pipeline/FallbackError' not found
Shader 'TextMeshPro/Distance Field SSD': fallback shader 'TextMeshPro/Mobile/Distance Field' not found
Shader 'Universal Render Pipeline/Nature/SpeedTree8': fallback shader 'Hidden/Universal Render Pipeline/FallbackError' not found
Shader 'Polytope Studio/ PT_Medieval Buildings Glass Shader PBR': fallback shader 'Hidden/Shader Graph/FallbackError' not found
Shader 'Hidden/Universal Render Pipeline/Terrain/Lit (Add Pass)': fallback shader 'Hidden/Universal Render Pipeline/FallbackError' not found
Shader 'TextMeshPro/Distance Field Overlay': fallback shader 'TextMeshPro/Mobile/Distance Field' not found
Shader 'Universal Render Pipeline/Baked Lit': fallback shader 'Universal Render Pipeline/Unlit' not found
Shader 'TextMeshPro/Distance Field SSD': fallback shader 'TextMeshPro/Mobile/Distance Field' not found
Shader 'Polytope Studio/PT_Rock_Shader': fallback shader 'Hidden/Shader Graph/FallbackError' not found
Shader 'Universal Render Pipeline/Unlit': fallback shader 'Hidden/Universal Render Pipeline/FallbackError' not found
Initialize mono
Mono path[0] = 'C:/Program Files/Unity/Hub/Editor/6000.4.1f1/Editor/Data/Managed'
Mono path[1] = 'C:/Program Files/Unity/Hub/Editor/6000.4.1f1/Editor/Data/MonoBleedingEdge/lib/mono/unityjit-win32'
Mono config path = 'C:/Program Files/Unity/Hub/Editor/6000.4.1f1/Editor/Data/MonoBleedingEdge/etc'
Using monoOptions --debugger-agent=transport=dt_socket,embedding=1,server=y,suspend=n,address=127.0.0.1:56980
CodeReloadManager initialized
Begin MonoManager ReloadAssembly
[Licensing::Client] Error: HandshakeResponse reported an error:
	ResponseCode: 505
	ResponseStatus: Unsupported protocol version '1.18.1'.
[Licensing::Module] Error: Failed to handshake to channel: "LicenseClient-1"
[Licensing::IpcConnector] LicenseClient-1 channel disconnected successfully.
[Licensing::IpcConnector] Successfully connected to: "LicenseClient-1-6000.4.1" at "2026-08-01T11:32:53.2050212Z"
Registering precompiled unity dll's ...
Register platform support module: C:/Program Files/Unity/Hub/Editor/6000.4.1f1/Editor/Data/PlaybackEngines/WindowsStandaloneSupport/UnityEditor.WindowsStandalone.Extensions.dll
Registered in 0.005112 seconds.
Native extension for WindowsStandalone target not found
Package Manager log level set to [2]
[Package Manager] Failed to launch server process. Reason: Unity was launched with the -noUpm command-line argument
[Package Manager] Unable to send message (not connected to server process).
[Package Manager] Cannot connect to Unity Package Manager local server
[Licensing::Client] Handshaking with LicensingClient:
  Version:                 1.18.1+9fbee8e
  Session Id:              e0bca21b5b0e4fb288421de1ff246ca4
  Correlation Id:          c13a0586c865df8c9285fa92adb8e681
  External correlation Id: 2667401417775498929
  Machine Id:              yn1LLGkliLSE6RItUgkxIyDPQkY=
[Licensing::Module] Successfully connected to LicensingClient on channel: "LicenseClient-1-6000.4.1" (connect: 0.00s, validation: 0.00s, handshake: 1.57s)
[Licensing::IpcConnector] Successfully connected to: "LicenseClient-1-6000.4.1-notifications" at "2026-08-01T11:32:54.7794013Z"
[Licensing::Module] Licensing Background thread has ended after 3.23s
ScheduleIndexationOnStartup MainProcess:False IndexOnStartup:True
Mono: successfully reloaded assembly
- Finished resetting the current domain, in  0.856 seconds
Domain Reload Profiling: 1894ms
	BeginReloadAssembly (306ms)
	RebuildCommonClasses (90ms)
	RebuildNativeTypeToScriptingClass (31ms)
	initialDomainReloadingComplete (169ms)
	LoadAllAssembliesAndSetupDomain (439ms)
		LoadAssemblies (295ms)
		AnalyzeDomain (419ms)
			TypeCache.Refresh (417ms)
				TypeCache.ScanAssembly (387ms)
	FinalizeReload (859ms)
		SetupLoadedEditorAssemblies (0ms)
			InitializePlatformSupportModulesInManaged (91ms)
			BeforeProcessingInitializeOnLoad (211ms)
			ProcessInitializeOnLoadAttributes (254ms)
			ProcessInitializeOnLoadMethodAttributes (170ms)
========================================================================
Worker process is ready to serve import requests
Import Worker Mode flag is 0x00
Begin MonoManager ReloadAssembly
[Licensing::Client] Successfully resolved entitlement details
[Licensing::Module] License group:
  Id: F4-QRE9-8MP4-8W6G-CU99-XXXX
  Product: Unity Personal
  Type: ULF
  Expiration: Unlimited
[Licensing::Module] License group:
  Id: 115982-UnityPersXXXX
  Product: Unity Personal
  Type: Assigned
  Expiration: Unlimited
Assembly Assembly-CSharp-Editor-firstpass.dll at Library/ScriptAssemblies/Assembly-CSharp-Editor-firstpass.dll not valid. Loading of assembly skipped.
Assembly DocCodeExamples.dll at Library/ScriptAssemblies/DocCodeExamples.dll not valid. Loading of assembly skipped.
Assembly TestNewCustomAssembly.dll at Library/ScriptAssemblies/TestNewCustomAssembly.dll not valid. Loading of assembly skipped.
Assembly Unity.Collections.BurstCompatibilityGen.dll at Library/ScriptAssemblies/Unity.Collections.BurstCompatibilityGen.dll not valid. Loading of assembly skipped.
Assembly Unity.Collections.DocCodeSamples.dll at Library/ScriptAssemblies/Unity.Collections.DocCodeSamples.dll not valid. Loading of assembly skipped.
Assembly Unity.Collections.PerformanceTests.dll at Library/ScriptAssemblies/Unity.Collections.PerformanceTests.dll not valid. Loading of assembly skipped.
Assembly Unity.Collections.Tests.dll at Library/ScriptAssemblies/Unity.Collections.Tests.dll not valid. Loading of assembly skipped.
Assembly Unity.Collections.Tests.Playmode.dll at Library/ScriptAssemblies/Unity.Collections.Tests.Playmode.dll not valid. Loading of assembly skipped.
Assembly Unity.Mathematics.Tests.dll at Library/ScriptAssemblies/Unity.Mathematics.Tests.dll not valid. Loading of assembly skipped.
Assembly Unity.Multiplayer.Center.Editor.Tests.dll at Library/ScriptAssemblies/Unity.Multiplayer.Center.Editor.Tests.dll not valid. Loading of assembly skipped.
Assembly Unity.Multiplayer.Center.Tests.dll at Library/ScriptAssemblies/Unity.Multiplayer.Center.Tests.dll not valid. Loading of assembly skipped.
Assembly Unity.Nuget.Mono-Cecil.dll at Library/ScriptAssemblies/Unity.Nuget.Mono-Cecil.dll not valid. Loading of assembly skipped.
Assembly Unity.PathTracing.Editor.Tests.dll at Library/ScriptAssemblies/Unity.PathTracing.Editor.Tests.dll not valid. Loading of assembly skipped.
Assembly Unity.PathTracing.Runtime.Tests.dll at Library/ScriptAssemblies/Unity.PathTracing.Runtime.Tests.dll not valid. Loading of assembly skipped.
Assembly Unity.Performance.Profile-Analyzer.EditorTests.dll at Library/ScriptAssemblies/Unity.Performance.Profile-Analyzer.EditorTests.dll not valid. Loading of assembly skipped.
Assembly Unity.Postprocessing.Editor.Tests.dll at Library/ScriptAssemblies/Unity.Postprocessing.Editor.Tests.dll not valid. Loading of assembly skipped.
Assembly Unity.Postprocessing.Runtime.Tests.dll at Library/ScriptAssemblies/Unity.Postprocessing.Runtime.Tests.dll not valid. Loading of assembly skipped.
Assembly Unity.RenderPipelines.Core.Editor.Tests.dll at Library/ScriptAssemblies/Unity.RenderPipelines.Core.Editor.Tests.dll not valid. Loading of assembly skipped.
Assembly Unity.RenderPipelines.Core.Runtime.Tests.dll at Library/ScriptAssemblies/Unity.RenderPipelines.Core.Runtime.Tests.dll not valid. Loading of assembly skipped.
Assembly Unity.RenderPipelines.Universal.Config.Editor.Tests.dll at Library/ScriptAssemblies/Unity.RenderPipelines.Universal.Config.Editor.Tests.dll not valid. Loading of assembly skipped.
Assembly Unity.RenderPipelines.Universal.Editor.Tests.dll at Library/ScriptAssemblies/Unity.RenderPipelines.Universal.Editor.Tests.dll not valid. Loading of assembly skipped.
Assembly Unity.RenderPipelines.Universal.Runtime.Tests.dll at Library/ScriptAssemblies/Unity.RenderPipelines.Universal.Runtime.Tests.dll not valid. Loading of assembly skipped.
Assembly Unity.Searcher.EditorTests.dll at Library/ScriptAssemblies/Unity.Searcher.EditorTests.dll not valid. Loading of assembly skipped.
Assembly Unity.Settings.Tests.dll at Library/ScriptAssemblies/Unity.Settings.Tests.dll not valid. Loading of assembly skipped.
Assembly Unity.ShaderGraph.Editor.Tests.dll at Library/ScriptAssemblies/Unity.ShaderGraph.Editor.Tests.dll not valid. Loading of assembly skipped.
Assembly Unity.TestTools.CodeCoverage.Editor.Compatibility.dll at Library/ScriptAssemblies/Unity.TestTools.CodeCoverage.Editor.Compatibility.dll not valid. Loading of assembly skipped.
Assembly Unity.TextMeshPro.Editor.Tests.dll at Library/ScriptAssemblies/Unity.TextMeshPro.Editor.Tests.dll not valid. Loading of assembly skipped.
Assembly Unity.TextMeshPro.Tests.dll at Library/ScriptAssemblies/Unity.TextMeshPro.Tests.dll not valid. Loading of assembly skipped.
Assembly Unity.UnifiedRayTracing.Editor.Tests.dll at Library/ScriptAssemblies/Unity.UnifiedRayTracing.Editor.Tests.dll not valid. Loading of assembly skipped.
Assembly UnityEditor.UI.Common.Tests.dll at Library/ScriptAssemblies/UnityEditor.UI.Common.Tests.dll not valid. Loading of assembly skipped.
Assembly UnityEditor.UI.EditorTests.dll at Library/ScriptAssemblies/UnityEditor.UI.EditorTests.dll not valid. Loading of assembly skipped.
Assembly UnityEngine.UI.Tests.dll at Library/ScriptAssemblies/UnityEngine.UI.Tests.dll not valid. Loading of assembly skipped.
Script 'Tree' has the same name as built-in Unity component.
AddComponent and GetComponent will not work with this script.
Shader 'Universal Render Pipeline/Terrain/Lit': fallback shader 'Hidden/Universal Render Pipeline/FallbackError' not found
Shader 'Universal Render Pipeline/Terrain/Lit': dependency 'AddPassShader' shader 'Hidden/Universal Render Pipeline/Terrain/Lit (Add Pass)' not found
Shader 'Universal Render Pipeline/Terrain/Lit': dependency 'BaseMapShader' shader 'Hidden/Universal Render Pipeline/Terrain/Lit (Base Pass)' not found
Shader 'Universal Render Pipeline/Terrain/Lit': dependency 'BaseMapGenShader' shader 'Hidden/Universal Render Pipeline/Terrain/Lit (Basemap Gen)' not found
Native extension for WindowsStandalone target not found
[Package Manager] Failed to launch server process. Reason: Unity was launched with the -noUpm command-line argument
[Package Manager] Unable to send message (not connected to server process).
[Package Manager] Cannot connect to Unity Package Manager local server
[MODES] ModeService[none].Initialize
[MODES] ModeService[none].LoadModes
[MODES] Loading mode Default (0) for mode-current-id-Mineblock
Refreshing native plugins compatible for Editor in 2.80 ms, found 4 plugins.
[Package Manager] Failed to launch server process. Reason: Unity was launched with the -noUpm command-line argument
[Package Manager] Unable to send message (not connected to server process).
[Package Manager] Cannot connect to Unity Package Manager local server
ScheduleIndexationOnStartup MainProcess:False IndexOnStartup:True
Mono: successfully reloaded assembly
- Finished resetting the current domain, in  2.129 seconds
Domain Reload Profiling: 3998ms
	BeginReloadAssembly (407ms)
		DisableScriptedObjects (18ms)
		CreateAndSetChildDomain (53ms)
	RebuildCommonClasses (68ms)
	RebuildNativeTypeToScriptingClass (22ms)
	initialDomainReloadingComplete (146ms)
	LoadAllAssembliesAndSetupDomain (1226ms)
		LoadAssemblies (840ms)
		AnalyzeDomain (585ms)
			TypeCache.Refresh (412ms)
				TypeCache.ScanAssembly (379ms)
			BuildScriptInfoCaches (142ms)
			ResolveRequiredComponents (28ms)
	FinalizeReload (2130ms)
		SetupLoadedEditorAssemblies (0ms)
			InitializePlatformSupportModulesInManaged (3ms)
			BeforeProcessingInitializeOnLoad (446ms)
			ProcessInitializeOnLoadAttributes (1082ms)
			ProcessInitializeOnLoadMethodAttributes (150ms)
			AfterProcessingInitializeOnLoad (15ms)
		AwakeInstancesAfterBackupRestoration (10ms)
WARNING: Shader Unsupported: 'Hidden/Universal Render Pipeline/Terrain/Lit (Base Pass)' - All subshaders removed
WARNING: Shader Did you use #pragma only_renderers and omit this platform?
WARNING: Shader If subshaders removal was intentional, you may have forgotten turning Fallback off?
Launched and connected shader compiler UnityShaderCompiler.exe after 0.03 seconds
Refreshing native plugins compatible for Editor in 2.32 ms, found 4 plugins.
Unloading 37 Unused Serialized files (Serialized files now loaded: 0)
Unloading 6652 unused Assets / (7.8 MB). Loaded Objects now: 7520.
Memory consumption went from 169.3 MB to 161.5 MB.
Total: 15.556200 ms (FindLiveObjects: 1.026400 ms CreateObjectMapping: 0.578200 ms MarkObjects: 9.146800 ms  DeleteObjects: 4.801500 ms)

========================================================================
Received Import Request.
  Time since last request: 251674.940005 seconds.
  path: Assets/Imports/LPEnvirement/Lowpoly_Environments/URP
  importAddress: Guid(72f7e9b6836e7ee40b8f94a8acf784e6) Importer(2089858483,b0f066a214c2f5e87bad3c948f4d605d)
Start importing Assets/Imports/LPEnvirement/Lowpoly_Environments/URP using Guid(72f7e9b6836e7ee40b8f94a8acf784e6) Importer(2089858483,b0f066a214c2f5e87bad3c948f4d605d) (ScriptedImporter) -> (Import Result ID: 'cb25d7e0ff1f7b353f65eac1c9c9674f') in 0.1137596 seconds [static and dynamic dependencies]. Details - ImportResultOutputID=d86d2b677af523101f26134ee41a145b DependenciesID=29c8da6381933a22b66c13390ffa33b7 StaticDependenciesID=97f004d3d439f669d21bbe679e593dcf 
Number of updated asset objects reloaded before import = 0Number of asset objects unloaded after import = 1

========================================================================
Received Import Request.
  Time since last request: 0.000028 seconds.
  path: Assets/Terrain Assets
  importAddress: Guid(daeb5cd6cdf2548318158d5d689f6fe4) Importer(2089858483,b0f066a214c2f5e87bad3c948f4d605d)
Start importing Assets/Terrain Assets using Guid(daeb5cd6cdf2548318158d5d689f6fe4) Importer(2089858483,b0f066a214c2f5e87bad3c948f4d605d) (ScriptedImporter) -> (Import Result ID: 'd1300d6976bb339e4caf51d497a754de') in 0.017905 seconds [static and dynamic dependencies]. Details - ImportResultOutputID=b25ba1db01fd1521b4583ab6d3a2d3ee DependenciesID=c96bae6e8d508340b4067290c3531cdb StaticDependenciesID=5626970f9a2805da5ce43070c59fe3c1 
Number of updated asset objects reloaded before import = 0Number of asset objects unloaded after import = 1

========================================================================
Received Import Request.
  Time since last request: 0.000028 seconds.
  path: Assets/WeaponsAndPropsAssetPack_NAS/Assets/Breakables/SimpleCup
  importAddress: Guid(0ac90797afa9bd2459aabad5cf96252d) Importer(2089858483,b0f066a214c2f5e87bad3c948f4d605d)
Start importing Assets/WeaponsAndPropsAssetPack_NAS/Assets/Breakables/SimpleCup using Guid(0ac90797afa9bd2459aabad5cf96252d) Importer(2089858483,b0f066a214c2f5e87bad3c948f4d605d) (ScriptedImporter) -> (Import Result ID: '240afcb15df7441bb319813aa2e3402b') in 0.0170284 seconds [static and dynamic dependencies]. Details - ImportResultOutputID=6f641806f79b9beeef0aeb89b494a900 DependenciesID=217ae50e7e16cf11ccfbb9008f569aca StaticDependenciesID=13dafe73b3c7429b566de3821ba98e3e 
Number of updated asset objects reloaded before import = 0Number of asset objects unloaded after import = 1

========================================================================
Received Import Request.
  Time since last request: 0.000038 seconds.
  path: Assets/Kevin Iglesias/Human Animations/Animations/Male
  importAddress: Guid(f2c0bdf39740723408c784517a995932) Importer(2089858483,b0f066a214c2f5e87bad3c948f4d605d)
Start importing Assets/Kevin Iglesias/Human Animations/Animations/Male using Guid(f2c0bdf39740723408c784517a995932) Importer(2089858483,b0f066a214c2f5e87bad3c948f4d605d) (ScriptedImporter) -> (Import Result ID: 'e0f7d0593da7561a3ab09d6124e93605') in 0.01484 seconds [static and dynamic dependencies]. Details - ImportResultOutputID=15615d18164cca8a4a901c4ea57d2c07 DependenciesID=7c97495f69602014cc7101b15d078de4 StaticDependenciesID=94e2b8d097e37e31e42feee06870a10f 
Number of updated asset objects reloaded before import = 0Number of asset objects unloaded after import = 1

========================================================================
Received Import Request.
  Time since last request: 0.000024 seconds.
  path: Assets/Imports/LPEnvirement/Lowpoly_Demos/Environment_Free/Helpers
  importAddress: Guid(290c306efce63f0419ccb2974a325792) Importer(2089858483,b0f066a214c2f5e87bad3c948f4d605d)
Start importing Assets/Imports/LPEnvirement/Lowpoly_Demos/Environment_Free/Helpers using Guid(290c306efce63f0419ccb2974a325792) Importer(2089858483,b0f066a214c2f5e87bad3c948f4d605d) (ScriptedImporter) -> (Import Result ID: 'e2489e91ea3cfc38677cb9c5f5b2c345') in 0.0168481 seconds [static and dynamic dependencies]. Details - ImportResultOutputID=9f3315f7ece44e6f6275e67f85a405f6 DependenciesID=139f64ee064c73923deb86e0fb87d023 StaticDependenciesID=3ed1bf8dd824b983327e2ce25f4a51bc 
Number of updated asset objects reloaded before import = 0Number of asset objects unloaded after import = 1

========================================================================
Received Import Request.
  Time since last request: 0.000029 seconds.
  path: Assets/WeaponsAndPropsAssetPack_NAS/Prefabs/Containers
  importAddress: Guid(5ec1f6a0507050e4f8aab950768f9259) Importer(2089858483,b0f066a214c2f5e87bad3c948f4d605d)
Start importing Assets/WeaponsAndPropsAssetPack_NAS/Prefabs/Containers using Guid(5ec1f6a0507050e4f8aab950768f9259) Importer(2089858483,b0f066a214c2f5e87bad3c948f4d605d) (ScriptedImporter) -> (Import Result ID: '71f080fe4698ff3fdd5d7440eb4ce67b') in 0.019602 seconds [static and dynamic dependencies]. Details - ImportResultOutputID=aa33ae79b1280d590f420e8f45fa9390 DependenciesID=1ae77c8a948939f6dd01373fabcabcaf StaticDependenciesID=083483f1dc0646e369812c4b2985e393 
Number of updated asset objects reloaded before import = 0Number of asset objects unloaded after import = 1

========================================================================
Received Import Request.
  Time since last request: 0.000027 seconds.
  path: Assets/Sprites
  importAddress: Guid(8426fbc7166b52f429836828a6f5b124) Importer(2089858483,b0f066a214c2f5e87bad3c948f4d605d)
Start importing Assets/Sprites using Guid(8426fbc7166b52f429836828a6f5b124) Importer(2089858483,b0f066a214c2f5e87bad3c948f4d605d) (ScriptedImporter) -> (Import Result ID: '97b31d24272d61217396e293de279075') in 0.0172089 seconds [static and dynamic dependencies]. Details - ImportResultOutputID=0761550e0113aae21fa8fe281cb9a613 DependenciesID=c00c67b55436f5d4e15cb65fd6190d03 StaticDependenciesID=1b29dab724f67c51a315840b8a1eef12 
Number of updated asset objects reloaded before import = 0Number of asset objects unloaded after import = 1

========================================================================
Received Import Request.
  Time since last request: 0.000034 seconds.
  path: Assets/Materials/MapTexture.renderTexture
  importAddress: Guid(2bfcf638b7a4f9644ae6eb5ce325362f) Importer(2089858483,b0f066a214c2f5e87bad3c948f4d605d)
Start importing Assets/Materials/MapTexture.renderTexture using Guid(2bfcf638b7a4f9644ae6eb5ce325362f) Importer(2089858483,b0f066a214c2f5e87bad3c948f4d605d) (ScriptedImporter) -> (Import Result ID: 'ae8ec2ad7b662427aeeac964d64ba468') in 0.0675144 seconds [static and dynamic dependencies]. Details - ImportResultOutputID=a8c6de141f4e7d25b726ccc1c830b660 DependenciesID=d53b890039e896fa957c5065f0a757d4 StaticDependenciesID=7016975cf3322f6b3c8f515611816910 
Number of updated asset objects reloaded before import = 0Number of asset objects unloaded after import = 1

========================================================================
Received Import Request.
  Time since last request: 0.000039 seconds.
  path: Assets/Kevin Iglesias/Human Animations/Unity Demo Scenes/Human Crafting Animations/Materials
  importAddress: Guid(ce027327844f2d1499f15095912dedf5) Importer(2089858483,b0f066a214c2f5e87bad3c948f4d605d)
Start importing Assets/Kevin Iglesias/Human Animations/Unity Demo Scenes/Human Crafting Animations/Materials using Guid(ce027327844f2d1499f15095912dedf5) Importer(2089858483,b0f066a214c2f5e87bad3c948f4d605d) (ScriptedImporter) -> (Import Result ID: '72d321990dbcb035f1bb0369e38a15d5') in 0.0145287 seconds [static and dynamic dependencies]. Details - ImportResultOutputID=f0f2e21ec1460134391ae6582569dc46 DependenciesID=aac5ebe62bc7759fe5a4da7ca3e10465 StaticDependenciesID=58a6c2c6f7a07e17c2b5ff185b40d568 
Number of updated asset objects reloaded before import = 0Number of asset objects unloaded after import = 1

========================================================================
Received Import Request.
  Time since last request: 0.000025 seconds.
  path: Assets/TextMesh Pro/Resources
  importAddress: Guid(243e06394e614e5d99fab26083b707fa) Importer(2089858483,b0f066a214c2f5e87bad3c948f4d605d)
Start importing Assets/TextMesh Pro/Resources using Guid(243e06394e614e5d99fab26083b707fa) Importer(2089858483,b0f066a214c2f5e87bad3c948f4d605d) (ScriptedImporter) -> (Import Result ID: 'a575059a28eaf4b9ef83cdfe2914ce8c') in 0.0182826 seconds [static and dynamic dependencies]. Details - ImportResultOutputID=aa12333b908a3007ae6abd18f5c4691e DependenciesID=b8fbc50f8ca4eb3a9879fb56384a5942 StaticDependenciesID=21d25fb14a363e3fc0145f52d82dcb88 
Number of updated asset objects reloaded before import = 0Number of asset objects unloaded after import = 1

========================================================================
Received Import Request.
  Time since last request: 0.000036 seconds.
  path: Assets/BOXOPHOBIC/Utils/Editor/StyledGUI
  importAddress: Guid(fc8151a5575c1f748a8a1a1c26b45bda) Importer(2089858483,b0f066a214c2f5e87bad3c948f4d605d)
Start importing Assets/BOXOPHOBIC/Utils/Editor/StyledGUI using Guid(fc8151a5575c1f748a8a1a1c26b45bda) Importer(2089858483,b0f066a214c2f5e87bad3c948f4d605d) (ScriptedImporter) -> (Import Result ID: '54f50e76a25e2ce772934dd0e3411a01') in 0.0151977 seconds [static and dynamic dependencies]. Details - ImportResultOutputID=296087f2ffa1d57ad088c3f298422f31 DependenciesID=abc8b5176c24d91f0d145964f034491e StaticDependenciesID=47d88a5c88ebccc647fa2ddebaeb9693 
Number of updated asset objects reloaded before import = 0Number of asset objects unloaded after import = 1

========================================================================
Received Import Request.
  Time since last request: 0.000024 seconds.
  path: Assets/AllSkyFree/Deep Dusk
  importAddress: Guid(6e2365a3b549547b998c293780300ffe) Importer(2089858483,b0f066a214c2f5e87bad3c948f4d605d)
Start importing Assets/AllSkyFree/Deep Dusk using Guid(6e2365a3b549547b998c293780300ffe) Importer(2089858483,b0f066a214c2f5e87bad3c948f4d605d) (ScriptedImporter) -> (Import Result ID: '82bc644595f9afdaef99ea4c5e437be3') in 0.0162615 seconds [static and dynamic dependencies]. Details - ImportResultOutputID=36ed2536621c7cc68ad3ad7e2e66634b DependenciesID=82c5b7b768f3fa94f6d108a6d2337e8f StaticDependenciesID=add1bb7f5dc068f218694419e4a04ca3 
Number of updated asset objects reloaded before import = 0Number of asset objects unloaded after import = 1

========================================================================
Received Import Request.
  Time since last request: 0.000020 seconds.
  path: Assets/Imports/LPEnvirement/Lowpoly_Village/Prefabs/Modular/Fence
  importAddress: Guid(3d254d49ff5ec1f458f7a2fbae9555d2) Importer(2089858483,b0f066a214c2f5e87bad3c948f4d605d)
Start importing Assets/Imports/LPEnvirement/Lowpoly_Village/Prefabs/Modular/Fence using Guid(3d254d49ff5ec1f458f7a2fbae9555d2) Importer(2089858483,b0f066a214c2f5e87bad3c948f4d605d) (ScriptedImporter) -> (Import Result ID: '9f17c6f21eebe3609ccc5e6a1e17aac6') in 0.0174097 seconds [static and dynamic dependencies]. Details - ImportResultOutputID=231e138962bffd7b75bbcba06db94cc7 DependenciesID=3b06708f0bad7b33dda5d79211c607a3 StaticDependenciesID=1f1fa88def154f273c0ceee17342ca18 
Number of updated asset objects reloaded before import = 0Number of asset objects unloaded after import = 1

========================================================================
Received Import Request.
  Time since last request: 0.000025 seconds.
  path: Assets/Imports/LPAnimals/LOW POLY CUBIC - Goat and Sheep Pack/Sk_mesh
  importAddress: Guid(d77baf7a885e5ba468c61b2c23c81842) Importer(2089858483,b0f066a214c2f5e87bad3c948f4d605d)
Start importing Assets/Imports/LPAnimals/LOW POLY CUBIC - Goat and Sheep Pack/Sk_mesh using Guid(d77baf7a885e5ba468c61b2c23c81842) Importer(2089858483,b0f066a214c2f5e87bad3c948f4d605d) (ScriptedImporter) -> (Import Result ID: 'd93f2ae72a078cf8a776648380f184a9') in 0.0163173 seconds [static and dynamic dependencies]. Details - ImportResultOutputID=847d2f47b0047af8cec8b670f3934431 DependenciesID=8f0c8c4efffbbb91398eb6764acd5d04 StaticDependenciesID=41a0fef23908301bd60c070b556f15d2 
Number of updated asset objects reloaded before import = 0Number of asset objects unloaded after import = 1

========================================================================
Received Import Request.
  Time since last request: 0.000035 seconds.
  path: Assets/BOXOPHOBIC/Skybox Cubemap Extended/Demo/Materials
  importAddress: Guid(c9b38d24bd7dd82478569cff449862e6) Importer(2089858483,b0f066a214c2f5e87bad3c948f4d605d)
Start importing Assets/BOXOPHOBIC/Skybox Cubemap Extended/Demo/Materials using Guid(c9b38d24bd7dd82478569cff449862e6) Importer(2089858483,b0f066a214c2f5e87bad3c948f4d605d) (ScriptedImporter) -> (Import Result ID: '52c250802475db4145e97dd71b1d6d7f') in 0.0157234 seconds [static and dynamic dependencies]. Details - ImportResultOutputID=fc54a82235d30f1c1ab5665c97bdafe2 DependenciesID=a743ac1dda1f1ce4b42c2acd968fa2a6 StaticDependenciesID=1f60caddd3cc106f0d8f2903cadc3087 
Number of updated asset objects reloaded before import = 0Number of asset objects unloaded after import = 1

========================================================================
Received Import Request.
  Time since last request: 0.000026 seconds.
  path: Assets/WeaponsAndPropsAssetPack_NAS/Assets/Breakables/Vases
  importAddress: Guid(e1809735654edb447b48d4db015721b9) Importer(2089858483,b0f066a214c2f5e87bad3c948f4d605d)
Start importing Assets/WeaponsAndPropsAssetPack_NAS/Assets/Breakables/Vases using Guid(e1809735654edb447b48d4db015721b9) Importer(2089858483,b0f066a214c2f5e87bad3c948f4d605d) (ScriptedImporter) -> (Import Result ID: '748b6ea55b41002fac560809d9225f03') in 0.0155486 seconds [static and dynamic dependencies]. Details - ImportResultOutputID=4039d77dc85e5d5f45eae1c5a0d6771a DependenciesID=0c431e35b77f3100581083ced280ecd6 StaticDependenciesID=4e1f1132416effa074c8a5fd8ca2738c 
Number of updated asset objects reloaded before import = 0Number of asset objects unloaded after import = 1

========================================================================
Received Import Request.
  Time since last request: 0.000019 seconds.
  path: Assets/BOXOPHOBIC/Skybox Cubemap Extended/Core/Shaders
  importAddress: Guid(3b6da9a14738342458c02d013681c892) Importer(2089858483,b0f066a214c2f5e87bad3c948f4d605d)
Start importing Assets/BOXOPHOBIC/Skybox Cubemap Extended/Core/Shaders using Guid(3b6da9a14738342458c02d013681c892) Importer(2089858483,b0f066a214c2f5e87bad3c948f4d605d) (ScriptedImporter) -> (Import Result ID: 'a5096c01cd3131f392b26decaf49bb4c') in 0.0156942 seconds [static and dynamic dependencies]. Details - ImportResultOutputID=5b93299fd5eeca0dd91a93037af6c8a5 DependenciesID=fca120246cec7bf1b36c574a122b46e2 StaticDependenciesID=cc6386b331843b0cda41c0b647faee0c 
Number of updated asset objects reloaded before import = 0Number of asset objects unloaded after import = 1

========================================================================
Received Import Request.
  Time since last request: 0.000022 seconds.
  path: Assets/AllSkyFree/Cartoon Base BlueSky
  importAddress: Guid(9f633969e0c5e4bfeba8bb43b5348d81) Importer(2089858483,b0f066a214c2f5e87bad3c948f4d605d)
Start importing Assets/AllSkyFree/Cartoon Base BlueSky using Guid(9f633969e0c5e4bfeba8bb43b5348d81) Importer(2089858483,b0f066a214c2f5e87bad3c948f4d605d) (ScriptedImporter) -> (Import Result ID: '65c68a1503d854effed03a0b640060f3') in 0.0170157 seconds [static and dynamic dependencies]. Details - ImportResultOutputID=aa5f2359b155e7be0cdff6e2dc7dc6a3 DependenciesID=3caf08ef996d9285d1a13c4591d3d61a StaticDependenciesID=f29dca6719d7a76403d46f6e1ea33d67 
Number of updated asset objects reloaded before import = 0Number of asset objects unloaded after import = 1

========================================================================
Received Import Request.
  Time since last request: 0.000038 seconds.
  path: Assets/WeaponsAndPropsAssetPack_NAS/Prefabs/Weapons
  importAddress: Guid(746a6e75f5bd5df48a3349371a7da542) Importer(2089858483,b0f066a214c2f5e87bad3c948f4d605d)
Start importing Assets/WeaponsAndPropsAssetPack_NAS/Prefabs/Weapons using Guid(746a6e75f5bd5df48a3349371a7da542) Importer(2089858483,b0f066a214c2f5e87bad3c948f4d605d) (ScriptedImporter) -> (Import Result ID: 'e13c555d0fc8bac1058b05a14218eb47') in 0.0150016 seconds [static and dynamic dependencies]. Details - ImportResultOutputID=2e63e95cc404605f1006343233fd0600 DependenciesID=ea2ae9a4f4ed2f5474c0b1794f239351 StaticDependenciesID=763bd1c9763ca6b9e251995e1803ebce 
Number of updated asset objects reloaded before import = 0Number of asset objects unloaded after import = 1

========================================================================
Received Import Request.
  Time since last request: 0.000021 seconds.
  path: Assets/Kevin Iglesias/Human Animations
  importAddress: Guid(b6e7451db795eb14b8b86c01246b4e45) Importer(2089858483,b0f066a214c2f5e87bad3c948f4d605d)
Start importing Assets/Kevin Iglesias/Human Animations using Guid(b6e7451db795eb14b8b86c01246b4e45) Importer(2089858483,b0f066a214c2f5e87bad3c948f4d605d) (ScriptedImporter) -> (Import Result ID: 'ec6b6b0fe999c51f41f85d3d6e176dc4') in 0.0155266 seconds [static and dynamic dependencies]. Details - ImportResultOutputID=f5af15c429e25b8521ba512616294d3a DependenciesID=9e62902f5c2695e9ac15ddfc3fab619a StaticDependenciesID=6beb2b9900979f53fef3f28ca17b78bf 
Number of updated asset objects reloaded before import = 0Number of asset objects unloaded after import = 1

========================================================================
Received Import Request.
  Time since last request: 0.000020 seconds.
  path: Assets/WeaponsAndPropsAssetPack_NAS/Prefabs/Knives
  importAddress: Guid(0e5019f497a2f3048a4882eff53c5158) Importer(2089858483,b0f066a214c2f5e87bad3c948f4d605d)
Start importing Assets/WeaponsAndPropsAssetPack_NAS/Prefabs/Knives using Guid(0e5019f497a2f3048a4882eff53c5158) Importer(2089858483,b0f066a214c2f5e87bad3c948f4d605d) (ScriptedImporter) -> (Import Result ID: '82f716c504c3a37d03300c12ac474730') in 0.0156732 seconds [static and dynamic dependencies]. Details - ImportResultOutputID=7447a1624739210da6020c6655275738 DependenciesID=240a806f288e2775c8e0464af2e3bc83 StaticDependenciesID=790c5fa4e1584dfe43095f557cfb89ca 
Number of updated asset objects reloaded before import = 0Number of asset objects unloaded after import = 1

========================================================================
Received Import Request.
  Time since last request: 0.000029 seconds.
  path: Assets/UI Elements/Assets/UI Elements/Extras/ProgressBars
  importAddress: Guid(9bce2404c8c2f4e46b26185d409cd048) Importer(2089858483,b0f066a214c2f5e87bad3c948f4d605d)
Start importing Assets/UI Elements/Assets/UI Elements/Extras/ProgressBars using Guid(9bce2404c8c2f4e46b26185d409cd048) Importer(2089858483,b0f066a214c2f5e87bad3c948f4d605d) (ScriptedImporter) -> (Import Result ID: 'af9b4dc725b2ab9a7161751af596353c') in 0.0171648 seconds [static and dynamic dependencies]. Details - ImportResultOutputID=4bfacb0563460c38d07deb2f1c8a9f4e DependenciesID=5f29252b5fba557e201e9be5b0e0f00b StaticDependenciesID=868098647c9007e9343859f79229b4c5 
Number of updated asset objects reloaded before import = 0Number of asset objects unloaded after import = 1

========================================================================
Received Import Request.
  Time since last request: 0.000036 seconds.
  path: Assets/Prefabs
  importAddress: Guid(dee038f94127a264b91ec7d16de8308b) Importer(2089858483,b0f066a214c2f5e87bad3c948f4d605d)
Start importing Assets/Prefabs using Guid(dee038f94127a264b91ec7d16de8308b) Importer(2089858483,b0f066a214c2f5e87bad3c948f4d605d) (ScriptedImporter) -> (Import Result ID: '5c058105189607ad6cfaea9a6c682c99') in 0.0170159 seconds [static and dynamic dependencies]. Details - ImportResultOutputID=b232c1cec69aac2c3541684cb7ccc78b DependenciesID=c9996541e4f3891044b5f07c39c86648 StaticDependenciesID=536b3de9e51cfc09fcad68d9960fe03e 
Number of updated asset objects reloaded before import = 0Number of asset objects unloaded after import = 1

========================================================================
Received Import Request.
  Time since last request: 0.000024 seconds.
  path: Assets/Imports/Tools/Meshes
  importAddress: Guid(a5d30c5cb49675a4a890f0fb7570fb22) Importer(2089858483,b0f066a214c2f5e87bad3c948f4d605d)
Start importing Assets/Imports/Tools/Meshes using Guid(a5d30c5cb49675a4a890f0fb7570fb22) Importer(2089858483,b0f066a214c2f5e87bad3c948f4d605d) (ScriptedImporter) -> (Import Result ID: '0b80001f232b00983a9df92a86507b65') in 0.0149168 seconds [static and dynamic dependencies]. Details - ImportResultOutputID=ba4cac39e189ea3116f362c9cc4865c6 DependenciesID=65d220a02ee65b463b44c0e0cf72256f StaticDependenciesID=43458aaa84360f14cdfaee8be36f0262 
Number of updated asset objects reloaded before import = 0Number of asset objects unloaded after import = 1

========================================================================
Received Import Request.
  Time since last request: 0.000027 seconds.
  path: Assets/BOXOPHOBIC/Skybox Cubemap Extended
  importAddress: Guid(7c12b8c7ce1c9b248899f73bc819362d) Importer(2089858483,b0f066a214c2f5e87bad3c948f4d605d)
Start importing Assets/BOXOPHOBIC/Skybox Cubemap Extended using Guid(7c12b8c7ce1c9b248899f73bc819362d) Importer(2089858483,b0f066a214c2f5e87bad3c948f4d605d) (ScriptedImporter) -> (Import Result ID: '059d3e705843589572ac9837bbcc17b0') in 0.0144484 seconds [static and dynamic dependencies]. Details - ImportResultOutputID=afe9f4efcb3ba7f4c74228f6d6d654b3 DependenciesID=2a7f471f14c392ff599a22d903d65095 StaticDependenciesID=1bda4a1d8f576e1d2ddddb33e65075b9 
Number of updated asset objects reloaded before import = 0Number of asset objects unloaded after import = 1

========================================================================
Received Import Request.
  Time since last request: 0.000027 seconds.
  path: Assets/WeaponsAndPropsAssetPack_NAS/Assets/Breakables/ShallowPlate
  importAddress: Guid(cb4917775358db34d9249ce87775712a) Importer(2089858483,b0f066a214c2f5e87bad3c948f4d605d)
Start importing Assets/WeaponsAndPropsAssetPack_NAS/Assets/Breakables/ShallowPlate using Guid(cb4917775358db34d9249ce87775712a) Importer(2089858483,b0f066a214c2f5e87bad3c948f4d605d) (ScriptedImporter) -> (Import Result ID: '4439423b47a541527c46831608873f66') in 0.0144913 seconds [static and dynamic dependencies]. Details - ImportResultOutputID=32016f92afba27810a62385def6de56d DependenciesID=607314bca301af640a9de9373470fb86 StaticDependenciesID=00c00e2b280aae995034bb0b0aeb0b27 
Number of updated asset objects reloaded before import = 0Number of asset objects unloaded after import = 1

========================================================================
Received Import Request.
  Time since last request: 0.000028 seconds.
  path: Assets/TextMesh Pro/Documentation
  importAddress: Guid(8e7e8f5a82a3a134e91c54efd2274ea9) Importer(2089858483,b0f066a214c2f5e87bad3c948f4d605d)
Start importing Assets/TextMesh Pro/Documentation using Guid(8e7e8f5a82a3a134e91c54efd2274ea9) Importer(2089858483,b0f066a214c2f5e87bad3c948f4d605d) (ScriptedImporter) -> (Import Result ID: 'ef927a8211309cdfb7ae9ac58e364c83') in 0.0146759 seconds [static and dynamic dependencies]. Details - ImportResultOutputID=e31e800d00617b912a089b132babc08e DependenciesID=c05d2ae9c27fd10d63d8f5400c9d83dd StaticDependenciesID=2af8b48713b4b949d62c3d7fefc92ea8 
Number of updated asset objects reloaded before import = 0Number of asset objects unloaded after import = 1

========================================================================
Received Import Request.
  Time since last request: 0.000018 seconds.
  path: Assets/Imports/LPAnimals
  importAddress: Guid(57faa93c78c612941bc501835a1e9a92) Importer(2089858483,b0f066a214c2f5e87bad3c948f4d605d)
Start importing Assets/Imports/LPAnimals using Guid(57faa93c78c612941bc501835a1e9a92) Importer(2089858483,b0f066a214c2f5e87bad3c948f4d605d) (ScriptedImporter) -> (Import Result ID: 'd10374345198e6f37190742d03adc656') in 0.0179208 seconds [static and dynamic dependencies]. Details - ImportResultOutputID=e3e6346011d365ed94049268ed0cdba3 DependenciesID=7c90e44a544eb4dc667c8daa3a5bf551 StaticDependenciesID=e1ab6a188a3864e2a9488d5fb8443372 
Number of updated asset objects reloaded before import = 0Number of asset objects unloaded after import = 1

========================================================================
Received Import Request.
  Time since last request: 0.000021 seconds.
  path: Assets/Imports/LPAnimals/LOW POLY CUBIC - Goat and Sheep Pack/Documentation
  importAddress: Guid(3ab0e21c33b0ce843a633314801aa277) Importer(2089858483,b0f066a214c2f5e87bad3c948f4d605d)
Start importing Assets/Imports/LPAnimals/LOW POLY CUBIC - Goat and Sheep Pack/Documentation using Guid(3ab0e21c33b0ce843a633314801aa277) Importer(2089858483,b0f066a214c2f5e87bad3c948f4d605d) (ScriptedImporter) -> (Import Result ID: '5d28ab7164f89cd96333e47b2f171ab9') in 0.0147754 seconds [static and dynamic dependencies]. Details - ImportResultOutputID=3a8831021457eae745f48aae48598291 DependenciesID=f4c8532a48decbd7011c34963f02f6a0 StaticDependenciesID=9a940bd5eb9be5501a161aba1e8a12f8 
Number of updated asset objects reloaded before import = 0Number of asset objects unloaded after import = 1

========================================================================
Received Import Request.
  Time since last request: 0.000030 seconds.
  path: Assets/Kevin Iglesias/Human Animations/Animations/Male/Work/Fishing
  importAddress: Guid(12a965f0a48a85f488ac192a97bc16dd) Importer(2089858483,b0f066a214c2f5e87bad3c948f4d605d)
Start importing Assets/Kevin Iglesias/Human Animations/Animations/Male/Work/Fishing using Guid(12a965f0a48a85f488ac192a97bc16dd) Importer(2089858483,b0f066a214c2f5e87bad3c948f4d605d) (ScriptedImporter) -> (Import Result ID: 'c009c410f759764fcddbb48891ae7ba9') in 0.016625 seconds [static and dynamic dependencies]. Details - ImportResultOutputID=a5cacaca4dbc163d0736af5f9f9699ea DependenciesID=08342d675ee611a1cd6bf676d78b6a66 StaticDependenciesID=52b39fec3b59edbfe0559a57772c32ef 
Number of updated asset objects reloaded before import = 0Number of asset objects unloaded after import = 1

========================================================================
Received Import Request.
  Time since last request: 0.000042 seconds.
  path: Assets/Imports/LPEnvirement/Lowpoly_Village/Sources/Textures
  importAddress: Guid(23d085a7de850f946becfd79d8937027) Importer(2089858483,b0f066a214c2f5e87bad3c948f4d605d)
Start importing Assets/Imports/LPEnvirement/Lowpoly_Village/Sources/Textures using Guid(23d085a7de850f946becfd79d8937027) Importer(2089858483,b0f066a214c2f5e87bad3c948f4d605d) (ScriptedImporter) -> (Import Result ID: '16164caa9362a6e88643ef5cd8b00baa') in 0.0167534 seconds [static and dynamic dependencies]. Details - ImportResultOutputID=9a1b17cc8d14860fa332c2b59727f33d DependenciesID=6b84944d7a4a4c260c7d4d472401255a StaticDependenciesID=cf326a2673df9c84e91515793335ec77 
Number of updated asset objects reloaded before import = 0Number of asset objects unloaded after import = 1

========================================================================
Received Import Request.
  Time since last request: 0.000021 seconds.
  path: Assets/Kevin Iglesias/Human Animations/Unity Demo Scenes
  importAddress: Guid(c2107d18fdd13e046b6b333ce7d88eca) Importer(2089858483,b0f066a214c2f5e87bad3c948f4d605d)
Start importing Assets/Kevin Iglesias/Human Animations/Unity Demo Scenes using Guid(c2107d18fdd13e046b6b333ce7d88eca) Importer(2089858483,b0f066a214c2f5e87bad3c948f4d605d) (ScriptedImporter) -> (Import Result ID: '1f4870ea237bc2e0a67c349ce22c5894') in 0.0134398 seconds [static and dynamic dependencies]. Details - ImportResultOutputID=31ebd16f692dee8692a71ff0c924412a DependenciesID=39adbded0d167457ca9f93974bcd453c StaticDependenciesID=58ecd1b162b6a84701dfc3db51f10884 
Number of updated asset objects reloaded before import = 0Number of asset objects unloaded after import = 1

========================================================================
Received Import Request.
  Time since last request: 0.000020 seconds.
  path: Assets/BOXOPHOBIC/Utils/Editor
  importAddress: Guid(ec787c20784b5df4fb141cad7f986d6b) Importer(2089858483,b0f066a214c2f5e87bad3c948f4d605d)
Start importing Assets/BOXOPHOBIC/Utils/Editor using Guid(ec787c20784b5df4fb141cad7f986d6b) Importer(2089858483,b0f066a214c2f5e87bad3c948f4d605d) (ScriptedImporter) -> (Import Result ID: '1e086a85e0a28671d4d6293fd435bf23') in 0.015422 seconds [static and dynamic dependencies]. Details - ImportResultOutputID=11367b926ad61707acc8773a8f200cfd DependenciesID=c913fd4420f30721b66762f2b77cb984 StaticDependenciesID=c808afbf4828dd7f261cdc10ed475fdc 
Number of updated asset objects reloaded before import = 0Number of asset objects unloaded after import = 1

========================================================================
Received Import Request.
  Time since last request: 0.000025 seconds.
  path: Assets/CraftRecipes/Recipes
  importAddress: Guid(e4099643e089d4e49b576710d04af53c) Importer(2089858483,b0f066a214c2f5e87bad3c948f4d605d)
Start importing Assets/CraftRecipes/Recipes using Guid(e4099643e089d4e49b576710d04af53c) Importer(2089858483,b0f066a214c2f5e87bad3c948f4d605d) (ScriptedImporter) -> (Import Result ID: '5e6d3ba7a6aec8105e81ac2a139c643f') in 0.0188806 seconds [static and dynamic dependencies]. Details - ImportResultOutputID=5e5177f4105f0060eb9b728ad5a244b6 DependenciesID=44efae3a70380f9b2976e36cdbce60a3 StaticDependenciesID=7cd46298d3ae441e8ea5d6484e71a46d 
Number of updated asset objects reloaded before import = 0Number of asset objects unloaded after import = 1

========================================================================
Received Import Request.
  Time since last request: 0.000022 seconds.
  path: Assets/Imports
  importAddress: Guid(194fe52120954814b8e074f979283854) Importer(2089858483,b0f066a214c2f5e87bad3c948f4d605d)
Start importing Assets/Imports using Guid(194fe52120954814b8e074f979283854) Importer(2089858483,b0f066a214c2f5e87bad3c948f4d605d) (ScriptedImporter) -> (Import Result ID: '93db5ee678017dc9ccaccb21d296c4a0') in 0.0170835 seconds [static and dynamic dependencies]. Details - ImportResultOutputID=93bf4150e691888b12dfb561c2cd4eea DependenciesID=aeb8f21f35d9528ae63d8a1a195514d7 StaticDependenciesID=9af2bc3593c3ed65a0355ca75962a948 
Number of updated asset objects reloaded before import = 0Number of asset objects unloaded after import = 1

========================================================================
Received Import Request.
  Time since last request: 0.000023 seconds.
  path: Assets/Items
  importAddress: Guid(f9ebe18fd752c45409ec875a7a86356a) Importer(2089858483,b0f066a214c2f5e87bad3c948f4d605d)
Start importing Assets/Items using Guid(f9ebe18fd752c45409ec875a7a86356a) Importer(2089858483,b0f066a214c2f5e87bad3c948f4d605d) (ScriptedImporter) -> (Import Result ID: 'e8abc926593526ce3bd3da51ca86b8ab') in 0.0162604 seconds [static and dynamic dependencies]. Details - ImportResultOutputID=f4c0daa0304a86f88add2df44a6b3bf7 DependenciesID=10be3b7aed77e6f508da8b85149e7d51 StaticDependenciesID=b351eebd74dc81782a6b0f6b8841a386 
Number of updated asset objects reloaded before import = 0Number of asset objects unloaded after import = 1

========================================================================
Received Import Request.
  Time since last request: 0.000029 seconds.
  path: Assets/Kevin Iglesias/Human Animations/Animations/Male/Work/Mining
  importAddress: Guid(01c4127d20edea24d918c297aa738310) Importer(2089858483,b0f066a214c2f5e87bad3c948f4d605d)
Start importing Assets/Kevin Iglesias/Human Animations/Animations/Male/Work/Mining using Guid(01c4127d20edea24d918c297aa738310) Importer(2089858483,b0f066a214c2f5e87bad3c948f4d605d) (ScriptedImporter) -> (Import Result ID: 'e0827cfc8014051e3c9f2477f7651a74') in 0.0153799 seconds [static and dynamic dependencies]. Details - ImportResultOutputID=4d75a4e64590e2ed420fc9228d0b9e18 DependenciesID=d4a06f4b346a49eaed73e443c044bd10 StaticDependenciesID=623644a6311e2fb26cd7cfa9a83b966a 
Number of updated asset objects reloaded before import = 0Number of asset objects unloaded after import = 1

========================================================================
Received Import Request.
  Time since last request: 0.000031 seconds.
  path: Assets/Rendering
  importAddress: Guid(822adab76bc62f74294e6bfbd43c09ca) Importer(2089858483,b0f066a214c2f5e87bad3c948f4d605d)
Start importing Assets/Rendering using Guid(822adab76bc62f74294e6bfbd43c09ca) Importer(2089858483,b0f066a214c2f5e87bad3c948f4d605d) (ScriptedImporter) -> (Import Result ID: 'f5caa2398fb8007062654262a6252003') in 0.0168499 seconds [static and dynamic dependencies]. Details - ImportResultOutputID=af58b0061306423847aea6d001ef67f3 DependenciesID=896b469ac7626ea17ec012654ae02208 StaticDependenciesID=35b4c65c9921b024b9ee7efc1a83eaf3 
Number of updated asset objects reloaded before import = 0Number of asset objects unloaded after import = 1

========================================================================
Received Import Request.
  Time since last request: 0.000028 seconds.
  path: Assets/CraftRecipes
  importAddress: Guid(7df8be792ce49d34892fd4bffd5b6555) Importer(2089858483,b0f066a214c2f5e87bad3c948f4d605d)
Start importing Assets/CraftRecipes using Guid(7df8be792ce49d34892fd4bffd5b6555) Importer(2089858483,b0f066a214c2f5e87bad3c948f4d605d) (ScriptedImporter) -> (Import Result ID: 'db1d8b0aefc87a0c5422a05e44b75200') in 0.0159643 seconds [static and dynamic dependencies]. Details - ImportResultOutputID=691a12d13996eb0fc96a0c079fddf5ac DependenciesID=0248e759f38659805b6ceec354153350 StaticDependenciesID=64870cc48d214e505b0147628c4e5edc 
Number of updated asset objects reloaded before import = 0Number of asset objects unloaded after import = 1

========================================================================
Received Import Request.
  Time since last request: 0.000030 seconds.
  path: Assets/TextMesh Pro/Examples & Extras/Resources
  importAddress: Guid(d6d3a169ad794942a21da6a552d62f6f) Importer(2089858483,b0f066a214c2f5e87bad3c948f4d605d)
Start importing Assets/TextMesh Pro/Examples & Extras/Resources using Guid(d6d3a169ad794942a21da6a552d62f6f) Importer(2089858483,b0f066a214c2f5e87bad3c948f4d605d) (ScriptedImporter) -> (Import Result ID: '6fc40a4c7f988289d61afccdcb3132d6') in 0.0188017 seconds [static and dynamic dependencies]. Details - ImportResultOutputID=dfc156c749d5f33dde163a494c25c419 DependenciesID=4cb6fa71817dd979c7f70e5df96c7b8d StaticDependenciesID=79680fd907190c113ddc787e45a102d9 
Number of updated asset objects reloaded before import = 0Number of asset objects unloaded after import = 1

========================================================================
Received Import Request.
  Time since last request: 0.000020 seconds.
  path: Assets/Imports/LPEnvirement/Lowpoly_Environments/Prefabs/Mushrooms
  importAddress: Guid(632a57aaa44e49240a71dacd26348c8d) Importer(2089858483,b0f066a214c2f5e87bad3c948f4d605d)
Start importing Assets/Imports/LPEnvirement/Lowpoly_Environments/Prefabs/Mushrooms using Guid(632a57aaa44e49240a71dacd26348c8d) Importer(2089858483,b0f066a214c2f5e87bad3c948f4d605d) (ScriptedImporter) -> (Import Result ID: '737b8ea3ec065866b49d002d44f0a59f') in 0.0148997 seconds [static and dynamic dependencies]. Details - ImportResultOutputID=615caf49c6ca1dad8d3842ae4c288990 DependenciesID=c86ea5fb4a4e2502e9adf9df3d4a2727 StaticDependenciesID=47fa54168a669cee47471e77982ab654 
Number of updated asset objects reloaded before import = 0Number of asset objects unloaded after import = 1

========================================================================
Received Import Request.
  Time since last request: 0.000023 seconds.
  path: Assets/Kevin Iglesias/Human Animations/Animations/Male/Work
  importAddress: Guid(9ead1fd87b3290c4a8395d82cae34689) Importer(2089858483,b0f066a214c2f5e87bad3c948f4d605d)
Start importing Assets/Kevin Iglesias/Human Animations/Animations/Male/Work using Guid(9ead1fd87b3290c4a8395d82cae34689) Importer(2089858483,b0f066a214c2f5e87bad3c948f4d605d) (ScriptedImporter) -> (Import Result ID: '91efd3a50607ceef572f786c8e20b472') in 0.0147245 seconds [static and dynamic dependencies]. Details - ImportResultOutputID=4a8c1b3a62e56ccce7b246680792e493 DependenciesID=581941fa06d70762497c3ef252517e07 StaticDependenciesID=9a1491e32dce752877f4da9dc2b8c6db 
Number of updated asset objects reloaded before import = 0Number of asset objects unloaded after import = 1

========================================================================
Received Import Request.
  Time since last request: 0.000046 seconds.
  path: Assets/Polytope Studio
  importAddress: Guid(cb80985b4f13a7c42ad411242af33fe4) Importer(2089858483,b0f066a214c2f5e87bad3c948f4d605d)
Start importing Assets/Polytope Studio using Guid(cb80985b4f13a7c42ad411242af33fe4) Importer(2089858483,b0f066a214c2f5e87bad3c948f4d605d) (ScriptedImporter) -> (Import Result ID: '88e9764f49c9a560002894f1b4952d76') in 0.0151202 seconds [static and dynamic dependencies]. Details - ImportResultOutputID=d1b87fced063641fae840870a959f8a2 DependenciesID=8dc80aa86b63abeca5f9121db96b7d56 StaticDependenciesID=7372d8e08b442f9a18a856a1d2c96551 
Number of updated asset objects reloaded before import = 0Number of asset objects unloaded after import = 1

========================================================================
Received Import Request.
  Time since last request: 0.000020 seconds.
  path: Assets/BOXOPHOBIC
  importAddress: Guid(e52c7788dab8d5445a92b2be698f6774) Importer(2089858483,b0f066a214c2f5e87bad3c948f4d605d)
Start importing Assets/BOXOPHOBIC using Guid(e52c7788dab8d5445a92b2be698f6774) Importer(2089858483,b0f066a214c2f5e87bad3c948f4d605d) (ScriptedImporter) -> (Import Result ID: '29bf945a7654831bc03a43ea6ebafd01') in 0.0183964 seconds [static and dynamic dependencies]. Details - ImportResultOutputID=d82905f37925020613730fd27a71470e DependenciesID=25d530968f43608693b9258a9dbe2fe3 StaticDependenciesID=6fa1f6003c877c6199b43f9ef83ddeb9 
Number of updated asset objects reloaded before import = 0Number of asset objects unloaded after import = 1

========================================================================
Received Import Request.
  Time since last request: 0.000021 seconds.
  path: Assets/Imports/LPWeapons/Scenes
  importAddress: Guid(51f84ec7e89e74840ad194f14b2f5bff) Importer(2089858483,b0f066a214c2f5e87bad3c948f4d605d)
Start importing Assets/Imports/LPWeapons/Scenes using Guid(51f84ec7e89e74840ad194f14b2f5bff) Importer(2089858483,b0f066a214c2f5e87bad3c948f4d605d) (ScriptedImporter) -> (Import Result ID: '3109c6f22efea2cde466cc47fd496631') in 0.0162527 seconds [static and dynamic dependencies]. Details - ImportResultOutputID=50747413396897fa78f182050014bba8 DependenciesID=7041d82cee683abab1cbdbfcb8196327 StaticDependenciesID=6c90cd3ae4728f82cb80c140c37a38d1 
Number of updated asset objects reloaded before import = 0Number of asset objects unloaded after import = 1

========================================================================
Received Import Request.
  Time since last request: 0.000024 seconds.
  path: Assets/WeaponsAndPropsAssetPack_NAS/Assets/Breakables/Barrel
  importAddress: Guid(5872398038e9b0c4496a539859cafb49) Importer(2089858483,b0f066a214c2f5e87bad3c948f4d605d)
Start importing Assets/WeaponsAndPropsAssetPack_NAS/Assets/Breakables/Barrel using Guid(5872398038e9b0c4496a539859cafb49) Importer(2089858483,b0f066a214c2f5e87bad3c948f4d605d) (ScriptedImporter) -> (Import Result ID: '82493cb22a6fd76400cfcb4aa3fbeeda') in 0.0187544 seconds [static and dynamic dependencies]. Details - ImportResultOutputID=59add13214cf847eb754c34b286d2706 DependenciesID=aeaa575db346dbb8cfdcdfb6a1bcd784 StaticDependenciesID=44dd03495037060f542f5df9021c138e 
Number of updated asset objects reloaded before import = 0Number of asset objects unloaded after import = 1

========================================================================
Received Import Request.
  Time since last request: 0.000168 seconds.
  path: Assets/Imports/LPEnvirement/Lowpoly_Village/Sources
  importAddress: Guid(db696abb7e2d76c409c7c5cdb95101a0) Importer(2089858483,b0f066a214c2f5e87bad3c948f4d605d)
Start importing Assets/Imports/LPEnvirement/Lowpoly_Village/Sources using Guid(db696abb7e2d76c409c7c5cdb95101a0) Importer(2089858483,b0f066a214c2f5e87bad3c948f4d605d) (ScriptedImporter) -> (Import Result ID: '5bcaea88689e61d9b6334f0a97a904c2') in 0.0172303 seconds [static and dynamic dependencies]. Details - ImportResultOutputID=9ff259dbef7a4835d4fdff86601855a0 DependenciesID=a65a799c6d4fdce5546206cceeedff78 StaticDependenciesID=b051542e325c81a32afe8e7add5a066e 
Number of updated asset objects reloaded before import = 0Number of asset objects unloaded after import = 1

========================================================================
Received Import Request.
  Time since last request: 0.000024 seconds.
  path: Assets/BOXOPHOBIC/Utils/Shaders
  importAddress: Guid(b498bcf7c41e80f4b9dabbf6bdbd50c6) Importer(2089858483,b0f066a214c2f5e87bad3c948f4d605d)
Start importing Assets/BOXOPHOBIC/Utils/Shaders using Guid(b498bcf7c41e80f4b9dabbf6bdbd50c6) Importer(2089858483,b0f066a214c2f5e87bad3c948f4d605d) (ScriptedImporter) -> (Import Result ID: '9a85b50f7c3ca4be74fa8e22d030534c') in 0.0188 seconds [static and dynamic dependencies]. Details - ImportResultOutputID=d2d633f96cb993b3402f91d95b05c372 DependenciesID=15384f8501cf3b2818b2f74626caafa2 StaticDependenciesID=3a49f23572ca445003669361ff22d8a8 
Number of updated asset objects reloaded before import = 0Number of asset objects unloaded after import = 1

========================================================================
Received Import Request.
  Time since last request: 0.000020 seconds.
  path: Assets/Prefabs/Items/Tools
  importAddress: Guid(678443ba5593ab54395d1dc1a5844e3a) Importer(2089858483,b0f066a214c2f5e87bad3c948f4d605d)
Start importing Assets/Prefabs/Items/Tools using Guid(678443ba5593ab54395d1dc1a5844e3a) Importer(2089858483,b0f066a214c2f5e87bad3c948f4d605d) (ScriptedImporter) -> (Import Result ID: '7d6d66c0a536e3661343f4c333287496') in 0.0182455 seconds [static and dynamic dependencies]. Details - ImportResultOutputID=4d37232e6cd2c281977d4f950299acc3 DependenciesID=466034e86e71af5da866ba2a870a3833 StaticDependenciesID=1a6df4eedbf17b637a71810f892e85c5 
Number of updated asset objects reloaded before import = 0Number of asset objects unloaded after import = 1

========================================================================
Received Import Request.
  Time since last request: 0.000025 seconds.
  path: Assets/TextMesh Pro/Examples & Extras/Prefabs
  importAddress: Guid(5bff2544887143f5807c7d5059d07f79) Importer(2089858483,b0f066a214c2f5e87bad3c948f4d605d)
Start importing Assets/TextMesh Pro/Examples & Extras/Prefabs using Guid(5bff2544887143f5807c7d5059d07f79) Importer(2089858483,b0f066a214c2f5e87bad3c948f4d605d) (ScriptedImporter) -> (Import Result ID: '7f5dbb654af4f0eea13877def6a507a1') in 0.0159888 seconds [static and dynamic dependencies]. Details - ImportResultOutputID=7d43287d721e13fcf03d5c16d2f58a56 DependenciesID=8161f91e04b725240a30b8884f9cf130 StaticDependenciesID=b2b92c91989b8417f99fc77cd4b1fcdb 
Number of updated asset objects reloaded before import = 0Number of asset objects unloaded after import = 1

========================================================================
Received Import Request.
  Time since last request: 0.000036 seconds.
  path: Assets/TextMesh Pro/Examples & Extras/Resources/Sprite Assets
  importAddress: Guid(3ac6db30e75b49b282a3564110579f27) Importer(2089858483,b0f066a214c2f5e87bad3c948f4d605d)
Start importing Assets/TextMesh Pro/Examples & Extras/Resources/Sprite Assets using Guid(3ac6db30e75b49b282a3564110579f27) Importer(2089858483,b0f066a214c2f5e87bad3c948f4d605d) (ScriptedImporter) -> (Import Result ID: '78e52c0f4b626e00ecce6fd17039352c') in 0.0174316 seconds [static and dynamic dependencies]. Details - ImportResultOutputID=3bd040fa202823eb8cd0bbc994a999f1 DependenciesID=513d69dc0998b35c579fc3f76048a717 StaticDependenciesID=9b8e64ba7ec913a0ca9f7f0963826f83 
Number of updated asset objects reloaded before import = 0Number of asset objects unloaded after import = 1

========================================================================
Received Import Request.
  Time since last request: 0.000026 seconds.
  path: Assets/UI Elements/Assets/UI Elements/Extras/Circle256
  importAddress: Guid(0eb713806fff57244a062be8654951ac) Importer(2089858483,b0f066a214c2f5e87bad3c948f4d605d)
Start importing Assets/UI Elements/Assets/UI Elements/Extras/Circle256 using Guid(0eb713806fff57244a062be8654951ac) Importer(2089858483,b0f066a214c2f5e87bad3c948f4d605d) (ScriptedImporter) -> (Import Result ID: '2699f238a8d5b5e1385819469f6c4a3d') in 0.0144446 seconds [static and dynamic dependencies]. Details - ImportResultOutputID=d86d19b33095566e3ff55acda0d8b564 DependenciesID=0c950ed209f4475adf388bb5d7eb3783 StaticDependenciesID=2feba69743291942d07ba5aa9ff452b1 
Number of updated asset objects reloaded before import = 0Number of asset objects unloaded after import = 1

========================================================================
Received Import Request.
  Time since last request: 0.000019 seconds.
  path: Assets/Standard Assets/Characters
  importAddress: Guid(8c32f58513a41ef4dab9cb7704c5fb92) Importer(2089858483,b0f066a214c2f5e87bad3c948f4d605d)
Start importing Assets/Standard Assets/Characters using Guid(8c32f58513a41ef4dab9cb7704c5fb92) Importer(2089858483,b0f066a214c2f5e87bad3c948f4d605d) (ScriptedImporter) -> (Import Result ID: '2853d51fb5c82c06f6bac92a9881dd64') in 0.017268 seconds [static and dynamic dependencies]. Details - ImportResultOutputID=4c2ef844f69608e05b434db2c8739429 DependenciesID=546033de1493862201ff41419deab752 StaticDependenciesID=718ffc44f37152f22c2b1ccdf103113d 
Number of updated asset objects reloaded before import = 0Number of asset objects unloaded after import = 1

========================================================================
Received Import Request.
  Time since last request: 0.000023 seconds.
  path: Assets/Kevin Iglesias/Human Animations/Models/Avatar Masks/Arms
  importAddress: Guid(b3303b9e968a80b4694a24c6fcda0129) Importer(2089858483,b0f066a214c2f5e87bad3c948f4d605d)
Start importing Assets/Kevin Iglesias/Human Animations/Models/Avatar Masks/Arms using Guid(b3303b9e968a80b4694a24c6fcda0129) Importer(2089858483,b0f066a214c2f5e87bad3c948f4d605d) (ScriptedImporter) -> (Import Result ID: '49a93d8ee619ca3c6c143c562ab6f803') in 0.0176533 seconds [static and dynamic dependencies]. Details - ImportResultOutputID=0f5774a11bd994ddb496a1d9dde0967a DependenciesID=b74c4c1d0806884dc7ddb40748f7b4f4 StaticDependenciesID=55e69aba10c514896a1683163d0489fe 
Number of updated asset objects reloaded before import = 0Number of asset objects unloaded after import = 1

========================================================================
Received Import Request.
  Time since last request: 0.000034 seconds.
  path: Assets/BOXOPHOBIC/Utils/Scripts/StyledGizmos
  importAddress: Guid(4dcc90dc0c913e946953fbb0cd7d1886) Importer(2089858483,b0f066a214c2f5e87bad3c948f4d605d)
Start importing Assets/BOXOPHOBIC/Utils/Scripts/StyledGizmos using Guid(4dcc90dc0c913e946953fbb0cd7d1886) Importer(2089858483,b0f066a214c2f5e87bad3c948f4d605d) (ScriptedImporter) -> (Import Result ID: '1758beade04a3333abc0ea15930c7fda') in 0.0166622 seconds [static and dynamic dependencies]. Details - ImportResultOutputID=892372304d3922e882d4078afbc4a603 DependenciesID=543771510f93f382ebc63254d4909ab7 StaticDependenciesID=32449879fa5c8360f4e3e65ce89b5e8a 
Number of updated asset objects reloaded before import = 0Number of asset objects unloaded after import = 1

========================================================================
Received Import Request.
  Time since last request: 0.000027 seconds.
  path: Assets/TextMesh Pro/Examples & Extras
  importAddress: Guid(ce51c8e33b734b4db6086586558c53a3) Importer(2089858483,b0f066a214c2f5e87bad3c948f4d605d)
Start importing Assets/TextMesh Pro/Examples & Extras using Guid(ce51c8e33b734b4db6086586558c53a3) Importer(2089858483,b0f066a214c2f5e87bad3c948f4d605d) (ScriptedImporter) -> (Import Result ID: 'a2a470b49c12ecf48fffe974cb276871') in 0.0158279 seconds [static and dynamic dependencies]. Details - ImportResultOutputID=63c277616f514eb110e747bacb413314 DependenciesID=45213cf89b26c15ef2b62b48bf4165ef StaticDependenciesID=5214870f41960d7436f6707a8f031714 
Number of updated asset objects reloaded before import = 0Number of asset objects unloaded after import = 1

========================================================================
Received Import Request.
  Time since last request: 0.000024 seconds.
  path: Assets/AllSkyFree
  importAddress: Guid(72589719770b04ead999af902c0459f8) Importer(2089858483,b0f066a214c2f5e87bad3c948f4d605d)
Start importing Assets/AllSkyFree using Guid(72589719770b04ead999af902c0459f8) Importer(2089858483,b0f066a214c2f5e87bad3c948f4d605d) (ScriptedImporter) -> (Import Result ID: 'b0750f62a3206610071d06a06ae71c61') in 0.0177298 seconds [static and dynamic dependencies]. Details - ImportResultOutputID=2b2ccaaf52eeafa3bd63e1ddc3665270 DependenciesID=d4f91394e5de74be4f08e40ce8dce14e StaticDependenciesID=1f4cd4060c9ad36dba492fb188eba148 
Number of updated asset objects reloaded before import = 0Number of asset objects unloaded after import = 1

========================================================================
Received Import Request.
  Time since last request: 0.000033 seconds.
  path: Assets/Imports/LPEnvirement/Lowpoly_Environments/Sources/Materials
  importAddress: Guid(c79904a7cd1e74c488b60bd79b66ed54) Importer(2089858483,b0f066a214c2f5e87bad3c948f4d605d)
Start importing Assets/Imports/LPEnvirement/Lowpoly_Environments/Sources/Materials using Guid(c79904a7cd1e74c488b60bd79b66ed54) Importer(2089858483,b0f066a214c2f5e87bad3c948f4d605d) (ScriptedImporter) -> (Import Result ID: '2782746dd799f35e7892377b416b4d37') in 0.016726 seconds [static and dynamic dependencies]. Details - ImportResultOutputID=3c351252ef3405abd52126bb1965b139 DependenciesID=787210c5b52818d4b9c8a0b87b89a74f StaticDependenciesID=149f50fd549f8a4fb28959bd04a0132c 
Number of updated asset objects reloaded before import = 0Number of asset objects unloaded after import = 1

========================================================================
Received Import Request.
  Time since last request: 0.000036 seconds.
  path: Assets/Imports/LPEnvirement/Lowpoly_Environments/Prefabs/Shrubs
  importAddress: Guid(1a6585c188f2f4c4685a8a43c7f945c2) Importer(2089858483,b0f066a214c2f5e87bad3c948f4d605d)
Start importing Assets/Imports/LPEnvirement/Lowpoly_Environments/Prefabs/Shrubs using Guid(1a6585c188f2f4c4685a8a43c7f945c2) Importer(2089858483,b0f066a214c2f5e87bad3c948f4d605d) (ScriptedImporter) -> (Import Result ID: 'd3850a4e07a218f402423004445ce346') in 0.0149898 seconds [static and dynamic dependencies]. Details - ImportResultOutputID=bb9c689f043a3b46f3678ed5d2a286d8 DependenciesID=a220e0a98f7b97f0409fe71ff351dcf9 StaticDependenciesID=cd08936e2a1bf6191807c732069f58d3 
Number of updated asset objects reloaded before import = 0Number of asset objects unloaded after import = 1

========================================================================
Received Import Request.
  Time since last request: 0.000019 seconds.
  path: Assets/Editor
  importAddress: Guid(bf078e660099b48bc84e3a0fc60a64c2) Importer(2089858483,b0f066a214c2f5e87bad3c948f4d605d)
Start importing Assets/Editor using Guid(bf078e660099b48bc84e3a0fc60a64c2) Importer(2089858483,b0f066a214c2f5e87bad3c948f4d605d) (ScriptedImporter) -> (Import Result ID: '489d33a133d85689cde45ffce00db1b0') in 0.0148389 seconds [static and dynamic dependencies]. Details - ImportResultOutputID=c113e28fc945e735adc13cbf8f638b87 DependenciesID=eab968d0f01db7ae5e8d53de6aee13a9 StaticDependenciesID=0b44e1c134fa7b7aa379a9e925cfecd3 
Number of updated asset objects reloaded before import = 0Number of asset objects unloaded after import = 1

========================================================================
Received Import Request.
  Time since last request: 0.000025 seconds.
  path: Assets/Standard Assets/PhysicsMaterials
  importAddress: Guid(5eebb5849c50a2c4ea24ded96e6f3aac) Importer(2089858483,b0f066a214c2f5e87bad3c948f4d605d)
Start importing Assets/Standard Assets/PhysicsMaterials using Guid(5eebb5849c50a2c4ea24ded96e6f3aac) Importer(2089858483,b0f066a214c2f5e87bad3c948f4d605d) (ScriptedImporter) -> (Import Result ID: '17ba4d1d93927a60bd562ba50abc35ae') in 0.0160564 seconds [static and dynamic dependencies]. Details - ImportResultOutputID=439018520b5b1e7be6408c729d836d2f DependenciesID=30a96222a42a863c0c7ba3bf984e00da StaticDependenciesID=5533f56d20f3d615b0f08c6657dfb5f1 
Number of updated asset objects reloaded before import = 0Number of asset objects unloaded after import = 1

========================================================================
Received Import Request.
  Time since last request: 0.000026 seconds.
  path: Assets/TextMesh Pro/Resources/Sprite Assets
  importAddress: Guid(512a49d95c0c4332bdd98131869c23c9) Importer(2089858483,b0f066a214c2f5e87bad3c948f4d605d)
Start importing Assets/TextMesh Pro/Resources/Sprite Assets using Guid(512a49d95c0c4332bdd98131869c23c9) Importer(2089858483,b0f066a214c2f5e87bad3c948f4d605d) (ScriptedImporter) -> (Import Result ID: '9a92e53170e8e80d408db7b6b4bdd631') in 0.0157086 seconds [static and dynamic dependencies]. Details - ImportResultOutputID=863ede4feb093e9c51295ac68b1cf3ed DependenciesID=e8e60453e0ac1dd0c872457a1658e39d StaticDependenciesID=123eb04bf0ef191f54e7bc42396edb49 
Number of updated asset objects reloaded before import = 0Number of asset objects unloaded after import = 1

========================================================================
Received Import Request.
  Time since last request: 0.000029 seconds.
  path: Assets/Kevin Iglesias/Human Animations/Animations/Female/Work/Mining
  importAddress: Guid(6e51db8b78ed02544b79d1f2d4ce40a2) Importer(2089858483,b0f066a214c2f5e87bad3c948f4d605d)
Start importing Assets/Kevin Iglesias/Human Animations/Animations/Female/Work/Mining using Guid(6e51db8b78ed02544b79d1f2d4ce40a2) Importer(2089858483,b0f066a214c2f5e87bad3c948f4d605d) (ScriptedImporter) -> (Import Result ID: 'f8b557bddce435e9a4d56016fa2c84a6') in 0.0155499 seconds [static and dynamic dependencies]. Details - ImportResultOutputID=810d5f12081e0ad8ab2fb0ea5ae3876d DependenciesID=54f3555dadbdca278cffcc22264dec95 StaticDependenciesID=d6f53784056f6eb19d1425c51278390b 
Number of updated asset objects reloaded before import = 0Number of asset objects unloaded after import = 1

========================================================================
Received Import Request.
  Time since last request: 0.000024 seconds.
  path: Assets/UI Elements/Assets/UI Elements/Extras/Circle128
  importAddress: Guid(fa891192d5380d94a8f3aa781242a289) Importer(2089858483,b0f066a214c2f5e87bad3c948f4d605d)
Start importing Assets/UI Elements/Assets/UI Elements/Extras/Circle128 using Guid(fa891192d5380d94a8f3aa781242a289) Importer(2089858483,b0f066a214c2f5e87bad3c948f4d605d) (ScriptedImporter) -> (Import Result ID: '7d270778dd29e5d46b8e876b52dd4b0b') in 0.0182417 seconds [static and dynamic dependencies]. Details - ImportResultOutputID=fb5518fd03da78323a4a4e890deb9386 DependenciesID=af0b2eca18ebf7fd209c41e8711db71a StaticDependenciesID=eba6c72981eca7440d77ff89fc0327f9 
Number of updated asset objects reloaded before import = 0Number of asset objects unloaded after import = 1

========================================================================
Received Import Request.
  Time since last request: 0.000024 seconds.
  path: Assets/Materials/Character
  importAddress: Guid(657fadd99f5965b49a99ef23eb7bd74c) Importer(2089858483,b0f066a214c2f5e87bad3c948f4d605d)
Start importing Assets/Materials/Character using Guid(657fadd99f5965b49a99ef23eb7bd74c) Importer(2089858483,b0f066a214c2f5e87bad3c948f4d605d) (ScriptedImporter) -> (Import Result ID: '1bc7f621de19ddab6c36852bff5c2398') in 0.0192732 seconds [static and dynamic dependencies]. Details - ImportResultOutputID=ee989fd740f9ac999895a6020f42224b DependenciesID=b3ee14feeabceaaf5510c23cb12acbb3 StaticDependenciesID=4f0efe5d303119f97a1a07fa1015a1ed 
Number of updated asset objects reloaded before import = 0Number of asset objects unloaded after import = 1

========================================================================
Received Import Request.
  Time since last request: 0.000029 seconds.
  path: Assets/AllSkyFree/Cartoon Base NightSky
  importAddress: Guid(edfd7568a47754e23b20068c1847c5fb) Importer(2089858483,b0f066a214c2f5e87bad3c948f4d605d)
Start importing Assets/AllSkyFree/Cartoon Base NightSky using Guid(edfd7568a47754e23b20068c1847c5fb) Importer(2089858483,b0f066a214c2f5e87bad3c948f4d605d) (ScriptedImporter) -> (Import Result ID: 'b045e55a92b4a6f2beaa221cf8aefd34') in 0.0201901 seconds [static and dynamic dependencies]. Details - ImportResultOutputID=134f543f4952c6893f7f5f1917460b4e DependenciesID=e75c9a285abdb0e6ffefab1e87db6931 StaticDependenciesID=98aecdc5aba40870a3ec7b965226cba3 
Number of updated asset objects reloaded before import = 0Number of asset objects unloaded after import = 1

========================================================================
Received Import Request.
  Time since last request: 0.000041 seconds.
  path: Assets/Prefabs/Misc
  importAddress: Guid(29b9b844b6a306146988f4cc1930e6ba) Importer(2089858483,b0f066a214c2f5e87bad3c948f4d605d)
Start importing Assets/Prefabs/Misc using Guid(29b9b844b6a306146988f4cc1930e6ba) Importer(2089858483,b0f066a214c2f5e87bad3c948f4d605d) (ScriptedImporter) -> (Import Result ID: '09db9e71a1fad9725feef5262cc4f5e4') in 0.0163043 seconds [static and dynamic dependencies]. Details - ImportResultOutputID=b8c6134da26a8187ac2817789c269cdf DependenciesID=54df5d9a38852d5a981d749b851ddbd6 StaticDependenciesID=fbb986446114730c0c1b91ba2145e7b8 
Number of updated asset objects reloaded before import = 0Number of asset objects unloaded after import = 1

========================================================================
Received Import Request.
  Time since last request: 0.000021 seconds.
  path: Assets/UI Elements/Assets
  importAddress: Guid(14c5403e7d8148c4c9e995c837562835) Importer(2089858483,b0f066a214c2f5e87bad3c948f4d605d)
Start importing Assets/UI Elements/Assets using Guid(14c5403e7d8148c4c9e995c837562835) Importer(2089858483,b0f066a214c2f5e87bad3c948f4d605d) (ScriptedImporter) -> (Import Result ID: 'f38b0db8b6f9828d5099b830fc73727c') in 0.0164923 seconds [static and dynamic dependencies]. Details - ImportResultOutputID=7b3a25f86c6bd7c3c4c749f61236c8a1 DependenciesID=5cbd4ae6a0bc02ad1e4e6623a00fa94f StaticDependenciesID=c3b64989fd323a9ed966a1ef6e53af77 
Number of updated asset objects reloaded before import = 0Number of asset objects unloaded after import = 1

========================================================================
Received Import Request.
  Time since last request: 0.000020 seconds.
  path: Assets/Kevin Iglesias/Human Animations/Unity Demo Scenes/Human Crafting Animations/AnimatorControllers/Male
  importAddress: Guid(8be91b175eac9b546b9d0ca5f9c32e8c) Importer(2089858483,b0f066a214c2f5e87bad3c948f4d605d)
Start importing Assets/Kevin Iglesias/Human Animations/Unity Demo Scenes/Human Crafting Animations/AnimatorControllers/Male using Guid(8be91b175eac9b546b9d0ca5f9c32e8c) Importer(2089858483,b0f066a214c2f5e87bad3c948f4d605d) (ScriptedImporter) -> (Import Result ID: '17808459dcb107ab75dfb2a47dbf5a1a') in 0.0181978 seconds [static and dynamic dependencies]. Details - ImportResultOutputID=33a32b951da86b2c101b5a8b60db2e67 DependenciesID=0ff270b7d779cbacb6d4dcb0e803c940 StaticDependenciesID=3da68405bc9042fd4f8655aeeb48a942 
Number of updated asset objects reloaded before import = 0Number of asset objects unloaded after import = 1

========================================================================
Received Import Request.
  Time since last request: 0.000026 seconds.
  path: Assets/BOXOPHOBIC/Utils/Scripts/Runtime
  importAddress: Guid(ed5276bb9dc81674aa10abed2ae94953) Importer(2089858483,b0f066a214c2f5e87bad3c948f4d605d)
Start importing Assets/BOXOPHOBIC/Utils/Scripts/Runtime using Guid(ed5276bb9dc81674aa10abed2ae94953) Importer(2089858483,b0f066a214c2f5e87bad3c948f4d605d) (ScriptedImporter) -> (Import Result ID: '95a89689c7c90586e3300fe6ad42f185') in 0.0140956 seconds [static and dynamic dependencies]. Details - ImportResultOutputID=89245bcc6ba8e2cdd859691ceba27743 DependenciesID=67c260469e71006a6c94a7eb90809e47 StaticDependenciesID=aca3594321c36cd9375a558ef1251b4b 
Number of updated asset objects reloaded before import = 0Number of asset objects unloaded after import = 1

========================================================================
Received Import Request.
  Time since last request: 0.000040 seconds.
  path: Assets/Imports/LPAnimals/LOW POLY CUBIC - Goat and Sheep Pack/AnimControllers
  importAddress: Guid(132af50868257144abba51e33ec101d5) Importer(2089858483,b0f066a214c2f5e87bad3c948f4d605d)
Start importing Assets/Imports/LPAnimals/LOW POLY CUBIC - Goat and Sheep Pack/AnimControllers using Guid(132af50868257144abba51e33ec101d5) Importer(2089858483,b0f066a214c2f5e87bad3c948f4d605d) (ScriptedImporter) -> (Import Result ID: 'a738a6862d85fdfd163b666db8fbc6ab') in 0.0165154 seconds [static and dynamic dependencies]. Details - ImportResultOutputID=235d180a070ea3d0f105ed5553dd0ecd DependenciesID=820e83bda521a48927f5d41c1e41cecd StaticDependenciesID=57b211a0f27a1040309ff102c40ff70f 
Number of updated asset objects reloaded before import = 0Number of asset objects unloaded after import = 1

========================================================================
Received Import Request.
  Time since last request: 0.000018 seconds.
  path: Assets/UI Elements/Assets/Scenes
  importAddress: Guid(b8926f4da0af27d489188036d72e2d59) Importer(2089858483,b0f066a214c2f5e87bad3c948f4d605d)
Start importing Assets/UI Elements/Assets/Scenes using Guid(b8926f4da0af27d489188036d72e2d59) Importer(2089858483,b0f066a214c2f5e87bad3c948f4d605d) (ScriptedImporter) -> (Import Result ID: '5d64f1094c3707d10b41e6345a2d2eb1') in 0.0169839 seconds [static and dynamic dependencies]. Details - ImportResultOutputID=9ccaa98cc3066328006192cb693e3a80 DependenciesID=5fa903862f6bd9c580faaf8e96b403f8 StaticDependenciesID=4ff7e5029c1d4669a04b4225aae74864 
Number of updated asset objects reloaded before import = 0Number of asset objects unloaded after import = 1

========================================================================
Received Import Request.
  Time since last request: 0.000020 seconds.
  path: Assets/Kevin Iglesias/Human Animations/Animations/Masked Poses
  importAddress: Guid(6e8891b4ee5f33644a4d56ebad0d4170) Importer(2089858483,b0f066a214c2f5e87bad3c948f4d605d)
Start importing Assets/Kevin Iglesias/Human Animations/Animations/Masked Poses using Guid(6e8891b4ee5f33644a4d56ebad0d4170) Importer(2089858483,b0f066a214c2f5e87bad3c948f4d605d) (ScriptedImporter) -> (Import Result ID: 'ea6128bd412ff66a074cba0efdc236ca') in 0.0170036 seconds [static and dynamic dependencies]. Details - ImportResultOutputID=15c6f05b921e63a823d41353cf61795e DependenciesID=6ade2d54479ec002fbb03ed1566756f6 StaticDependenciesID=c9e0cd69128cb36b53a4fdff82248c6b 
Number of updated asset objects reloaded before import = 0Number of asset objects unloaded after import = 1

========================================================================
Received Import Request.
  Time since last request: 0.000027 seconds.
  path: Assets/Polytope Studio/Welcome_Screen/Editor/Textures
  importAddress: Guid(7e2eff97b59cb8845ae00eafc9d66d45) Importer(2089858483,b0f066a214c2f5e87bad3c948f4d605d)
Start importing Assets/Polytope Studio/Welcome_Screen/Editor/Textures using Guid(7e2eff97b59cb8845ae00eafc9d66d45) Importer(2089858483,b0f066a214c2f5e87bad3c948f4d605d) (ScriptedImporter) -> (Import Result ID: '5d758426d1cc9ab6921ba2eeab642778') in 0.0136322 seconds [static and dynamic dependencies]. Details - ImportResultOutputID=1551f3c30f1062eb623239bf554c1c5c DependenciesID=0a1f085df17d043c4256e4a8aad43244 StaticDependenciesID=b4875d5a13a76cc5108a3284279ece8d 
Number of updated asset objects reloaded before import = 0Number of asset objects unloaded after import = 1

========================================================================
Received Import Request.
  Time since last request: 0.000032 seconds.
  path: Assets/TextMesh Pro/Examples & Extras/Materials
  importAddress: Guid(5808953df7a24274a851aa6dee52d30e) Importer(2089858483,b0f066a214c2f5e87bad3c948f4d605d)
Start importing Assets/TextMesh Pro/Examples & Extras/Materials using Guid(5808953df7a24274a851aa6dee52d30e) Importer(2089858483,b0f066a214c2f5e87bad3c948f4d605d) (ScriptedImporter) -> (Import Result ID: '800cc4631a94961f30bd97681f06fd8e') in 0.0150964 seconds [static and dynamic dependencies]. Details - ImportResultOutputID=7050bf2f49763644dbe314146ef02193 DependenciesID=b6e09ef5a2b768282fa838e12b75af3d StaticDependenciesID=49ceb7c9b566b3af336714de277921aa 
Number of updated asset objects reloaded before import = 0Number of asset objects unloaded after import = 1

========================================================================
Received Import Request.
  Time since last request: 0.000021 seconds.
  path: Assets/Imports/LPEnvirement/Lowpoly_Village/Sources/Materials
  importAddress: Guid(15516ce43a134df489bc4818fe4f56a0) Importer(2089858483,b0f066a214c2f5e87bad3c948f4d605d)
Start importing Assets/Imports/LPEnvirement/Lowpoly_Village/Sources/Materials using Guid(15516ce43a134df489bc4818fe4f56a0) Importer(2089858483,b0f066a214c2f5e87bad3c948f4d605d) (ScriptedImporter) -> (Import Result ID: '3841698ef79654e9ee0a3538190473a0') in 0.0168096 seconds [static and dynamic dependencies]. Details - ImportResultOutputID=be045f619bb0b1bcba6db979dac91adc DependenciesID=8c5918cfb2813c33f2c7354f66799633 StaticDependenciesID=4ac2322a5761b002d39ceb06e931696f 
Number of updated asset objects reloaded before import = 0Number of asset objects unloaded after import = 1

========================================================================
Received Import Request.
  Time since last request: 0.000024 seconds.
  path: Assets/Imports/LPEnvirement
  importAddress: Guid(115939fafdaab3542ac9de578833169e) Importer(2089858483,b0f066a214c2f5e87bad3c948f4d605d)
Start importing Assets/Imports/LPEnvirement using Guid(115939fafdaab3542ac9de578833169e) Importer(2089858483,b0f066a214c2f5e87bad3c948f4d605d) (ScriptedImporter) -> (Import Result ID: '83d8f55f6564bd627b615653d0abde3c') in 0.0190748 seconds [static and dynamic dependencies]. Details - ImportResultOutputID=fbeb9eb94b1000f1a2bce2920f7e5ec7 DependenciesID=b32fdd9b55dcb3eb87f5b1e106a6932c StaticDependenciesID=3e59e09e3d2f00ecf025b3ce98afbfbc 
Number of updated asset objects reloaded before import = 0Number of asset objects unloaded after import = 1

========================================================================
Received Import Request.
  Time since last request: 0.000026 seconds.
  path: Assets/Imports/Food
  importAddress: Guid(e51cabe743e47485890c1cb2644ccdba) Importer(2089858483,b0f066a214c2f5e87bad3c948f4d605d)
Start importing Assets/Imports/Food using Guid(e51cabe743e47485890c1cb2644ccdba) Importer(2089858483,b0f066a214c2f5e87bad3c948f4d605d) (ScriptedImporter) -> (Import Result ID: '84f9faf6dc5331c2d8aacf5464f670f4') in 0.0178414 seconds [static and dynamic dependencies]. Details - ImportResultOutputID=6dbfac47d6bdf710af8f31b20d3b19dc DependenciesID=416023288ab024b451eea7cf5d50678f StaticDependenciesID=30ab2e27bd892764b20a47d2ca532e20 
Number of updated asset objects reloaded before import = 0Number of asset objects unloaded after import = 1

========================================================================
Received Import Request.
  Time since last request: 0.000036 seconds.
  path: Assets/BOXOPHOBIC/Utils/Editor/StyledInspector
  importAddress: Guid(f579f987488d2ce49b5ecb57ecfe59f0) Importer(2089858483,b0f066a214c2f5e87bad3c948f4d605d)
Start importing Assets/BOXOPHOBIC/Utils/Editor/StyledInspector using Guid(f579f987488d2ce49b5ecb57ecfe59f0) Importer(2089858483,b0f066a214c2f5e87bad3c948f4d605d) (ScriptedImporter) -> (Import Result ID: '8f9e04ef2ccf8c040f8f2c4cfeae9206') in 0.0165436 seconds [static and dynamic dependencies]. Details - ImportResultOutputID=1df13270f35433f31546ba39d2585754 DependenciesID=b7b738659b4abff647a4e1352c9e09d5 StaticDependenciesID=9d62d01a8946088992557ce9a8ed7732 
Number of updated asset objects reloaded before import = 0Number of asset objects unloaded after import = 1

========================================================================
Received Import Request.
  Time since last request: 0.000016 seconds.
  path: Assets/Imports/LPAnimals/LOW POLY CUBIC - Goat and Sheep Pack/Texture
  importAddress: Guid(8177852d00ab54349a32bc2c64b92982) Importer(2089858483,b0f066a214c2f5e87bad3c948f4d605d)
Start importing Assets/Imports/LPAnimals/LOW POLY CUBIC - Goat and Sheep Pack/Texture using Guid(8177852d00ab54349a32bc2c64b92982) Importer(2089858483,b0f066a214c2f5e87bad3c948f4d605d) (ScriptedImporter) -> (Import Result ID: '68f12f564f4c7101c9719cf690b077d2') in 0.0147519 seconds [static and dynamic dependencies]. Details - ImportResultOutputID=33683a9c4ed89b79591e15976ea8c1ec DependenciesID=e7f44eca912328822c2034e66a43a36f StaticDependenciesID=957ad207b06f63c4e73f64ebc482e6b7 
Number of updated asset objects reloaded before import = 0Number of asset objects unloaded after import = 1

========================================================================
Received Import Request.
  Time since last request: 0.000051 seconds.
  path: Assets/TextMesh Pro/Examples & Extras/Scenes/28 - HDRP Shader Example
  importAddress: Guid(a7eaeb4188c60454faf0a41c253b505c) Importer(2089858483,b0f066a214c2f5e87bad3c948f4d605d)
Start importing Assets/TextMesh Pro/Examples & Extras/Scenes/28 - HDRP Shader Example using Guid(a7eaeb4188c60454faf0a41c253b505c) Importer(2089858483,b0f066a214c2f5e87bad3c948f4d605d) (ScriptedImporter) -> (Import Result ID: '02c3a6c77ed42496b394a9df2a0c8547') in 0.0150857 seconds [static and dynamic dependencies]. Details - ImportResultOutputID=0f6215641a10bf07bce782aee7982908 DependenciesID=6928c0cc0636ebf1097c51dd485367c9 StaticDependenciesID=24652813cebbd0c1946933dfee0bd0ef 
Number of updated asset objects reloaded before import = 0Number of asset objects unloaded after import = 1

========================================================================
Received Import Request.
  Time since last request: 0.000036 seconds.
  path: Assets/Scenes/TestWorld
  importAddress: Guid(8dbeaa229433c0e4d88f5b3ec3062f10) Importer(2089858483,b0f066a214c2f5e87bad3c948f4d605d)
Start importing Assets/Scenes/TestWorld using Guid(8dbeaa229433c0e4d88f5b3ec3062f10) Importer(2089858483,b0f066a214c2f5e87bad3c948f4d605d) (ScriptedImporter) -> (Import Result ID: '18bfbb6fe5247bbbd287f5621d2fecc9') in 0.0184239 seconds [static and dynamic dependencies]. Details - ImportResultOutputID=90a711b99bd35c723fb8300f552fa050 DependenciesID=4ef13b311199182d993e9ae6bb1d7928 StaticDependenciesID=dd06612dedb3374fc99cb961653405c6 
Number of updated asset objects reloaded before import = 0Number of asset objects unloaded after import = 1

========================================================================
Received Import Request.
  Time since last request: 0.000037 seconds.
  path: Assets/Imports/LPEnvirement/Lowpoly_Environments/Sources/Meshes/Rocks
  importAddress: Guid(710655db3a8505840bbf816762a7887b) Importer(2089858483,b0f066a214c2f5e87bad3c948f4d605d)
Start importing Assets/Imports/LPEnvirement/Lowpoly_Environments/Sources/Meshes/Rocks using Guid(710655db3a8505840bbf816762a7887b) Importer(2089858483,b0f066a214c2f5e87bad3c948f4d605d) (ScriptedImporter) -> (Import Result ID: '1dd2925260f448268f0f80897c5e7631') in 0.015058 seconds [static and dynamic dependencies]. Details - ImportResultOutputID=2fbae9c00063593f21a0c80440382308 DependenciesID=567e91a767a5c6dc3a5a08dedc54d066 StaticDependenciesID=f4cd47e454e8529d4d54f12b347064d6 
Number of updated asset objects reloaded before import = 0Number of asset objects unloaded after import = 1

========================================================================
Received Import Request.
  Time since last request: 0.000027 seconds.
  path: Assets/Kevin Iglesias/Human Animations/Animations/Female/Work/Hammering
  importAddress: Guid(afd2bb0a87518364abf18a344e2a1cf7) Importer(2089858483,b0f066a214c2f5e87bad3c948f4d605d)
Start importing Assets/Kevin Iglesias/Human Animations/Animations/Female/Work/Hammering using Guid(afd2bb0a87518364abf18a344e2a1cf7) Importer(2089858483,b0f066a214c2f5e87bad3c948f4d605d) (ScriptedImporter) -> (Import Result ID: 'f7b3ce86830eacbae3234a2f25e4a911') in 0.0148626 seconds [static and dynamic dependencies]. Details - ImportResultOutputID=5417b22e713f35976e63f01947687788 DependenciesID=4cff37e551260d1d100a3b6a7cc2af85 StaticDependenciesID=7f96aeafea863656a728208b9f4bde6e 
Number of updated asset objects reloaded before import = 0Number of asset objects unloaded after import = 1

========================================================================
Received Import Request.
  Time since last request: 0.000020 seconds.
  path: Assets/Imports/LPWeapons/Prefabs
  importAddress: Guid(abc91dfa54bab85489116e71ccd25ae1) Importer(2089858483,b0f066a214c2f5e87bad3c948f4d605d)
Start importing Assets/Imports/LPWeapons/Prefabs using Guid(abc91dfa54bab85489116e71ccd25ae1) Importer(2089858483,b0f066a214c2f5e87bad3c948f4d605d) (ScriptedImporter) -> (Import Result ID: 'e2089eca80037d1d71b43a9d0df103c9') in 0.0180329 seconds [static and dynamic dependencies]. Details - ImportResultOutputID=5f5437a42331a1590daa6f125060ea24 DependenciesID=b6556cb917ed585e20178d345105ae82 StaticDependenciesID=ec6b207d64e24f836c6e10f119b0d40a 
Number of updated asset objects reloaded before import = 0Number of asset objects unloaded after import = 1

========================================================================
Received Import Request.
  Time since last request: 0.000023 seconds.
  path: Assets/Imports/LPEnvirement/Lowpoly_Environments/Sources/Meshes/Flowers
  importAddress: Guid(62117514495abd046b014d1c85ba4c7a) Importer(2089858483,b0f066a214c2f5e87bad3c948f4d605d)
Start importing Assets/Imports/LPEnvirement/Lowpoly_Environments/Sources/Meshes/Flowers using Guid(62117514495abd046b014d1c85ba4c7a) Importer(2089858483,b0f066a214c2f5e87bad3c948f4d605d) (ScriptedImporter) -> (Import Result ID: '8a98d1b82c9dfe09bb50025fb7d3ae42') in 0.0157346 seconds [static and dynamic dependencies]. Details - ImportResultOutputID=7e77738acdd90fdf00abc925bbec6b3a DependenciesID=3f57808a2933562f2388f82ae4f7e1c7 StaticDependenciesID=9a4f1b19a380db1b744cead79bc66350 
Number of updated asset objects reloaded before import = 0Number of asset objects unloaded after import = 1

========================================================================
Received Import Request.
  Time since last request: 0.000036 seconds.
  path: Assets/Kevin Iglesias/Human Animations/Unity Demo Scenes/Human Crafting Animations/Models
  importAddress: Guid(8f372beacf9a6ac479fc31ca670ecf6f) Importer(2089858483,b0f066a214c2f5e87bad3c948f4d605d)
Start importing Assets/Kevin Iglesias/Human Animations/Unity Demo Scenes/Human Crafting Animations/Models using Guid(8f372beacf9a6ac479fc31ca670ecf6f) Importer(2089858483,b0f066a214c2f5e87bad3c948f4d605d) (ScriptedImporter) -> (Import Result ID: '0466715e34a4ee24e50fc0a9c38b9e72') in 0.0180651 seconds [static and dynamic dependencies]. Details - ImportResultOutputID=7a4d6db2c2f9f25a56331bfcf2067060 DependenciesID=4025df6f079740c228372cb5d9f3721b StaticDependenciesID=15c453e0d5a7543485c49996ab0707ad 
Number of updated asset objects reloaded before import = 0Number of asset objects unloaded after import = 1

========================================================================
Received Import Request.
  Time since last request: 0.000020 seconds.
  path: Assets/Standard Assets/Characters/FirstPersonCharacter/Prefabs
  importAddress: Guid(0bfb2599080d5d24e84362b4ae314ae7) Importer(2089858483,b0f066a214c2f5e87bad3c948f4d605d)
Start importing Assets/Standard Assets/Characters/FirstPersonCharacter/Prefabs using Guid(0bfb2599080d5d24e84362b4ae314ae7) Importer(2089858483,b0f066a214c2f5e87bad3c948f4d605d) (ScriptedImporter) -> (Import Result ID: 'd78039181aeaaa7738c50466c29ecf03') in 0.0155846 seconds [static and dynamic dependencies]. Details - ImportResultOutputID=70bb2833e339c59ed8d38b53cd81c077 DependenciesID=55347ecfb6e29319a34d8dce884139cf StaticDependenciesID=ac9c21454b6e5b90beb1ebad395abe5b 
Number of updated asset objects reloaded before import = 0Number of asset objects unloaded after import = 1

========================================================================
Received Import Request.
  Time since last request: 0.000021 seconds.
  path: Assets/UI Elements/Assets/UI Elements/Black/1x
  importAddress: Guid(c16e443356b621b43b22c404667af899) Importer(2089858483,b0f066a214c2f5e87bad3c948f4d605d)
Start importing Assets/UI Elements/Assets/UI Elements/Black/1x using Guid(c16e443356b621b43b22c404667af899) Importer(2089858483,b0f066a214c2f5e87bad3c948f4d605d) (ScriptedImporter) -> (Import Result ID: '0f3bdbaa1ff12077d41de6741d3f876f') in 0.017654 seconds [static and dynamic dependencies]. Details - ImportResultOutputID=897d7654bc32bd2a1be061ea67975699 DependenciesID=7b3b86789d4bd7733b6cd9f9d0ba5d7c StaticDependenciesID=2fdeda3adf460e52028aeec2c9d7b8b7 
Number of updated asset objects reloaded before import = 0Number of asset objects unloaded after import = 1

========================================================================
Received Import Request.
  Time since last request: 0.000023 seconds.
  path: Assets/AllSkyFree/_AllSkyFreeDemoEnvironment
  importAddress: Guid(4392334f044e44affbf9f5162eb718ae) Importer(2089858483,b0f066a214c2f5e87bad3c948f4d605d)
Start importing Assets/AllSkyFree/_AllSkyFreeDemoEnvironment using Guid(4392334f044e44affbf9f5162eb718ae) Importer(2089858483,b0f066a214c2f5e87bad3c948f4d605d) (ScriptedImporter) -> (Import Result ID: '44945628655a77a8cc83aaf2b832c788') in 0.0154825 seconds [static and dynamic dependencies]. Details - ImportResultOutputID=e616421d01e3736e0aff95a77f7bafbf DependenciesID=5a3bb8f180c8249bf272418a6f2f2b8e StaticDependenciesID=6e5156e35eb23f0db823063c1426735f 
Number of updated asset objects reloaded before import = 0Number of asset objects unloaded after import = 1

========================================================================
Received Import Request.
  Time since last request: 0.000032 seconds.
  path: Assets/TextMesh Pro/Examples & Extras/Scenes
  importAddress: Guid(db1090641b3241f6995b587eb21637bc) Importer(2089858483,b0f066a214c2f5e87bad3c948f4d605d)
Start importing Assets/TextMesh Pro/Examples & Extras/Scenes using Guid(db1090641b3241f6995b587eb21637bc) Importer(2089858483,b0f066a214c2f5e87bad3c948f4d605d) (ScriptedImporter) -> (Import Result ID: '86987064b3d44ccfd8cfbce3f348af67') in 0.0154403 seconds [static and dynamic dependencies]. Details - ImportResultOutputID=5a8b8f8f877dbee054d89699f33f2b1b DependenciesID=e7ce8d579b7b05da6eb42318c61e2767 StaticDependenciesID=2c0c6ea6047574cf14debe8decedc63e 
Number of updated asset objects reloaded before import = 0Number of asset objects unloaded after import = 1

========================================================================
Received Import Request.
  Time since last request: 0.000020 seconds.
  path: Assets/TextMesh Pro/Resources/Style Sheets
  importAddress: Guid(4aecb92fff08436c8303b10eab8da368) Importer(2089858483,b0f066a214c2f5e87bad3c948f4d605d)
Start importing Assets/TextMesh Pro/Resources/Style Sheets using Guid(4aecb92fff08436c8303b10eab8da368) Importer(2089858483,b0f066a214c2f5e87bad3c948f4d605d) (ScriptedImporter) -> (Import Result ID: '47bf4102dea671d805609f7cf33511e3') in 0.0163249 seconds [static and dynamic dependencies]. Details - ImportResultOutputID=a265e46c1d769a100c2c0ec453615c52 DependenciesID=31cceb891458bc34dcc5f42f52010a0e StaticDependenciesID=391f2ff200339c0cad336c15f56c6b10 
Number of updated asset objects reloaded before import = 0Number of asset objects unloaded after import = 1

========================================================================
Received Import Request.
  Time since last request: 0.000027 seconds.
  path: Assets/Scripts/Inventory
  importAddress: Guid(dd81835c4b9d23d4fb2e2eee7377eb21) Importer(2089858483,b0f066a214c2f5e87bad3c948f4d605d)
Start importing Assets/Scripts/Inventory using Guid(dd81835c4b9d23d4fb2e2eee7377eb21) Importer(2089858483,b0f066a214c2f5e87bad3c948f4d605d) (ScriptedImporter) -> (Import Result ID: '13a57e637954b19c8058968802cc5d49') in 0.0159 seconds [static and dynamic dependencies]. Details - ImportResultOutputID=24b93b02ca3c539d63100ac85964f7ff DependenciesID=2539bdde8826c9b59f0f050ce433f510 StaticDependenciesID=84bf6100df0fbe296fdc201838a5f36d 
Number of updated asset objects reloaded before import = 0Number of asset objects unloaded after import = 1

========================================================================
Received Import Request.
  Time since last request: 0.000023 seconds.
  path: Assets/BOXOPHOBIC/Skybox Cubemap Extended/Core/Functions
  importAddress: Guid(d58dbd0d9da484948ab99a88afe93426) Importer(2089858483,b0f066a214c2f5e87bad3c948f4d605d)
Start importing Assets/BOXOPHOBIC/Skybox Cubemap Extended/Core/Functions using Guid(d58dbd0d9da484948ab99a88afe93426) Importer(2089858483,b0f066a214c2f5e87bad3c948f4d605d) (ScriptedImporter) -> (Import Result ID: 'e5386a5cf30d0bf0b8ec3ae88cbff7b2') in 0.0166956 seconds [static and dynamic dependencies]. Details - ImportResultOutputID=7c35a6d4f4a9c4f9fd29dc9788e53e80 DependenciesID=a1862b736fdafb0b2446cbd73b86e5f6 StaticDependenciesID=84eb46633d9eb73531a3139097b47b99 
Number of updated asset objects reloaded before import = 0Number of asset objects unloaded after import = 1

========================================================================
Received Import Request.
  Time since last request: 0.000031 seconds.
  path: Assets/Imports/Tools/Textures
  importAddress: Guid(b0d3b3dc294876c4ca68461b457e987e) Importer(2089858483,b0f066a214c2f5e87bad3c948f4d605d)
Start importing Assets/Imports/Tools/Textures using Guid(b0d3b3dc294876c4ca68461b457e987e) Importer(2089858483,b0f066a214c2f5e87bad3c948f4d605d) (ScriptedImporter) -> (Import Result ID: 'e907c6954263f4c3e5d433a86ca9e0e3') in 0.0147484 seconds [static and dynamic dependencies]. Details - ImportResultOutputID=06c84ffec7a204a344833988218ab16e DependenciesID=1757985961ae91812c793c248fc19dad StaticDependenciesID=33152e8b2701790316c00fe6839d5a61 
Number of updated asset objects reloaded before import = 0Number of asset objects unloaded after import = 1

========================================================================
Received Import Request.
  Time since last request: 0.000016 seconds.
  path: Assets/WeaponsAndPropsAssetPack_NAS/Scenes
  importAddress: Guid(9c53962885c2c4f449125a979d6ad240) Importer(2089858483,b0f066a214c2f5e87bad3c948f4d605d)
Start importing Assets/WeaponsAndPropsAssetPack_NAS/Scenes using Guid(9c53962885c2c4f449125a979d6ad240) Importer(2089858483,b0f066a214c2f5e87bad3c948f4d605d) (ScriptedImporter) -> (Import Result ID: '43c110d303d46870791ebe06adda8300') in 0.0146577 seconds [static and dynamic dependencies]. Details - ImportResultOutputID=bb85c65a54f9d9a81b23d5853ef59c29 DependenciesID=7a016aa7a3b0f928b0cbb58ac56a05bb StaticDependenciesID=cf188def98d594dc95996fafd85bdf7a 
Number of updated asset objects reloaded before import = 0Number of asset objects unloaded after import = 1

========================================================================
Received Import Request.
  Time since last request: 0.000021 seconds.
  path: Assets/WeaponsAndPropsAssetPack_NAS/Assets/Breakables
  importAddress: Guid(607f061413858b948be6b952f5753585) Importer(2089858483,b0f066a214c2f5e87bad3c948f4d605d)
Start importing Assets/WeaponsAndPropsAssetPack_NAS/Assets/Breakables using Guid(607f061413858b948be6b952f5753585) Importer(2089858483,b0f066a214c2f5e87bad3c948f4d605d) (ScriptedImporter) -> (Import Result ID: 'cfceb60af8bddf647203d9a9e18ea56f') in 0.018244 seconds [static and dynamic dependencies]. Details - ImportResultOutputID=43cec467eb3da266db7f920968ccf4d2 DependenciesID=fe8dc84aa0b44764a84383a36319857a StaticDependenciesID=3940f864edc15199543eb66c55b697a0 
Number of updated asset objects reloaded before import = 0Number of asset objects unloaded after import = 1

========================================================================
Received Import Request.
  Time since last request: 0.000027 seconds.
  path: Assets/Scripts/Player
  importAddress: Guid(6bb421e161aa88b4f9dbae9724a76f10) Importer(2089858483,b0f066a214c2f5e87bad3c948f4d605d)
Start importing Assets/Scripts/Player using Guid(6bb421e161aa88b4f9dbae9724a76f10) Importer(2089858483,b0f066a214c2f5e87bad3c948f4d605d) (ScriptedImporter) -> (Import Result ID: '91830b43e34e3c20b640534518b5be0a') in 0.0142895 seconds [static and dynamic dependencies]. Details - ImportResultOutputID=0e4ba1cf071a068b6923401bacd637ab DependenciesID=132e095bb6ac3ddde24bbf57d19ebe90 StaticDependenciesID=a594cc74715d7ba39c9fefc537d24496 
Number of updated asset objects reloaded before import = 0Number of asset objects unloaded after import = 1

========================================================================
Received Import Request.
  Time since last request: 0.000031 seconds.
  path: Assets/TextMesh Pro/Examples & Extras/Resources/Color Gradient Presets
  importAddress: Guid(7f422cd1388b01047a58cd07c7a23d9d) Importer(2089858483,b0f066a214c2f5e87bad3c948f4d605d)
Start importing Assets/TextMesh Pro/Examples & Extras/Resources/Color Gradient Presets using Guid(7f422cd1388b01047a58cd07c7a23d9d) Importer(2089858483,b0f066a214c2f5e87bad3c948f4d605d) (ScriptedImporter) -> (Import Result ID: 'e0cf1dcfa1deb9f4ca21792821702734') in 0.0167312 seconds [static and dynamic dependencies]. Details - ImportResultOutputID=75c301c601d4bb6b7c0523651738ab6b DependenciesID=02f2709f07a6b870e0b2331b115ed792 StaticDependenciesID=c1f11985b42435a5a9dc4b7329f498ec 
Number of updated asset objects reloaded before import = 0Number of asset objects unloaded after import = 1

========================================================================
Received Import Request.
  Time since last request: 0.000025 seconds.
  path: Assets/GUI_Parts/Icons
  importAddress: Guid(036595ac03790ba48b5017ed8191039a) Importer(2089858483,b0f066a214c2f5e87bad3c948f4d605d)
Start importing Assets/GUI_Parts/Icons using Guid(036595ac03790ba48b5017ed8191039a) Importer(2089858483,b0f066a214c2f5e87bad3c948f4d605d) (ScriptedImporter) -> (Import Result ID: '2bf0ceee1681ffb852cca87c13c8e2f5') in 0.0159386 seconds [static and dynamic dependencies]. Details - ImportResultOutputID=d1b80b3033eb0af1284eee1283e38fae DependenciesID=52663d9c2712db3d265c1c36a6532f7e StaticDependenciesID=c9b9f570f9c427fae3daff61287ce28a 
Number of updated asset objects reloaded before import = 0Number of asset objects unloaded after import = 1

========================================================================
Received Import Request.
  Time since last request: 0.000024 seconds.
  path: Assets/Animations/Tree
  importAddress: Guid(155681b337eddec4f9e543d424f19fa2) Importer(2089858483,b0f066a214c2f5e87bad3c948f4d605d)
Start importing Assets/Animations/Tree using Guid(155681b337eddec4f9e543d424f19fa2) Importer(2089858483,b0f066a214c2f5e87bad3c948f4d605d) (ScriptedImporter) -> (Import Result ID: 'a4aa5d42134e68290ac65784ad36224a') in 0.0157323 seconds [static and dynamic dependencies]. Details - ImportResultOutputID=d379d744f8a72a9500d86d035b9dfb6f DependenciesID=ad921d5b0c6ca1cb79d8db719f580e25 StaticDependenciesID=90933f2b4a0fa52bdbb0021fe51f88d0 
Number of updated asset objects reloaded before import = 0Number of asset objects unloaded after import = 1

========================================================================
Received Import Request.
  Time since last request: 0.000027 seconds.
  path: Assets/Imports/LPEnvirement/Lowpoly_Environments/Prefabs/Flowers
  importAddress: Guid(1090dcf46ca02864fb89494b948e45c7) Importer(2089858483,b0f066a214c2f5e87bad3c948f4d605d)
Start importing Assets/Imports/LPEnvirement/Lowpoly_Environments/Prefabs/Flowers using Guid(1090dcf46ca02864fb89494b948e45c7) Importer(2089858483,b0f066a214c2f5e87bad3c948f4d605d) (ScriptedImporter) -> (Import Result ID: '9eb00d240f390a652288ef51adc1bcfb') in 0.0181224 seconds [static and dynamic dependencies]. Details - ImportResultOutputID=c152be2a5466eadfac63a1b46ba237bf DependenciesID=da9740bc9e358e65e78dfc91aeb58e1c StaticDependenciesID=fe8966e9709ca45abf5bac6bed62b100 
Number of updated asset objects reloaded before import = 0Number of asset objects unloaded after import = 1

========================================================================
Received Import Request.
  Time since last request: 0.000034 seconds.
  path: Assets/Imports/LPAnimals/LOW POLY CUBIC - Goat and Sheep Pack
  importAddress: Guid(a81fc2a688b4d0041adb5dded692c30a) Importer(2089858483,b0f066a214c2f5e87bad3c948f4d605d)
Start importing Assets/Imports/LPAnimals/LOW POLY CUBIC - Goat and Sheep Pack using Guid(a81fc2a688b4d0041adb5dded692c30a) Importer(2089858483,b0f066a214c2f5e87bad3c948f4d605d) (ScriptedImporter) -> (Import Result ID: '5ca65b0dbfd7c2f9a1b46d01c8a32811') in 0.0153316 seconds [static and dynamic dependencies]. Details - ImportResultOutputID=6d1e9fb139b7aa5c8094b32dd7743452 DependenciesID=66f31be9c2b0d5ecca157ed746b79391 StaticDependenciesID=715c4e13b2da18c404fd9003fe6737ef 
Number of updated asset objects reloaded before import = 0Number of asset objects unloaded after import = 1

========================================================================
Received Import Request.
  Time since last request: 0.000022 seconds.
  path: Assets/Imports/LPEnvirement/Lowpoly_Demos
  importAddress: Guid(96a08e9b3a862214b8c94c891f9b5a83) Importer(2089858483,b0f066a214c2f5e87bad3c948f4d605d)
Start importing Assets/Imports/LPEnvirement/Lowpoly_Demos using Guid(96a08e9b3a862214b8c94c891f9b5a83) Importer(2089858483,b0f066a214c2f5e87bad3c948f4d605d) (ScriptedImporter) -> (Import Result ID: '2a9cfa45755115b4cacd0ff55e95f8ad') in 0.0188575 seconds [static and dynamic dependencies]. Details - ImportResultOutputID=498a18155a8b9b8dbdf322a654736a64 DependenciesID=05beaa6e56c51e6c0fe25d9fe75b5cf0 StaticDependenciesID=a8d86ab50b3818e10b1c51ddd5f64b74 
Number of updated asset objects reloaded before import = 0Number of asset objects unloaded after import = 1

========================================================================
Received Import Request.
  Time since last request: 0.000042 seconds.
  path: Assets/BOXOPHOBIC/Utils/Scripts/Notebox
  importAddress: Guid(47cbea2bc5dbf56408ec2a9427dacb63) Importer(2089858483,b0f066a214c2f5e87bad3c948f4d605d)
Start importing Assets/BOXOPHOBIC/Utils/Scripts/Notebox using Guid(47cbea2bc5dbf56408ec2a9427dacb63) Importer(2089858483,b0f066a214c2f5e87bad3c948f4d605d) (ScriptedImporter) -> (Import Result ID: '009a78fba1108b99c6afc7f9bc8cb99d') in 0.0191143 seconds [static and dynamic dependencies]. Details - ImportResultOutputID=99c988af4af51494a7daf56ad6ec6bf8 DependenciesID=e8926e6fdabb5ab095adc3ccf9ba0d07 StaticDependenciesID=c7637ee08802f643f7947e94ef1982b4 
Number of updated asset objects reloaded before import = 0Number of asset objects unloaded after import = 1

========================================================================
Received Import Request.
  Time since last request: 0.000030 seconds.
  path: Assets/Imports/LPEnvirement/Lowpoly_Environments/Prefabs/Plants
  importAddress: Guid(9c17ca59c125f404a92f9cf48eab6dab) Importer(2089858483,b0f066a214c2f5e87bad3c948f4d605d)
Start importing Assets/Imports/LPEnvirement/Lowpoly_Environments/Prefabs/Plants using Guid(9c17ca59c125f404a92f9cf48eab6dab) Importer(2089858483,b0f066a214c2f5e87bad3c948f4d605d) (ScriptedImporter) -> (Import Result ID: 'a6d475955c937fbd9c59f3fbaa4a4a96') in 0.016174 seconds [static and dynamic dependencies]. Details - ImportResultOutputID=4a7fa8a11c0a1387c4b4194cf31338cd DependenciesID=beecaaefb5628c9c33b9aba96e39b037 StaticDependenciesID=9342ab31460cc323da235260e3da8a79 
Number of updated asset objects reloaded before import = 0Number of asset objects unloaded after import = 1

========================================================================
Received Import Request.
  Time since last request: 0.000033 seconds.
  path: Assets/TextMesh Pro/Sprites
  importAddress: Guid(d0603b6d5186471b96c778c3949c7ce2) Importer(2089858483,b0f066a214c2f5e87bad3c948f4d605d)
Start importing Assets/TextMesh Pro/Sprites using Guid(d0603b6d5186471b96c778c3949c7ce2) Importer(2089858483,b0f066a214c2f5e87bad3c948f4d605d) (ScriptedImporter) -> (Import Result ID: '4686f78e94db74fc8ea8beb7523b869e') in 0.0181017 seconds [static and dynamic dependencies]. Details - ImportResultOutputID=fb74fb18a9f47f8bded84974d939c35e DependenciesID=604e028257d3e0b45cae14c30b8b37ec StaticDependenciesID=efdf2ff06693785202b9f5bdccfcf90f 
Number of updated asset objects reloaded before import = 0Number of asset objects unloaded after import = 1

========================================================================
Received Import Request.
  Time since last request: 0.000037 seconds.
  path: Assets/Standard Assets/Characters/FirstPersonCharacter
  importAddress: Guid(943e057eaae705e43b9e9b2e53d6adb0) Importer(2089858483,b0f066a214c2f5e87bad3c948f4d605d)
Start importing Assets/Standard Assets/Characters/FirstPersonCharacter using Guid(943e057eaae705e43b9e9b2e53d6adb0) Importer(2089858483,b0f066a214c2f5e87bad3c948f4d605d) (ScriptedImporter) -> (Import Result ID: 'e15647f68eae5715a088ab9fa5101110') in 0.0160657 seconds [static and dynamic dependencies]. Details - ImportResultOutputID=26e5beffa8c93a4a62a665b971c8c673 DependenciesID=034209094b241b9948bdf780f1efba1d StaticDependenciesID=1ed8e0956055f58d1de47bd17c2a3210 
Number of updated asset objects reloaded before import = 0Number of asset objects unloaded after import = 1

========================================================================
Received Import Request.
  Time since last request: 0.000029 seconds.
  path: Assets/WeaponsAndPropsAssetPack_NAS/Prefabs/Bats
  importAddress: Guid(c1246c54c64917141920f5301bbae45f) Importer(2089858483,b0f066a214c2f5e87bad3c948f4d605d)
Start importing Assets/WeaponsAndPropsAssetPack_NAS/Prefabs/Bats using Guid(c1246c54c64917141920f5301bbae45f) Importer(2089858483,b0f066a214c2f5e87bad3c948f4d605d) (ScriptedImporter) -> (Import Result ID: 'da86f3a78e46559a5736cb5007de881f') in 0.0171566 seconds [static and dynamic dependencies]. Details - ImportResultOutputID=370e78a098aab48dab56702a38bef4bc DependenciesID=3e8be652973527dbac9637fa003dbc84 StaticDependenciesID=e97347e4b010636904b5576d86291bc5 
Number of updated asset objects reloaded before import = 0Number of asset objects unloaded after import = 1

========================================================================
Received Import Request.
  Time since last request: 0.000028 seconds.
  path: Assets/TextMesh Pro/Resources/Fonts & Materials
  importAddress: Guid(731f1baa9d144a9897cb1d341c2092b8) Importer(2089858483,b0f066a214c2f5e87bad3c948f4d605d)
Start importing Assets/TextMesh Pro/Resources/Fonts & Materials using Guid(731f1baa9d144a9897cb1d341c2092b8) Importer(2089858483,b0f066a214c2f5e87bad3c948f4d605d) (ScriptedImporter) -> (Import Result ID: '2d0a93025f51b1a31f49ef56829627d0') in 0.0167834 seconds [static and dynamic dependencies]. Details - ImportResultOutputID=bd2847920321faacda7a64731255df58 DependenciesID=ceb40ff7ea5c4736e76c556bf03449fd StaticDependenciesID=6e0720c501491b3007d801b44938b1ea 
Number of updated asset objects reloaded before import = 0Number of asset objects unloaded after import = 1

========================================================================
Received Import Request.
  Time since last request: 0.000035 seconds.
  path: Assets/Scripts
  importAddress: Guid(d837b6beb0cd46c44a5983d83b8fcf41) Importer(2089858483,b0f066a214c2f5e87bad3c948f4d605d)
Start importing Assets/Scripts using Guid(d837b6beb0cd46c44a5983d83b8fcf41) Importer(2089858483,b0f066a214c2f5e87bad3c948f4d605d) (ScriptedImporter) -> (Import Result ID: '5e3ccfcaa64c17482c4e74340eccf4cc') in 0.0148513 seconds [static and dynamic dependencies]. Details - ImportResultOutputID=23d0ac3e1d7057e4582744034ddca5ca DependenciesID=670061711474ef537cfb64e907d4c669 StaticDependenciesID=ec3f02fe92ff7c390190144edca628a4 
Number of updated asset objects reloaded before import = 0Number of asset objects unloaded after import = 1

========================================================================
Received Import Request.
  Time since last request: 0.000028 seconds.
  path: Assets/Kevin Iglesias/Human Animations/Materials
  importAddress: Guid(51ecd5c3ff236ad45a534cf2180c75ae) Importer(2089858483,b0f066a214c2f5e87bad3c948f4d605d)
Start importing Assets/Kevin Iglesias/Human Animations/Materials using Guid(51ecd5c3ff236ad45a534cf2180c75ae) Importer(2089858483,b0f066a214c2f5e87bad3c948f4d605d) (ScriptedImporter) -> (Import Result ID: 'b842e5376380fc481a551c88f0357bda') in 0.0154149 seconds [static and dynamic dependencies]. Details - ImportResultOutputID=278f782d64712eedfa84465edf01737b DependenciesID=e4f8d02f36d4678688b83ace3a32f096 StaticDependenciesID=5a4c9676aa9b71d4905a8cc3b7aa88fc 
Number of updated asset objects reloaded before import = 0Number of asset objects unloaded after import = 1

========================================================================
Received Import Request.
  Time since last request: 0.000022 seconds.
  path: Assets/Kevin Iglesias/Human Animations/Unity Demo Scenes/Human Crafting Animations/Models/Tools
  importAddress: Guid(c83788c71a2201d41b0433cd35431780) Importer(2089858483,b0f066a214c2f5e87bad3c948f4d605d)
Start importing Assets/Kevin Iglesias/Human Animations/Unity Demo Scenes/Human Crafting Animations/Models/Tools using Guid(c83788c71a2201d41b0433cd35431780) Importer(2089858483,b0f066a214c2f5e87bad3c948f4d605d) (ScriptedImporter) -> (Import Result ID: 'c00f530cc2db6cee7436dd37397566bd') in 0.0173814 seconds [static and dynamic dependencies]. Details - ImportResultOutputID=5383da90716b3bc6342d7cd84cc473ae DependenciesID=b5bafa40418728b7dab4d2df71e55ab7 StaticDependenciesID=4f366486f030c4cd64015788d31f1852 
Number of updated asset objects reloaded before import = 0Number of asset objects unloaded after import = 1

========================================================================
Received Import Request.
  Time since last request: 0.000022 seconds.
  path: Assets/Imports/LPEnvirement/Lowpoly_Village/Prefabs/Modular/Bridge
  importAddress: Guid(f479e3fca277d3f43b3b0aaead6d1ed0) Importer(2089858483,b0f066a214c2f5e87bad3c948f4d605d)
Start importing Assets/Imports/LPEnvirement/Lowpoly_Village/Prefabs/Modular/Bridge using Guid(f479e3fca277d3f43b3b0aaead6d1ed0) Importer(2089858483,b0f066a214c2f5e87bad3c948f4d605d) (ScriptedImporter) -> (Import Result ID: '1b79c5d55e236938281197a8ca8dd47a') in 0.0182743 seconds [static and dynamic dependencies]. Details - ImportResultOutputID=fd1979afaad273b891361d1c2006b2b2 DependenciesID=d10a012a448a60406f883a547941e1a3 StaticDependenciesID=dcf51b4bf9cb707e035a644a2860fece 
Number of updated asset objects reloaded before import = 0Number of asset objects unloaded after import = 1

========================================================================
Received Import Request.
  Time since last request: 0.000037 seconds.
  path: Assets/Imports/LPEnvirement/Lowpoly_Environments/Sources/Meshes/Shrubs
  importAddress: Guid(372b3a07e412e84429b47816bcf7d59b) Importer(2089858483,b0f066a214c2f5e87bad3c948f4d605d)
Start importing Assets/Imports/LPEnvirement/Lowpoly_Environments/Sources/Meshes/Shrubs using Guid(372b3a07e412e84429b47816bcf7d59b) Importer(2089858483,b0f066a214c2f5e87bad3c948f4d605d) (ScriptedImporter) -> (Import Result ID: '986c7193de828e25e149857bb142489c') in 0.0174317 seconds [static and dynamic dependencies]. Details - ImportResultOutputID=49fb33b2d9683327dc628daaa3e32aa8 DependenciesID=51f1dca28f96a51b8ac095301bcb5acf StaticDependenciesID=8040ae95a2c269bc603c841b2e17d108 
Number of updated asset objects reloaded before import = 0Number of asset objects unloaded after import = 1

========================================================================
Received Import Request.
  Time since last request: 0.000022 seconds.
  path: Assets/Standard Assets
  importAddress: Guid(8986dafbf31c843e3aafd358e0b15ea6) Importer(2089858483,b0f066a214c2f5e87bad3c948f4d605d)
Start importing Assets/Standard Assets using Guid(8986dafbf31c843e3aafd358e0b15ea6) Importer(2089858483,b0f066a214c2f5e87bad3c948f4d605d) (ScriptedImporter) -> (Import Result ID: '426a1d84e48850dd4b051fa32e6b5d77') in 0.0164425 seconds [static and dynamic dependencies]. Details - ImportResultOutputID=e5ee6117584d6f47614c8f9f16f343af DependenciesID=ede6e9577d0a8af3fc463aec7beac49f StaticDependenciesID=1bbe40aa85e3841cc7039b827883c5d4 
Number of updated asset objects reloaded before import = 0Number of asset objects unloaded after import = 1

========================================================================
Received Import Request.
  Time since last request: 0.000019 seconds.
  path: Assets/Imports/LPEnvirement/Lowpoly_Environments/Prefabs/Rocks
  importAddress: Guid(c074246cbfde8eb4bb1b1203417f3bf2) Importer(2089858483,b0f066a214c2f5e87bad3c948f4d605d)
Start importing Assets/Imports/LPEnvirement/Lowpoly_Environments/Prefabs/Rocks using Guid(c074246cbfde8eb4bb1b1203417f3bf2) Importer(2089858483,b0f066a214c2f5e87bad3c948f4d605d) (ScriptedImporter) -> (Import Result ID: '972ce33559ac8f97250e7600de99b8bd') in 0.016691 seconds [static and dynamic dependencies]. Details - ImportResultOutputID=7d9d27530467e1918ffba12d4113c0e0 DependenciesID=e9f43f93d881e094b647613865c4e13e StaticDependenciesID=08590bd443055972a4185e86b7e9a1bc 
Number of updated asset objects reloaded before import = 0Number of asset objects unloaded after import = 1

========================================================================
Received Import Request.
  Time since last request: 0.000025 seconds.
  path: Assets/WeaponsAndPropsAssetPack_NAS/Assets/Breakables/Bowl
  importAddress: Guid(7fecbc6874c87654d9405ea6dd16a253) Importer(2089858483,b0f066a214c2f5e87bad3c948f4d605d)
Start importing Assets/WeaponsAndPropsAssetPack_NAS/Assets/Breakables/Bowl using Guid(7fecbc6874c87654d9405ea6dd16a253) Importer(2089858483,b0f066a214c2f5e87bad3c948f4d605d) (ScriptedImporter) -> (Import Result ID: 'b8568fd2ceb072ab1243218d8f28176b') in 0.0167216 seconds [static and dynamic dependencies]. Details - ImportResultOutputID=3c8f4b0590563f4ea04d302a8c47d776 DependenciesID=282997e3fe934ffbad69f2eabbce0b25 StaticDependenciesID=eaf47c0bf022f0e2d14c05282d7649c2 
Number of updated asset objects reloaded before import = 0Number of asset objects unloaded after import = 1

========================================================================
Received Import Request.
  Time since last request: 0.000044 seconds.
  path: Assets/BOXOPHOBIC/Utils/Editor/StyledMaterial
  importAddress: Guid(7cd28bd6a9ec7514b8941fea7736a7b9) Importer(2089858483,b0f066a214c2f5e87bad3c948f4d605d)
Start importing Assets/BOXOPHOBIC/Utils/Editor/StyledMaterial using Guid(7cd28bd6a9ec7514b8941fea7736a7b9) Importer(2089858483,b0f066a214c2f5e87bad3c948f4d605d) (ScriptedImporter) -> (Import Result ID: 'd0af0465d8bbfb3a8208045753a76467') in 0.0159182 seconds [static and dynamic dependencies]. Details - ImportResultOutputID=9e5e998d6c1cff5c577a093798d7990c DependenciesID=888d68d0ad42f02d2ad3291652b0580f StaticDependenciesID=86ace34e8fbb234598379bdf70aaee22 
Number of updated asset objects reloaded before import = 0Number of asset objects unloaded after import = 1

========================================================================
Received Import Request.
  Time since last request: 0.000028 seconds.
  path: Assets/Imports/LPAnimals/LOW POLY CUBIC - Goat and Sheep Pack/Prefabs_Standard
  importAddress: Guid(ea8e3150aaf723646bf17c43bc3920c2) Importer(2089858483,b0f066a214c2f5e87bad3c948f4d605d)
Start importing Assets/Imports/LPAnimals/LOW POLY CUBIC - Goat and Sheep Pack/Prefabs_Standard using Guid(ea8e3150aaf723646bf17c43bc3920c2) Importer(2089858483,b0f066a214c2f5e87bad3c948f4d605d) (ScriptedImporter) -> (Import Result ID: '4bebdf3934099cf06b27c8e285ca7b24') in 0.0168964 seconds [static and dynamic dependencies]. Details - ImportResultOutputID=a07a97929dc1090497c5b4dec4dc6066 DependenciesID=08e15e709e281990002fcfc5c9f84b43 StaticDependenciesID=36854db1dd38e7fe43adb0e81d518c36 
Number of updated asset objects reloaded before import = 0Number of asset objects unloaded after import = 1

========================================================================
Received Import Request.
  Time since last request: 0.000021 seconds.
  path: Assets/AllSkyFree/Overcast Low
  importAddress: Guid(63e1d590517f54841ad8cf519edf1256) Importer(2089858483,b0f066a214c2f5e87bad3c948f4d605d)
Start importing Assets/AllSkyFree/Overcast Low using Guid(63e1d590517f54841ad8cf519edf1256) Importer(2089858483,b0f066a214c2f5e87bad3c948f4d605d) (ScriptedImporter) -> (Import Result ID: 'e3298663c78a239fbee7a48a19868e85') in 0.0179765 seconds [static and dynamic dependencies]. Details - ImportResultOutputID=1d49753b39be4c34e9d9be879ba81d53 DependenciesID=c2da9ce064bd2e82726613e8b1d2804c StaticDependenciesID=9b030ce049f1c1d4a3f6b832f03eb697 
Number of updated asset objects reloaded before import = 0Number of asset objects unloaded after import = 1

========================================================================
Received Import Request.
  Time since last request: 0.000026 seconds.
  path: Assets
  importAddress: Guid(00000000000000001000000000000000) Importer(2089858483,b0f066a214c2f5e87bad3c948f4d605d)
Start importing Assets using Guid(00000000000000001000000000000000) Importer(2089858483,b0f066a214c2f5e87bad3c948f4d605d) (ScriptedImporter) -> (Import Result ID: '2eb5f4e752a788f477e321a81022015f') in 0.0166568 seconds [static and dynamic dependencies]. Details - ImportResultOutputID=fe83efe92932daed6a01d929c7c3e1bd DependenciesID=84f543f677da568d1d0b8e00b6b622cf StaticDependenciesID=ce7271562d9a718b9eb4b9d18d9cbb33 
Number of updated asset objects reloaded before import = 0Number of asset objects unloaded after import = 1

========================================================================
Received Import Request.
  Time since last request: 0.000036 seconds.
  path: Assets/TextMesh Pro/Examples & Extras/Resources/Fonts & Materials
  importAddress: Guid(4f1e85c79acf49968737939ce8b445c7) Importer(2089858483,b0f066a214c2f5e87bad3c948f4d605d)
Start importing Assets/TextMesh Pro/Examples & Extras/Resources/Fonts & Materials using Guid(4f1e85c79acf49968737939ce8b445c7) Importer(2089858483,b0f066a214c2f5e87bad3c948f4d605d) (ScriptedImporter) -> (Import Result ID: '887ce68083f604d72dac38dbe73f6dc5') in 0.0182638 seconds [static and dynamic dependencies]. Details - ImportResultOutputID=55146f26d64ada1b49d8429e1bcea3f4 DependenciesID=8f01107312a4706ae6228301a2f694d4 StaticDependenciesID=fba08313f9a4eb71f3ffb78e7e76efb5 
Number of updated asset objects reloaded before import = 0Number of asset objects unloaded after import = 1

========================================================================
Received Import Request.
  Time since last request: 0.000026 seconds.
  path: Assets/Imports/LPWeapons/Prefabs/FX
  importAddress: Guid(2aaa21c1bb4ef9b4388b794772151e25) Importer(2089858483,b0f066a214c2f5e87bad3c948f4d605d)
Start importing Assets/Imports/LPWeapons/Prefabs/FX using Guid(2aaa21c1bb4ef9b4388b794772151e25) Importer(2089858483,b0f066a214c2f5e87bad3c948f4d605d) (ScriptedImporter) -> (Import Result ID: '649293904eb30c0cd30c9311a582d1bd') in 0.0172364 seconds [static and dynamic dependencies]. Details - ImportResultOutputID=75112a976c2d9d488926053cc2fb0e1b DependenciesID=3b45e56d03d1c0789bc5324112a62933 StaticDependenciesID=418d5e7d99f2dcc2bd4a447b29d8fa39 
Number of updated asset objects reloaded before import = 0Number of asset objects unloaded after import = 1

========================================================================
Received Import Request.
  Time since last request: 0.000019 seconds.
  path: Assets/AllSkyFree/Night MoonBurst
  importAddress: Guid(26e352704e0b94af78a547c6d44125d9) Importer(2089858483,b0f066a214c2f5e87bad3c948f4d605d)
Start importing Assets/AllSkyFree/Night MoonBurst using Guid(26e352704e0b94af78a547c6d44125d9) Importer(2089858483,b0f066a214c2f5e87bad3c948f4d605d) (ScriptedImporter) -> (Import Result ID: '3eec8729a240b21a2f972d393ab615f4') in 0.0185892 seconds [static and dynamic dependencies]. Details - ImportResultOutputID=d2e27a4810f94e19b83cea99217f1c3a DependenciesID=b00ee9a76fae31518dbd618f56cfe401 StaticDependenciesID=1e7842e62f041aa109b7f1abe3d28be1 
Number of updated asset objects reloaded before import = 0Number of asset objects unloaded after import = 1

========================================================================
Received Import Request.
  Time since last request: 0.000034 seconds.
  path: Assets/Imports/LPEnvirement/Lowpoly_Demos/Environment_Free/Helpers/Terrain
  importAddress: Guid(64b75df8359bb5441b4442d30015f8b8) Importer(2089858483,b0f066a214c2f5e87bad3c948f4d605d)
Start importing Assets/Imports/LPEnvirement/Lowpoly_Demos/Environment_Free/Helpers/Terrain using Guid(64b75df8359bb5441b4442d30015f8b8) Importer(2089858483,b0f066a214c2f5e87bad3c948f4d605d) (ScriptedImporter) -> (Import Result ID: '1cafb6855a14bff7b6ebaa04a7508790') in 0.0201462 seconds [static and dynamic dependencies]. Details - ImportResultOutputID=c6f5c1ccbfa3784bfab76d2e1ef8cd2c DependenciesID=9f526c79266ed7b3210aeaffd05f7b76 StaticDependenciesID=61a685c93ba244d94ddef9a00daf08aa 
Number of updated asset objects reloaded before import = 0Number of asset objects unloaded after import = 1

========================================================================
Received Import Request.
  Time since last request: 0.000036 seconds.
  path: Assets/Kevin Iglesias/Human Animations/Scripts
  importAddress: Guid(e64c16a1da5b84c4488d02899ba2e527) Importer(2089858483,b0f066a214c2f5e87bad3c948f4d605d)
Start importing Assets/Kevin Iglesias/Human Animations/Scripts using Guid(e64c16a1da5b84c4488d02899ba2e527) Importer(2089858483,b0f066a214c2f5e87bad3c948f4d605d) (ScriptedImporter) -> (Import Result ID: '71daa9b467587e06c3d47e7381db4312') in 0.0173963 seconds [static and dynamic dependencies]. Details - ImportResultOutputID=37294853bbb45b77618198113423ca78 DependenciesID=aa24fe927415f8437e64d72a2d005a36 StaticDependenciesID=edcd90a15cba6ef3eec9a92e930e2b98 
Number of updated asset objects reloaded before import = 0Number of asset objects unloaded after import = 1

========================================================================
Received Import Request.
  Time since last request: 0.000021 seconds.
  path: Assets/Textures/Character
  importAddress: Guid(c93fab230480c2b4caee0d66ea954e47) Importer(2089858483,b0f066a214c2f5e87bad3c948f4d605d)
Start importing Assets/Textures/Character using Guid(c93fab230480c2b4caee0d66ea954e47) Importer(2089858483,b0f066a214c2f5e87bad3c948f4d605d) (ScriptedImporter) -> (Import Result ID: 'd6f57c8cd66b827cf2998af57958543e') in 0.0152433 seconds [static and dynamic dependencies]. Details - ImportResultOutputID=a1af51fe85cb2077a457c756bd876c97 DependenciesID=6b162c3516be90c84a987fd179f985a3 StaticDependenciesID=5bbf8926d7b14abbe168cfe46aba15c9 
Number of updated asset objects reloaded before import = 0Number of asset objects unloaded after import = 1

========================================================================
Received Import Request.
  Time since last request: 0.000019 seconds.
  path: Assets/WeaponsAndPropsAssetPack_NAS/Prefabs/Instruments
  importAddress: Guid(1c0b044c93c8b4b4583a818eeb072cce) Importer(2089858483,b0f066a214c2f5e87bad3c948f4d605d)
Start importing Assets/WeaponsAndPropsAssetPack_NAS/Prefabs/Instruments using Guid(1c0b044c93c8b4b4583a818eeb072cce) Importer(2089858483,b0f066a214c2f5e87bad3c948f4d605d) (ScriptedImporter) -> (Import Result ID: '5c0546411cbfe7b189708b5f394cdf38') in 0.0156226 seconds [static and dynamic dependencies]. Details - ImportResultOutputID=f39aa7468cc795dedb9b3a31df73d1da DependenciesID=3500175e76d69ed5f8f3bf3e82108f6f StaticDependenciesID=eaf4eedb2bd2ba6120e88aecc97791fe 
Number of updated asset objects reloaded before import = 0Number of asset objects unloaded after import = 1

========================================================================
Received Import Request.
  Time since last request: 0.000024 seconds.
  path: Assets/Scenes
  importAddress: Guid(dbd4a747d8fc9b24b907c08208101879) Importer(2089858483,b0f066a214c2f5e87bad3c948f4d605d)
Start importing Assets/Scenes using Guid(dbd4a747d8fc9b24b907c08208101879) Importer(2089858483,b0f066a214c2f5e87bad3c948f4d605d) (ScriptedImporter) -> (Import Result ID: '29554b8f47b37702540f36e4c19428d0') in 0.0161481 seconds [static and dynamic dependencies]. Details - ImportResultOutputID=9505bd4afd23fb842a21734f3de59431 DependenciesID=df42c2ee408abc37c5163f0f45f5d1c5 StaticDependenciesID=4449e97848685846d70220a93fa1c830 
Number of updated asset objects reloaded before import = 0Number of asset objects unloaded after import = 1

========================================================================
Received Import Request.
  Time since last request: 0.000029 seconds.
  path: Assets/BOXOPHOBIC/Utils/Editor/StyledMono
  importAddress: Guid(92e315d8a95a24b4a889d5a58303ec64) Importer(2089858483,b0f066a214c2f5e87bad3c948f4d605d)
Start importing Assets/BOXOPHOBIC/Utils/Editor/StyledMono using Guid(92e315d8a95a24b4a889d5a58303ec64) Importer(2089858483,b0f066a214c2f5e87bad3c948f4d605d) (ScriptedImporter) -> (Import Result ID: '84569c6b180762eb6741b78b5d2822bd') in 0.0144659 seconds [static and dynamic dependencies]. Details - ImportResultOutputID=98df4ec92a1f5a186256e70128854b89 DependenciesID=a381fb0896e12e5b1007d90fe7dbd20f StaticDependenciesID=79496a3c5d127e1ab89c505069660ae9 
Number of updated asset objects reloaded before import = 0Number of asset objects unloaded after import = 1

========================================================================
Received Import Request.
  Time since last request: 0.000019 seconds.
  path: Assets/Imports/LPEnvirement/Lowpoly_Environments/Sources/Shaders
  importAddress: Guid(14ce2d65946738f43a28d751e95a91c2) Importer(2089858483,b0f066a214c2f5e87bad3c948f4d605d)
Start importing Assets/Imports/LPEnvirement/Lowpoly_Environments/Sources/Shaders using Guid(14ce2d65946738f43a28d751e95a91c2) Importer(2089858483,b0f066a214c2f5e87bad3c948f4d605d) (ScriptedImporter) -> (Import Result ID: 'ef80bf9fbbedef23a165763e6dce172a') in 0.0157684 seconds [static and dynamic dependencies]. Details - ImportResultOutputID=864f2ffbb1e4678b3a983d37d1a17571 DependenciesID=3e85ae5eab2769f978950ed89eec7bdf StaticDependenciesID=7d22eec6ea444a1af3b7e46a5774257b 
Number of updated asset objects reloaded before import = 0Number of asset objects unloaded after import = 1

========================================================================
Received Import Request.
  Time since last request: 0.000028 seconds.
  path: Assets/BOXOPHOBIC/Utils/Settings
  importAddress: Guid(b60a0a10171895040b80729abf93a9a8) Importer(2089858483,b0f066a214c2f5e87bad3c948f4d605d)
Start importing Assets/BOXOPHOBIC/Utils/Settings using Guid(b60a0a10171895040b80729abf93a9a8) Importer(2089858483,b0f066a214c2f5e87bad3c948f4d605d) (ScriptedImporter) -> (Import Result ID: 'e1660677b7698ffd9f78895cc369c356') in 0.0146585 seconds [static and dynamic dependencies]. Details - ImportResultOutputID=b232f6cedc335ac33fde822055c079d3 DependenciesID=1f3bf2f83b5566af41b1551badc64bdf StaticDependenciesID=ed48177748c733062cdcd63cafae96d9 
Number of updated asset objects reloaded before import = 0Number of asset objects unloaded after import = 1

========================================================================
Received Import Request.
  Time since last request: 0.000023 seconds.
  path: Assets/BOXOPHOBIC/Skybox Cubemap Extended/Demo/Prefabs
  importAddress: Guid(fde5be430b03b4a47abdd6edbd785b03) Importer(2089858483,b0f066a214c2f5e87bad3c948f4d605d)
Start importing Assets/BOXOPHOBIC/Skybox Cubemap Extended/Demo/Prefabs using Guid(fde5be430b03b4a47abdd6edbd785b03) Importer(2089858483,b0f066a214c2f5e87bad3c948f4d605d) (ScriptedImporter) -> (Import Result ID: 'f828e7aa158ff1725f1aaf72d9de0e4d') in 0.013576 seconds [static and dynamic dependencies]. Details - ImportResultOutputID=190898d2f8e9b4a7860e2914dae72179 DependenciesID=cc45264f7b69ed4f45202814f2d6c20f StaticDependenciesID=e0b864637fdb86dbd12bd63272ebf391 
Number of updated asset objects reloaded before import = 0Number of asset objects unloaded after import = 1

========================================================================
Received Import Request.
  Time since last request: 0.000032 seconds.
  path: Assets/Imports/LPEnvirement/Lowpoly_Village/Prefabs/Modular
  importAddress: Guid(5f16d7f0deffe2d44a0db2c9b5f0c409) Importer(2089858483,b0f066a214c2f5e87bad3c948f4d605d)
Start importing Assets/Imports/LPEnvirement/Lowpoly_Village/Prefabs/Modular using Guid(5f16d7f0deffe2d44a0db2c9b5f0c409) Importer(2089858483,b0f066a214c2f5e87bad3c948f4d605d) (ScriptedImporter) -> (Import Result ID: 'aca372ea1c9e5258d86592b5d56504be') in 0.0132143 seconds [static and dynamic dependencies]. Details - ImportResultOutputID=5f5257662d883eae157cedf4da8c061f DependenciesID=6b5cdef2c3734166265e973eda8fd106 StaticDependenciesID=4dde3a07bfd89b117fd4c6252ba3aa4f 
Number of updated asset objects reloaded before import = 0Number of asset objects unloaded after import = 1

========================================================================
Received Import Request.
  Time since last request: 0.000020 seconds.
  path: Assets/Kevin Iglesias/Human Animations/Animations/Female/Work/Gathering
  importAddress: Guid(214ef303307496b4186cb1a2101b92ab) Importer(2089858483,b0f066a214c2f5e87bad3c948f4d605d)
Start importing Assets/Kevin Iglesias/Human Animations/Animations/Female/Work/Gathering using Guid(214ef303307496b4186cb1a2101b92ab) Importer(2089858483,b0f066a214c2f5e87bad3c948f4d605d) (ScriptedImporter) -> (Import Result ID: 'a26781535b6d3dc3f345b30689222b23') in 0.0194132 seconds [static and dynamic dependencies]. Details - ImportResultOutputID=2472c95fc5b77080a14ddbaa7d63a46f DependenciesID=491b8cf4bd598e4527e195a9b02127cb StaticDependenciesID=0b272be8b2c59007b5f2fa47d7924478 
Number of updated asset objects reloaded before import = 0Number of asset objects unloaded after import = 1

========================================================================
Received Import Request.
  Time since last request: 998.258135 seconds.
  path: Assets/Scenes/TestWorld
  importAddress: Guid(8dbeaa229433c0e4d88f5b3ec3062f10) Importer(815301076,1909f56bfc062723c751e8b465ee728b)
Start importing Assets/Scenes/TestWorld using Guid(8dbeaa229433c0e4d88f5b3ec3062f10) Importer(815301076,1909f56bfc062723c751e8b465ee728b) (PreviewImporter) -> (Import Result ID: '65b26d1f11e9fcf549ca6d15eb8f167d') in 0.0008836 seconds [static and dynamic dependencies]. Details - ImportResultOutputID=2db8fa49d2d16b7325e3363f35d52f9e DependenciesID=4440f1f4b50220288033d1deabe45ed3 StaticDependenciesID=ffb57b1a9c0617f88e525ee784653b0f 
Number of updated asset objects reloaded before import = 0Number of asset objects unloaded after import = 0

========================================================================
Received Import Request.
  Time since last request: 0.808962 seconds.
  path: Assets/Scenes/Scene
  importAddress: Guid(2aa7440648af8b5479ba0597dc0a3f33) Importer(815301076,1909f56bfc062723c751e8b465ee728b)
Start importing Assets/Scenes/Scene using Guid(2aa7440648af8b5479ba0597dc0a3f33) Importer(815301076,1909f56bfc062723c751e8b465ee728b) (PreviewImporter) -> (Import Result ID: '29b69f9934f5ebf29e1871ca9d32e3ef') in 0.0005877 seconds [static and dynamic dependencies]. Details - ImportResultOutputID=a96b06c4eb7e8a1a8ce133b445d653e2 DependenciesID=4824b4c4f6994a944377c0cae8d3b440 StaticDependenciesID=2cbf7080b18a4865fe73d1ae415aa832 
Number of updated asset objects reloaded before import = 0Number of asset objects unloaded after import = 0

========================================================================
Received Import Request.
  Time since last request: 0.166733 seconds.
  path: Assets/Scenes/Scene/LightingData.asset
  importAddress: Guid(068360bb46d55954fafb78bba3974828) Importer(815301076,1909f56bfc062723c751e8b465ee728b)
Start importing Assets/Scenes/Scene/LightingData.asset using Guid(068360bb46d55954fafb78bba3974828) Importer(815301076,1909f56bfc062723c751e8b465ee728b) (PreviewImporter) -> (Import Result ID: '9104897c7ecd1c220708491813cb2747') in 0.0305613 seconds [static and dynamic dependencies]. Details - ImportResultOutputID=19f9ad8394bea4847a2b8219684651e6 DependenciesID=15674aa67a7be632204f655046184260 StaticDependenciesID=3c3cccf69b64f89837c8333d2487c2f1 
Number of updated asset objects reloaded before import = 0Number of asset objects unloaded after import = 2

========================================================================
Received Import Request.
  Time since last request: 2.537024 seconds.
  path: Assets/Scenes/TestWorld/LightingData.asset
  importAddress: Guid(61700ef453b5e67488488fc0b0c1a79e) Importer(815301076,1909f56bfc062723c751e8b465ee728b)
Start importing Assets/Scenes/TestWorld/LightingData.asset using Guid(61700ef453b5e67488488fc0b0c1a79e) Importer(815301076,1909f56bfc062723c751e8b465ee728b) (PreviewImporter) -> (Import Result ID: 'd4b40bba41bf7dbde828dfc99f781828') in 0.001531 seconds [static and dynamic dependencies]. Details - ImportResultOutputID=04cf36518259155627089bb57decad89 DependenciesID=7d60c50094ab0a93d958f8d62852f578 StaticDependenciesID=d7178a378bc7d948a2a39a1a2dc78177 
Number of updated asset objects reloaded before import = 0Number of asset objects unloaded after import = 2

========================================================================
Received Import Request.
  Time since last request: 0.000021 seconds.
  path: Assets/Scenes/TestWorld/Lightmap-4_comp_light.exr
  importAddress: Guid(597a2e64939e48f45b614a4dd883a0c3) Importer(815301076,1909f56bfc062723c751e8b465ee728b)
Start importing Assets/Scenes/TestWorld/Lightmap-4_comp_light.exr using Guid(597a2e64939e48f45b614a4dd883a0c3) Importer(815301076,1909f56bfc062723c751e8b465ee728b) (PreviewImporter) -> (Import Result ID: 'b0ea4113229aa16cd896f5fa599dc8a0') in 0.2331344 seconds [static and dynamic dependencies]. Details - ImportResultOutputID=d6430aac1ab8ea754181d1c037b03ebb DependenciesID=ce0b015f4a539cc4f056691ba835fb5a StaticDependenciesID=4475c7161e6a0b8e1934b7f068a8aeb4 
Number of updated asset objects reloaded before import = 0Number of asset objects unloaded after import = 2

========================================================================
Received Import Request.
  Time since last request: 0.000036 seconds.
  path: Assets/Scenes/TestWorld/Lightmap-5_comp_light.exr
  importAddress: Guid(489ab5994e4161f47862ac57c52fbd69) Importer(815301076,1909f56bfc062723c751e8b465ee728b)
Start importing Assets/Scenes/TestWorld/Lightmap-5_comp_light.exr using Guid(489ab5994e4161f47862ac57c52fbd69) Importer(815301076,1909f56bfc062723c751e8b465ee728b) (PreviewImporter) -> (Import Result ID: '8a9aa63b1229bd44c5b37b14e07b60d0') in 0.0291896 seconds [static and dynamic dependencies]. Details - ImportResultOutputID=4d1677ab50d05aa185aff71fea9ac886 DependenciesID=97bb37fc2f7b0f612089b81cb13577e7 StaticDependenciesID=8c36d6451b4c4eeb2c67dcff4d00acb0 
Number of updated asset objects reloaded before import = 0Number of asset objects unloaded after import = 2

========================================================================
Received Import Request.
  Time since last request: 0.000043 seconds.
  path: Assets/Scenes/TestWorld/Lightmap-0_comp_light.exr
  importAddress: Guid(0d17742a218710c4ea6a58b8c715fb91) Importer(815301076,1909f56bfc062723c751e8b465ee728b)
Start importing Assets/Scenes/TestWorld/Lightmap-0_comp_light.exr using Guid(0d17742a218710c4ea6a58b8c715fb91) Importer(815301076,1909f56bfc062723c751e8b465ee728b) (PreviewImporter) -> (Import Result ID: 'c383adecab13b3b2e2a4b1a829df9074') in 0.0291177 seconds [static and dynamic dependencies]. Details - ImportResultOutputID=63d7286f60fb0c1cdc24a8faf0646fd0 DependenciesID=50ecda86bc7a897dd3b439cb206f169b StaticDependenciesID=0489ccb70b40551973b3ac94e59b00e6 
Number of updated asset objects reloaded before import = 0Number of asset objects unloaded after import = 2

========================================================================
Received Import Request.
  Time since last request: 0.000025 seconds.
  path: Assets/Scenes/TestWorld/Lightmap-2_comp_dir.png
  importAddress: Guid(c0d0d97366679504c879044b1ad3feb2) Importer(815301076,1909f56bfc062723c751e8b465ee728b)
Start importing Assets/Scenes/TestWorld/Lightmap-2_comp_dir.png using Guid(c0d0d97366679504c879044b1ad3feb2) Importer(815301076,1909f56bfc062723c751e8b465ee728b) (PreviewImporter) -> (Import Result ID: '825a42888371c8bd589753a26fa1ac72') in 0.026376 seconds [static and dynamic dependencies]. Details - ImportResultOutputID=3bc5c5225038f6eba64a0bc552b3a2f5 DependenciesID=76820b9036f376e59baa20741623b69c StaticDependenciesID=07d89a49761a3d19e470c86c50ecc643 
Number of updated asset objects reloaded before import = 0Number of asset objects unloaded after import = 2

========================================================================
Received Import Request.
  Time since last request: 0.000028 seconds.
  path: Assets/Scenes/TestWorld/Lightmap-7_comp_light.exr
  importAddress: Guid(b02615300ad53394a8c77d7f0530f6ee) Importer(815301076,1909f56bfc062723c751e8b465ee728b)
Start importing Assets/Scenes/TestWorld/Lightmap-7_comp_light.exr using Guid(b02615300ad53394a8c77d7f0530f6ee) Importer(815301076,1909f56bfc062723c751e8b465ee728b) (PreviewImporter) -> (Import Result ID: 'e38118aabc0bd98007f39fb41f000e12') in 0.029792 seconds [static and dynamic dependencies]. Details - ImportResultOutputID=18db514fd9450492cae4a5f8d88bc953 DependenciesID=2f11bf74e57e6d4651389bf3bf624cac StaticDependenciesID=985ac0ab55d6cc5a3d6515c10f773c3f 
Number of updated asset objects reloaded before import = 0Number of asset objects unloaded after import = 2

========================================================================
Received Import Request.
  Time since last request: 0.000029 seconds.
  path: Assets/Scenes/TestWorld/Lightmap-4_comp_dir.png
  importAddress: Guid(d4fa1038274978c42b1d4a72b850ed05) Importer(815301076,1909f56bfc062723c751e8b465ee728b)
Start importing Assets/Scenes/TestWorld/Lightmap-4_comp_dir.png using Guid(d4fa1038274978c42b1d4a72b850ed05) Importer(815301076,1909f56bfc062723c751e8b465ee728b) (PreviewImporter) -> (Import Result ID: '5c24e45b9e1326ac12b480f589b76d9f') in 0.0248929 seconds [static and dynamic dependencies]. Details - ImportResultOutputID=2ea6e0a1d8f1ecba20acb27786651857 DependenciesID=8575bf3ff0810f7aedff0b600df3a5a0 StaticDependenciesID=9b733eeffc400f6eef4a43bafaa58d2d 
Number of updated asset objects reloaded before import = 0Number of asset objects unloaded after import = 2

========================================================================
Received Import Request.
  Time since last request: 0.000042 seconds.
  path: Assets/Scenes/TestWorld/ReflectionProbe-0.exr
  importAddress: Guid(6177541f540798847bb65c438bc6e501) Importer(815301076,1909f56bfc062723c751e8b465ee728b)
Start importing Assets/Scenes/TestWorld/ReflectionProbe-0.exr using Guid(6177541f540798847bb65c438bc6e501) Importer(815301076,1909f56bfc062723c751e8b465ee728b) (PreviewImporter) -> (Import Result ID: '5dc074807c58ed83f7326a7f4b26d33d') in 0.6890838 seconds [static and dynamic dependencies]. Details - ImportResultOutputID=c943e7b78472f7839e2cad48af8aeede DependenciesID=f86ff00155c3251c2f49cda06c5f35f0 StaticDependenciesID=9cb1e3358d2406381849b1b53299c71e 
Number of updated asset objects reloaded before import = 0Number of asset objects unloaded after import = 2

========================================================================
Received Import Request.
  Time since last request: 32.634735 seconds.
  path: Assets/Terrain Assets/Default Texture.asset
  importAddress: Guid(addd6b0c4581e4f73b0395a4943b9f57) Importer(815301076,1909f56bfc062723c751e8b465ee728b)
Start importing Assets/Terrain Assets/Default Texture.asset using Guid(addd6b0c4581e4f73b0395a4943b9f57) Importer(815301076,1909f56bfc062723c751e8b465ee728b) (PreviewImporter) -> (Import Result ID: '15da4f7da5115d42b565fbbc8e476cc9') in 0.0104984 seconds [static and dynamic dependencies]. Details - ImportResultOutputID=e39884c0e2a55d189b876642de19fcc5 DependenciesID=7e8ba3ed4e449af0b220d4e75f5f3738 StaticDependenciesID=723831138b6dca7bd04b6cb797449ddf 
Number of updated asset objects reloaded before import = 0Number of asset objects unloaded after import = 7

========================================================================
Received Import Request.
  Time since last request: 23.310208 seconds.
  path: Assets/Imports/Ch21_nonPBR.fbx
  importAddress: Guid(865418671e69f8c439de249e1469d7d2) Importer(815301076,1909f56bfc062723c751e8b465ee728b)
Start importing Assets/Imports/Ch21_nonPBR.fbx using Guid(865418671e69f8c439de249e1469d7d2) Importer(815301076,1909f56bfc062723c751e8b465ee728b) (PreviewImporter) -> (Import Result ID: '26639562f0333c0f947eb5b4fe2c9abb') in 3.0066114 seconds [static and dynamic dependencies]. Details - ImportResultOutputID=02ebb95fd208b371d1bb9044d37e93e2 DependenciesID=dbada46fe1005dc0c6c97b16ac6c83b7 StaticDependenciesID=8970626460ae27a0b527f751611b4317 
Number of updated asset objects reloaded before import = 0Number of asset objects unloaded after import = 166

========================================================================
Received Import Request.
  Time since last request: 7.308769 seconds.
  path: Assets/Icons/axe.png
  importAddress: Guid(7ace56751c21f7942883ee1eb9395640) Importer(815301076,1909f56bfc062723c751e8b465ee728b)
Start importing Assets/Icons/axe.png using Guid(7ace56751c21f7942883ee1eb9395640) Importer(815301076,1909f56bfc062723c751e8b465ee728b) (PreviewImporter) -> (Import Result ID: 'fde962ca67dd82f273ac0ee8052bb461') in 0.0467821 seconds [static and dynamic dependencies]. Details - ImportResultOutputID=a19f1a02f53b0eeae5ffdf173b1cb668 DependenciesID=8b3afc9e428c8c42a25714acdf9028a6 StaticDependenciesID=3318f8b5f62c8320b1f86718e86b83d0 
Number of updated asset objects reloaded before import = 0Number of asset objects unloaded after import = 3

========================================================================
Received Import Request.
  Time since last request: 0.000027 seconds.
  path: Assets/Icons/star-removebg-preview.png
  importAddress: Guid(3c10af8eb8513e842b9eb56a46ae9f72) Importer(815301076,1909f56bfc062723c751e8b465ee728b)
Start importing Assets/Icons/star-removebg-preview.png using Guid(3c10af8eb8513e842b9eb56a46ae9f72) Importer(815301076,1909f56bfc062723c751e8b465ee728b) (PreviewImporter) -> (Import Result ID: '1cc9513772e992a61549f118ca1cadc1') in 0.0309738 seconds [static and dynamic dependencies]. Details - ImportResultOutputID=1a2ee3ab9d4f5c9f0ead16544b86b19f DependenciesID=9b6bb0b0da434bd078553df1481a6c06 StaticDependenciesID=abaf515fc19a24f825545461f874ff91 
Number of updated asset objects reloaded before import = 0Number of asset objects unloaded after import = 3

========================================================================
Received Import Request.
  Time since last request: 0.000040 seconds.
  path: Assets/Icons/wood-plank.png
  importAddress: Guid(3ee49f1885c04fa48b2f04732a3b360a) Importer(815301076,1909f56bfc062723c751e8b465ee728b)
Start importing Assets/Icons/wood-plank.png using Guid(3ee49f1885c04fa48b2f04732a3b360a) Importer(815301076,1909f56bfc062723c751e8b465ee728b) (PreviewImporter) -> (Import Result ID: '7630714ddb85b54297b3dd37d629264a') in 0.0321018 seconds [static and dynamic dependencies]. Details - ImportResultOutputID=bb0992b362f03266e72b74095f6561ea DependenciesID=149c96d1f0243aa42c7198c81bd9e037 StaticDependenciesID=c2333123255d825ca5e80bb6f3ce3c29 
Number of updated asset objects reloaded before import = 0Number of asset objects unloaded after import = 3

========================================================================
Received Import Request.
  Time since last request: 0.000081 seconds.
  path: Assets/Icons/thor.png
  importAddress: Guid(a5b0e5406f721614893f1c97578a5b33) Importer(815301076,1909f56bfc062723c751e8b465ee728b)
Start importing Assets/Icons/thor.png using Guid(a5b0e5406f721614893f1c97578a5b33) Importer(815301076,1909f56bfc062723c751e8b465ee728b) (PreviewImporter) -> (Import Result ID: '2785c8dbef11649d5d559525042ac901') in 0.0294603 seconds [static and dynamic dependencies]. Details - ImportResultOutputID=302d93332403d9deaf29a1f11a8cf759 DependenciesID=c7d44da1c18df4bfc793e1da81f22c81 StaticDependenciesID=884c542f173fa0b17577987f98aba7c6 
Number of updated asset objects reloaded before import = 0Number of asset objects unloaded after import = 3

========================================================================
Received Import Request.
  Time since last request: 0.000140 seconds.
  path: Assets/Icons/knife.png
  importAddress: Guid(d8eea3bd3c683214e9e798613c451204) Importer(815301076,1909f56bfc062723c751e8b465ee728b)
Start importing Assets/Icons/knife.png using Guid(d8eea3bd3c683214e9e798613c451204) Importer(815301076,1909f56bfc062723c751e8b465ee728b) (PreviewImporter) -> (Import Result ID: '25a063ebbf8dc482898d06a8bb5454be') in 0.0278798 seconds [static and dynamic dependencies]. Details - ImportResultOutputID=262eeefc2588cb976e08d81a00f2da13 DependenciesID=d3f8f0865e38f10b32fe4046a9d6e86a StaticDependenciesID=0a5ec001b32d4b88cc1e58b6987088f2 
Number of updated asset objects reloaded before import = 0Number of asset objects unloaded after import = 3

========================================================================
Received Import Request.
  Time since last request: 0.000064 seconds.
  path: Assets/Icons/pickaxe.png
  importAddress: Guid(f3e958be70ba1834ab618118aac59122) Importer(815301076,1909f56bfc062723c751e8b465ee728b)
Start importing Assets/Icons/pickaxe.png using Guid(f3e958be70ba1834ab618118aac59122) Importer(815301076,1909f56bfc062723c751e8b465ee728b) (PreviewImporter) -> (Import Result ID: '09861418753e93238caf1967747e6edb') in 0.0303529 seconds [static and dynamic dependencies]. Details - ImportResultOutputID=f7aa8c53150415abc7ab1afe777c8c2e DependenciesID=8e4b3f156389543bf05efa433d73bc79 StaticDependenciesID=505f7ae9b1817a41e75b6f5bd318438d 
Number of updated asset objects reloaded before import = 0Number of asset objects unloaded after import = 3

========================================================================
Received Import Request.
  Time since last request: 0.000038 seconds.
  path: Assets/Icons/hoe.png
  importAddress: Guid(7d5c3960184f6ee4c8f4cee685c6c710) Importer(815301076,1909f56bfc062723c751e8b465ee728b)
Start importing Assets/Icons/hoe.png using Guid(7d5c3960184f6ee4c8f4cee685c6c710) Importer(815301076,1909f56bfc062723c751e8b465ee728b) (PreviewImporter) -> (Import Result ID: '37cef86d4179e83c8b0a2fedd47066f0') in 0.0332896 seconds [static and dynamic dependencies]. Details - ImportResultOutputID=36f3d944ed01fd7c3f5ed939a8efa262 DependenciesID=a560f97290d8aebbd57b42e8aec85e35 StaticDependenciesID=92ae9115a66d94e58036f5047a4019ff 
Number of updated asset objects reloaded before import = 0Number of asset objects unloaded after import = 3

========================================================================
Received Import Request.
  Time since last request: 0.000035 seconds.
  path: Assets/Icons/beef.png
  importAddress: Guid(00aa3955ad1e8644d9fe5c5ccdac405d) Importer(815301076,1909f56bfc062723c751e8b465ee728b)
Start importing Assets/Icons/beef.png using Guid(00aa3955ad1e8644d9fe5c5ccdac405d) Importer(815301076,1909f56bfc062723c751e8b465ee728b) (PreviewImporter) -> (Import Result ID: 'ed8dc6d44a09f0b5bba9d79af01f047e') in 0.0338023 seconds [static and dynamic dependencies]. Details - ImportResultOutputID=0a0d3172335a1e92953f238c32984495 DependenciesID=e09378ce36e5a1f6c9ea844b70d7db3e StaticDependenciesID=9a51e3bcb0f1846afe4d33140985e427 
Number of updated asset objects reloaded before import = 0Number of asset objects unloaded after import = 3

========================================================================
Received Import Request.
  Time since last request: 5.684644 seconds.
  path: Assets/CraftRecipes/Recipe Database.asset
  importAddress: Guid(f6a551fa92bd1dd47978cbdb259f0617) Importer(815301076,1909f56bfc062723c751e8b465ee728b)
Start importing Assets/CraftRecipes/Recipe Database.asset using Guid(f6a551fa92bd1dd47978cbdb259f0617) Importer(815301076,1909f56bfc062723c751e8b465ee728b) (PreviewImporter) -> (Import Result ID: 'cb2af12929614f914830762d5a18ca43') in 0.0073339 seconds [static and dynamic dependencies]. Details - ImportResultOutputID=f2dbb8ca4e95c86fc296052c23aa9139 DependenciesID=c35e5442667b25d8b65ce9a5997b50c6 StaticDependenciesID=3418119ab38e37fabc0ea98489328d61 
Number of updated asset objects reloaded before import = 0Number of asset objects unloaded after import = 44

========================================================================
Received Import Request.
  Time since last request: 17.527315 seconds.
  path: Assets/Materials/ItemOutline.mat
  importAddress: Guid(bd1c74e0c2e25e74aa9ee178873f07c4) Importer(815301076,1909f56bfc062723c751e8b465ee728b)
Start importing Assets/Materials/ItemOutline.mat using Guid(bd1c74e0c2e25e74aa9ee178873f07c4) Importer(815301076,1909f56bfc062723c751e8b465ee728b) (PreviewImporter) -> (Import Result ID: '55ffc0537212c4bce51e804df2f57590') in 0.1558109 seconds [static and dynamic dependencies]. Details - ImportResultOutputID=8033cb45eb6d7ec38b1c2a6fa9596365 DependenciesID=44d9b9300b73b48a3747a6add149f1fd StaticDependenciesID=ef38c6c0d5f71c979cba72ed35c841c0 
Number of updated asset objects reloaded before import = 0Number of asset objects unloaded after import = 1

========================================================================
Received Import Request.
  Time since last request: 0.000084 seconds.
  path: Assets/Materials/MinimapTexture.renderTexture
  importAddress: Guid(cbd136cd5c3654e41b3bfb1ce9286c45) Importer(815301076,1909f56bfc062723c751e8b465ee728b)
Start importing Assets/Materials/MinimapTexture.renderTexture using Guid(cbd136cd5c3654e41b3bfb1ce9286c45) Importer(815301076,1909f56bfc062723c751e8b465ee728b) (PreviewImporter) -> (Import Result ID: 'fe3a437204d389e1225ed12a2c97542d') in 0.0291612 seconds [static and dynamic dependencies]. Details - ImportResultOutputID=e43c6aacb04812f3dd7b3e3a871e425d DependenciesID=f1a1e506ba6fcd1952dba880f31f5736 StaticDependenciesID=1e0e20283c76bdc1a624f9adf76cf6e2 
Number of updated asset objects reloaded before import = 0Number of asset objects unloaded after import = 2

========================================================================
Received Import Request.
  Time since last request: 0.000092 seconds.
  path: Assets/Materials/Terrain.mat
  importAddress: Guid(184848400c93af04a8b14210fb87c3f6) Importer(815301076,1909f56bfc062723c751e8b465ee728b)
Start importing Assets/Materials/Terrain.mat using Guid(184848400c93af04a8b14210fb87c3f6) Importer(815301076,1909f56bfc062723c751e8b465ee728b) (PreviewImporter) -> (Import Result ID: '8cf837ae884bb960944705ff079f4815') in 1.527912 seconds [static and dynamic dependencies]. Details - ImportResultOutputID=578ed298184fe5f89dec09aec5d633a7 DependenciesID=c564bc729502426ebfeb515f57f6b07d StaticDependenciesID=9ee347e6b0d7309adbbb754e6aef7c4f 
Number of updated asset objects reloaded before import = 0Number of asset objects unloaded after import = 1

========================================================================
Received Import Request.
  Time since last request: 0.000042 seconds.
  path: Assets/Materials/Map Mat.mat
  importAddress: Guid(8361772db5b074f13a47ece154898939) Importer(815301076,1909f56bfc062723c751e8b465ee728b)
Start importing Assets/Materials/Map Mat.mat using Guid(8361772db5b074f13a47ece154898939) Importer(815301076,1909f56bfc062723c751e8b465ee728b) (PreviewImporter) -> (Import Result ID: '6983182fb55337725243234975a7f4b7') in 0.0798988 seconds [static and dynamic dependencies]. Details - ImportResultOutputID=84e51d209d1969b41e6dc9a765f7d4c7 DependenciesID=3d0e81fd791e7ad3a689087a799d119e StaticDependenciesID=43c863efc2cf2bcfe487ab1539e70fc5 
Number of updated asset objects reloaded before import = 0Number of asset objects unloaded after import = 1

========================================================================
Received Import Request.
  Time since last request: 0.000046 seconds.
  path: Assets/Materials/Mesh Mat.mat
  importAddress: Guid(b0872f84cf3c7441d893168677410c73) Importer(815301076,1909f56bfc062723c751e8b465ee728b)
Start importing Assets/Materials/Mesh Mat.mat using Guid(b0872f84cf3c7441d893168677410c73) Importer(815301076,1909f56bfc062723c751e8b465ee728b) (PreviewImporter) -> (Import Result ID: 'db209cec2bc8645be61ac58966e807dc') in 0.0291604 seconds [static and dynamic dependencies]. Details - ImportResultOutputID=baac21edc14fe70344ac4c9273f982bf DependenciesID=3f46503484d655736333792c2a538ef9 StaticDependenciesID=8bcca4f91b54c1edd83369325e4c0608 
Number of updated asset objects reloaded before import = 0Number of asset objects unloaded after import = 2

========================================================================
Received Import Request.
  Time since last request: 0.000029 seconds.
  path: Assets/Materials/MapTexture.renderTexture
  importAddress: Guid(2bfcf638b7a4f9644ae6eb5ce325362f) Importer(815301076,1909f56bfc062723c751e8b465ee728b)
Start importing Assets/Materials/MapTexture.renderTexture using Guid(2bfcf638b7a4f9644ae6eb5ce325362f) Importer(815301076,1909f56bfc062723c751e8b465ee728b) (PreviewImporter) -> (Import Result ID: 'af74599df4d089c549287a548665df3d') in 0.0321242 seconds [static and dynamic dependencies]. Details - ImportResultOutputID=db08b234a535cfd508c84a36abda3f79 DependenciesID=7f8a33d5f451d15f40460d150e55e6ea StaticDependenciesID=ac7e80e1f7cb45c0da6acfc3250231da 
Number of updated asset objects reloaded before import = 0Number of asset objects unloaded after import = 2

========================================================================
Received Import Request.
  Time since last request: 2.799363 seconds.
  path: Assets/Prefabs/Axe.prefab
  importAddress: Guid(770749d0ad8a8db48ad3cda5eb3ad9d9) Importer(815301076,1909f56bfc062723c751e8b465ee728b)
Start importing Assets/Prefabs/Axe.prefab using Guid(770749d0ad8a8db48ad3cda5eb3ad9d9) Importer(815301076,1909f56bfc062723c751e8b465ee728b) (PreviewImporter) -> (Import Result ID: '2ed472589a7d6a267d151d87de3b2bb3') in 1.8668963 seconds [static and dynamic dependencies]. Details - ImportResultOutputID=21567199bfed0c77a6b0a2d73c5c5748 DependenciesID=2f01dd034c0cc459fab6e013f77f01f9 StaticDependenciesID=9713654926107414c030276762400c14 
Number of updated asset objects reloaded before import = 0Number of asset objects unloaded after import = 83

========================================================================
Received Import Request.
  Time since last request: 0.000072 seconds.
  path: Assets/Prefabs/Wood.prefab
  importAddress: Guid(dad07f8a53af43746952d99dba26516b) Importer(815301076,1909f56bfc062723c751e8b465ee728b)
Start importing Assets/Prefabs/Wood.prefab using Guid(dad07f8a53af43746952d99dba26516b) Importer(815301076,1909f56bfc062723c751e8b465ee728b) (PreviewImporter) -> (Import Result ID: '23b36acd1c88df3d5246475ad21df90d') in 0.0359776 seconds [static and dynamic dependencies]. Details - ImportResultOutputID=9296fd60a6741b454d5f3bbe9573fc72 DependenciesID=ef28bd938b7bf6d6e3b358665ab86a0e StaticDependenciesID=7f5750843f9eaefe3e242b6fca85e82a 
Number of updated asset objects reloaded before import = 0Number of asset objects unloaded after import = 23

========================================================================
Received Import Request.
  Time since last request: 0.000038 seconds.
  path: Assets/Prefabs/Slot.prefab
  importAddress: Guid(6f0b112474eb99a469b6ffb6589e4ef5) Importer(815301076,1909f56bfc062723c751e8b465ee728b)
Start importing Assets/Prefabs/Slot.prefab using Guid(6f0b112474eb99a469b6ffb6589e4ef5) Importer(815301076,1909f56bfc062723c751e8b465ee728b) (PreviewImporter) -> (Import Result ID: 'e306c401b736296e3665a61fd3925aa3') in 0.0102303 seconds [static and dynamic dependencies]. Details - ImportResultOutputID=3e0cf02476cc40be6983f9ad977d11bc DependenciesID=326b5b28cfb1435616caa920df038f76 StaticDependenciesID=c7673c8155cd1eaf08e4251cb8f616a0 
Number of updated asset objects reloaded before import = 0Number of asset objects unloaded after import = 7

========================================================================
Received Import Request.
  Time since last request: 0.000055 seconds.
  path: Assets/Prefabs/Terrain.prefab
  importAddress: Guid(a32beb630eef74546ae904c98507b1e1) Importer(815301076,1909f56bfc062723c751e8b465ee728b)
Start importing Assets/Prefabs/Terrain.prefab using Guid(a32beb630eef74546ae904c98507b1e1) Importer(815301076,1909f56bfc062723c751e8b465ee728b) (PreviewImporter) -> (Import Result ID: 'cd0c220718ae015b5d1753cdb69c0cb3') in 0.0043249 seconds [static and dynamic dependencies]. Details - ImportResultOutputID=728ff6c3a9f93e583a8963b26da46917 DependenciesID=08064c6db580b57a63e7f953850a8ad2 StaticDependenciesID=3dd41e1f3043abf9d657d4fd385fe9fb 
Number of updated asset objects reloaded before import = 0Number of asset objects unloaded after import = 40

========================================================================
Received Import Request.
  Time since last request: 0.000027 seconds.
  path: Assets/Prefabs/Rock.prefab
  importAddress: Guid(8f8d3282843bc7848b83813dbc20baa8) Importer(815301076,1909f56bfc062723c751e8b465ee728b)
Start importing Assets/Prefabs/Rock.prefab using Guid(8f8d3282843bc7848b83813dbc20baa8) Importer(815301076,1909f56bfc062723c751e8b465ee728b) (PreviewImporter) -> (Import Result ID: '48b9edd75a68e7c78bdc6cf51089269a') in 0.0359204 seconds [static and dynamic dependencies]. Details - ImportResultOutputID=d08900ee31a6c55c3c80a033a28a64d6 DependenciesID=ed69ba4b2b7766ddfe708ce17fc6b028 StaticDependenciesID=022a7f2a6b0d40ddbc4f455374c0a6e6 
Number of updated asset objects reloaded before import = 0Number of asset objects unloaded after import = 29

========================================================================
Received Import Request.
  Time since last request: 16.752801 seconds.
  path: Assets/Standard Assets/PhysicsMaterials/Bouncy.physicmaterial
  importAddress: Guid(9f93f63d068b08c459038c40fce897d8) Importer(815301076,1909f56bfc062723c751e8b465ee728b)
Start importing Assets/Standard Assets/PhysicsMaterials/Bouncy.physicmaterial using Guid(9f93f63d068b08c459038c40fce897d8) Importer(815301076,1909f56bfc062723c751e8b465ee728b) (PreviewImporter) -> (Import Result ID: '0a838e531c51a62c35f07889ce189503') in 0.001415 seconds [static and dynamic dependencies]. Details - ImportResultOutputID=aa8428079b1c8644a012eb7cfce681b2 DependenciesID=0ee0cdba892568c2d8108a3aefdc74d1 StaticDependenciesID=944530d746abf29961cdec0a00d3dda6 
Number of updated asset objects reloaded before import = 0Number of asset objects unloaded after import = 1

========================================================================
Received Import Request.
  Time since last request: 0.000038 seconds.
  path: Assets/Standard Assets/PhysicsMaterials/Wood.physicmaterial
  importAddress: Guid(3aeb7dadc0c69d54d9e5777e9d5631f1) Importer(815301076,1909f56bfc062723c751e8b465ee728b)
Start importing Assets/Standard Assets/PhysicsMaterials/Wood.physicmaterial using Guid(3aeb7dadc0c69d54d9e5777e9d5631f1) Importer(815301076,1909f56bfc062723c751e8b465ee728b) (PreviewImporter) -> (Import Result ID: '831935ac1c72713e2b7b768bc2ef8a18') in 0.0013669 seconds [static and dynamic dependencies]. Details - ImportResultOutputID=c48921d56728ae3d8f03e669dc4f736f DependenciesID=e07b55d29306e72b79f44730ab686921 StaticDependenciesID=019ae4de36ce18ecc0a645e452bbedc5 
Number of updated asset objects reloaded before import = 0Number of asset objects unloaded after import = 1

========================================================================
Received Import Request.
  Time since last request: 0.000038 seconds.
  path: Assets/Standard Assets/PhysicsMaterials/MaxFriction.physicMaterial
  importAddress: Guid(e52fb17f9b1e7fd48b8955f1391d3688) Importer(815301076,1909f56bfc062723c751e8b465ee728b)
Start importing Assets/Standard Assets/PhysicsMaterials/MaxFriction.physicMaterial using Guid(e52fb17f9b1e7fd48b8955f1391d3688) Importer(815301076,1909f56bfc062723c751e8b465ee728b) (PreviewImporter) -> (Import Result ID: '499a269b6eabcba6184c46f0ebad2d67') in 0.0014603 seconds [static and dynamic dependencies]. Details - ImportResultOutputID=2045ad7d08cea8c598b597b2f0eba398 DependenciesID=18cc87dd5ebc303b4d7597e0282fca91 StaticDependenciesID=a58dccb1b50ee43ec2f2b62904270d58 
Number of updated asset objects reloaded before import = 0Number of asset objects unloaded after import = 1

========================================================================
Received Import Request.
  Time since last request: 11.065908 seconds.
  path: Assets/Textures/Grass.png
  importAddress: Guid(e36d15b65ccd248c19a846616a6767f9) Importer(815301076,1909f56bfc062723c751e8b465ee728b)
Start importing Assets/Textures/Grass.png using Guid(e36d15b65ccd248c19a846616a6767f9) Importer(815301076,1909f56bfc062723c751e8b465ee728b) (PreviewImporter) -> (Import Result ID: '2ff60f996eda7652fa485c2b68f0dda1') in 0.0297297 seconds [static and dynamic dependencies]. Details - ImportResultOutputID=5d6f394ae4b0f1f70ae06cb4a3217cb8 DependenciesID=f85f6a9659a961f2d926ccc5e0273f5b StaticDependenciesID=cc4aea84866caed485910392f7143c61 
Number of updated asset objects reloaded before import = 0Number of asset objects unloaded after import = 2

========================================================================
Received Import Request.
  Time since last request: 0.000038 seconds.
  path: Assets/Textures/Water.png
  importAddress: Guid(db243d2611d444037835ecd4af49e9b9) Importer(815301076,1909f56bfc062723c751e8b465ee728b)
Start importing Assets/Textures/Water.png using Guid(db243d2611d444037835ecd4af49e9b9) Importer(815301076,1909f56bfc062723c751e8b465ee728b) (PreviewImporter) -> (Import Result ID: '41ef4652cfaa482296dc7460a1a37aa9') in 0.0251846 seconds [static and dynamic dependencies]. Details - ImportResultOutputID=7e4122c398aad2e5e4be0ba1faea1875 DependenciesID=ddf45abb496e6e833e662a30bd9b115d StaticDependenciesID=d60f4559b5b7d7016cba4bba5ff20995 
Number of updated asset objects reloaded before import = 0Number of asset objects unloaded after import = 2

========================================================================
Received Import Request.
  Time since last request: 0.000044 seconds.
  path: Assets/Textures/Rocks 2.png
  importAddress: Guid(eaa400899c1df43339b75d2d518f1cf2) Importer(815301076,1909f56bfc062723c751e8b465ee728b)
Start importing Assets/Textures/Rocks 2.png using Guid(eaa400899c1df43339b75d2d518f1cf2) Importer(815301076,1909f56bfc062723c751e8b465ee728b) (PreviewImporter) -> (Import Result ID: '6186a0d5b496d9849d1a101be745eb4f') in 0.0261214 seconds [static and dynamic dependencies]. Details - ImportResultOutputID=796a6f781c13723c78798104b72eb5db DependenciesID=35dd9f19194c1f719acde5eab69515cf StaticDependenciesID=53a79e2d93a5a03cfbc81061aaeaf689 
Number of updated asset objects reloaded before import = 0Number of asset objects unloaded after import = 2

========================================================================
Received Import Request.
  Time since last request: 0.000040 seconds.
  path: Assets/Textures/Sandy grass.png
  importAddress: Guid(78c40a2f18561480eab11b27ad5713aa) Importer(815301076,1909f56bfc062723c751e8b465ee728b)
Start importing Assets/Textures/Sandy grass.png using Guid(78c40a2f18561480eab11b27ad5713aa) Importer(815301076,1909f56bfc062723c751e8b465ee728b) (PreviewImporter) -> (Import Result ID: 'a12cb76408ae922a63628f0ef276bd58') in 0.0211976 seconds [static and dynamic dependencies]. Details - ImportResultOutputID=9b7c9ba925cb134a94fdf5415992add1 DependenciesID=2203c486ac36ac91970eb6cc79063f11 StaticDependenciesID=9b7b666c949b4676891f6ea9111bcc47 
Number of updated asset objects reloaded before import = 0Number of asset objects unloaded after import = 2

========================================================================
Received Import Request.
  Time since last request: 0.785243 seconds.
  path: Assets/URPDefaultResources/Default_Forward_Renderer.asset
  importAddress: Guid(c7073a81f66cd354fae30d6bf93617d2) Importer(815301076,1909f56bfc062723c751e8b465ee728b)
Start importing Assets/URPDefaultResources/Default_Forward_Renderer.asset using Guid(c7073a81f66cd354fae30d6bf93617d2) Importer(815301076,1909f56bfc062723c751e8b465ee728b) (PreviewImporter) -> (Import Result ID: 'a3c3cefd670142387895db3ff3903fcc') in 0.0014057 seconds [static and dynamic dependencies]. Details - ImportResultOutputID=9d2e30ee3d4c1f30451325abae40dc7a DependenciesID=b0c8f67f2d7b0257d04d0fb7bc014e1b StaticDependenciesID=3271b112da216e06a05edca94738c669 
Number of updated asset objects reloaded before import = 0Number of asset objects unloaded after import = 0

========================================================================
Received Import Request.
  Time since last request: 0.000030 seconds.
  path: Assets/URPDefaultResources/Medium.asset
  importAddress: Guid(ddb7228c0098c344eb54b2845985851d) Importer(815301076,1909f56bfc062723c751e8b465ee728b)
Start importing Assets/URPDefaultResources/Medium.asset using Guid(ddb7228c0098c344eb54b2845985851d) Importer(815301076,1909f56bfc062723c751e8b465ee728b) (PreviewImporter) -> (Import Result ID: 'e8aadf03de65aa2b63b22f4ae1210121') in 0.0017037 seconds [static and dynamic dependencies]. Details - ImportResultOutputID=da72b4278977aef2d594c1960de1a01e DependenciesID=c92d577d8d791980b108a391459db9ef StaticDependenciesID=9dcb3838aa0b3375ea0d81293fd02680 
Number of updated asset objects reloaded before import = 0Number of asset objects unloaded after import = 1

========================================================================
Received Import Request.
  Time since last request: 0.000051 seconds.
  path: Assets/URPDefaultResources/Very Low.asset
  importAddress: Guid(ffdda175dc57182418877f88c8e0db70) Importer(815301076,1909f56bfc062723c751e8b465ee728b)
Start importing Assets/URPDefaultResources/Very Low.asset using Guid(ffdda175dc57182418877f88c8e0db70) Importer(815301076,1909f56bfc062723c751e8b465ee728b) (PreviewImporter) -> (Import Result ID: '029bab1191cdb2e6fa89cd09bb147f2c') in 0.0022953 seconds [static and dynamic dependencies]. Details - ImportResultOutputID=aaf8ef975b6afc01b4e65fb3b9362115 DependenciesID=9b6e4f58cc2b887b54ccf396ed5d80d1 StaticDependenciesID=478030272a4a1af8e7872a36bf13fb33 
Number of updated asset objects reloaded before import = 0Number of asset objects unloaded after import = 1

========================================================================
Received Import Request.
  Time since last request: 0.000026 seconds.
  path: Assets/URPDefaultResources/Low.asset
  importAddress: Guid(d91fe031317ea8844a76964799e32423) Importer(815301076,1909f56bfc062723c751e8b465ee728b)
Start importing Assets/URPDefaultResources/Low.asset using Guid(d91fe031317ea8844a76964799e32423) Importer(815301076,1909f56bfc062723c751e8b465ee728b) (PreviewImporter) -> (Import Result ID: '119e8465b2937b68715c14eaa8b4b387') in 0.0015476 seconds [static and dynamic dependencies]. Details - ImportResultOutputID=5568f858e1ed044ad89e37c674292ffe DependenciesID=348ac23ce6cefb32f571714e3b899b5e StaticDependenciesID=a6a876483cecb34d6c7123b15c40f19b 
Number of updated asset objects reloaded before import = 0Number of asset objects unloaded after import = 1

========================================================================
Received Import Request.
  Time since last request: 30.708005 seconds.
  path: Assets/AllSkyFree/_AllSkyFreeDemoEnvironment/AllSky_DemoEnvironment.fbx
  importAddress: Guid(3ca2c2ce56b9e44f598f5de419ce4e8a) Importer(815301076,1909f56bfc062723c751e8b465ee728b)
Start importing Assets/AllSkyFree/_AllSkyFreeDemoEnvironment/AllSky_DemoEnvironment.fbx using Guid(3ca2c2ce56b9e44f598f5de419ce4e8a) Importer(815301076,1909f56bfc062723c751e8b465ee728b) (PreviewImporter)MaterialLocation.External is obsolete. External Material Location is no longer supported. (Assets/AllSkyFree/_AllSkyFreeDemoEnvironment/AllSky_DemoEnvironment.fbx)
 -> (Import Result ID: '932688374d00703e1148472af4224bea') in 0.0402675 seconds [static and dynamic dependencies]. Details - ImportResultOutputID=97cfea192dad805c702c9d0f50048714 DependenciesID=0e98b22eb637108c901750d8f165dd21 StaticDependenciesID=a54f53525ccb17a35207bfcf36f4610b 
Number of updated asset objects reloaded before import = 0Number of asset objects unloaded after import = 7

========================================================================
Received Import Request.
  Time since last request: 0.000051 seconds.
  path: Assets/WeaponsAndPropsAssetPack_NAS/Assets/Breakables/Vases/AssetsPack-01-NAS-fractured-vase-002.fbx
  importAddress: Guid(1dc4f53b71986a149afd9b26fdcb3ebb) Importer(815301076,1909f56bfc062723c751e8b465ee728b)
Start importing Assets/WeaponsAndPropsAssetPack_NAS/Assets/Breakables/Vases/AssetsPack-01-NAS-fractured-vase-002.fbx using Guid(1dc4f53b71986a149afd9b26fdcb3ebb) Importer(815301076,1909f56bfc062723c751e8b465ee728b) (PreviewImporter) -> (Import Result ID: 'a29f9ac881dcf5c942e5c15776a1a610') in 1.5786467 seconds [static and dynamic dependencies]. Details - ImportResultOutputID=d149a179b85f8046811620be5cdf3603 DependenciesID=5a79bf6b923aa3661c9253ba10a116d1 StaticDependenciesID=74a91fbb0c82f5a9a48c54304ee917ba 
Number of updated asset objects reloaded before import = 0Number of asset objects unloaded after import = 82

========================================================================
Received Import Request.
  Time since last request: 0.000047 seconds.
  path: Assets/Imports/LPWeapons/Models/Coin_02.fbx
  importAddress: Guid(9f092d3d1215931439ad14ba738af38e) Importer(815301076,1909f56bfc062723c751e8b465ee728b)
Start importing Assets/Imports/LPWeapons/Models/Coin_02.fbx using Guid(9f092d3d1215931439ad14ba738af38e) Importer(815301076,1909f56bfc062723c751e8b465ee728b) (PreviewImporter) -> (Import Result ID: '0886932ac7dc4d754bbb7ad554bb96d2') in 0.0282125 seconds [static and dynamic dependencies]. Details - ImportResultOutputID=ecd373a0a6decc7518dc5f8f09a3de06 DependenciesID=428eac7af82eeed0fc7da28dc8927985 StaticDependenciesID=81750b3babc8b1c2e3f758ac8ad8d1ce 
Number of updated asset objects reloaded before import = 0Number of asset objects unloaded after import = 7

========================================================================
Received Import Request.
  Time since last request: 0.000043 seconds.
  path: Assets/AllSkyFree/Space_AnotherPlanet/AllSky_Space_AnotherPlanet.mat
  importAddress: Guid(656058fe318eb48558d21d66d1a79a2b) Importer(815301076,1909f56bfc062723c751e8b465ee728b)
Start importing Assets/AllSkyFree/Space_AnotherPlanet/AllSky_Space_AnotherPlanet.mat using Guid(656058fe318eb48558d21d66d1a79a2b) Importer(815301076,1909f56bfc062723c751e8b465ee728b) (PreviewImporter) -> (Import Result ID: '887568671b8b1b9a74e99f93f4bc4177') in 0.2670588 seconds [static and dynamic dependencies]. Details - ImportResultOutputID=f178185e9047a2f71e57e24efb6819e2 DependenciesID=21ba0972b4690f3ed816e6523bdc441b StaticDependenciesID=2575d5c342df74547b5a62083b7f254b 
Number of updated asset objects reloaded before import = 0Number of asset objects unloaded after import = 7

========================================================================
Received Import Request.
  Time since last request: 0.000047 seconds.
  path: Packages/com.unity.searcher/Editor/Resources/FlatSkin/Font/Roboto-MediumItalic.ttf
  importAddress: Guid(d93c1bc57fdf1ac4dad1bf04fac05464) Importer(815301076,1909f56bfc062723c751e8b465ee728b)
Start importing Packages/com.unity.searcher/Editor/Resources/FlatSkin/Font/Roboto-MediumItalic.ttf using Guid(d93c1bc57fdf1ac4dad1bf04fac05464) Importer(815301076,1909f56bfc062723c751e8b465ee728b) (PreviewImporter) -> (Import Result ID: 'fe1ca7637b11977d6f48834b5c54336d') in 0.0742683 seconds [static and dynamic dependencies]. Details - ImportResultOutputID=bea3997aedbb24bf134c9ee88e0f373d DependenciesID=ce40eb07f46d63e1db60256fa7b219d9 StaticDependenciesID=b219b8d9344878f642b7e1e401d15877 
Number of updated asset objects reloaded before import = 0Number of asset objects unloaded after import = 4

========================================================================
Received Import Request.
  Time since last request: 0.000143 seconds.
  path: Assets/Imports/LPWeapons/Models/Bag_01.fbx
  importAddress: Guid(19c13fc8ef9d2fa41bde4b3ad2b32f8e) Importer(815301076,1909f56bfc062723c751e8b465ee728b)
Start importing Assets/Imports/LPWeapons/Models/Bag_01.fbx using Guid(19c13fc8ef9d2fa41bde4b3ad2b32f8e) Importer(815301076,1909f56bfc062723c751e8b465ee728b) (PreviewImporter) -> (Import Result ID: '6a0558ca4b419a2c4cae5c449d2c40cc') in 0.0334714 seconds [static and dynamic dependencies]. Details - ImportResultOutputID=3ccdb53c8eb5a618f8cd9b79cfaacda7 DependenciesID=310fe9de42d4e19f70fd3ddb14775f97 StaticDependenciesID=06dd95ef26365f9409d385e236652b99 
Number of updated asset objects reloaded before import = 0Number of asset objects unloaded after import = 7

========================================================================
Received Import Request.
  Time since last request: 0.000053 seconds.
  path: Assets/Imports/Food/Meshes/AppleGreen.fbx
  importAddress: Guid(5a88dc76af9764841b2a2e75a65a1ff8) Importer(815301076,1909f56bfc062723c751e8b465ee728b)
Start importing Assets/Imports/Food/Meshes/AppleGreen.fbx using Guid(5a88dc76af9764841b2a2e75a65a1ff8) Importer(815301076,1909f56bfc062723c751e8b465ee728b) (PreviewImporter) -> (Import Result ID: 'aa48818dd47d80a7e31bdd310133dde1') in 0.0900614 seconds [static and dynamic dependencies]. Details - ImportResultOutputID=2eebb4e03525d3abec8b85d563d2832d DependenciesID=c3244266c05b6b66a167fdd8bfc07ec2 StaticDependenciesID=47cb0c9543142d0215d2737ec39efaee 
Number of updated asset objects reloaded before import = 0Number of asset objects unloaded after import = 16

========================================================================
Received Import Request.
  Time since last request: 0.000043 seconds.
  path: Assets/Imports/Food/Meshes/BreadRoll.fbx
  importAddress: Guid(a6ff5cebfd92340daabb2abca106d67a) Importer(815301076,1909f56bfc062723c751e8b465ee728b)
Start importing Assets/Imports/Food/Meshes/BreadRoll.fbx using Guid(a6ff5cebfd92340daabb2abca106d67a) Importer(815301076,1909f56bfc062723c751e8b465ee728b) (PreviewImporter) -> (Import Result ID: 'c5cbd18874a0095452565f544bc9b168') in 0.0946836 seconds [static and dynamic dependencies]. Details - ImportResultOutputID=8ab0459c629eb37767fbf68dfb71d8c2 DependenciesID=530969fcf96a7bfc673466d429966d19 StaticDependenciesID=4ce3c124a31649876cdac2beba369ce9 
Number of updated asset objects reloaded before import = 0Number of asset objects unloaded after import = 16

========================================================================
Received Import Request.
  Time since last request: 0.000041 seconds.
  path: Assets/TextMesh Pro/Examples & Extras/Resources/Fonts & Materials/Bangers SDF Glow.mat
  importAddress: Guid(d75b8f41e959450c84ac6e967084d3e1) Importer(815301076,1909f56bfc062723c751e8b465ee728b)
Start importing Assets/TextMesh Pro/Examples & Extras/Resources/Fonts & Materials/Bangers SDF Glow.mat using Guid(d75b8f41e959450c84ac6e967084d3e1) Importer(815301076,1909f56bfc062723c751e8b465ee728b) (PreviewImporter) -> (Import Result ID: 'ca8dcd068eaf9437082fba2029297706') in 0.1775246 seconds [static and dynamic dependencies]. Details - ImportResultOutputID=ac762dc9dc3ae3c2945e030043230115 DependenciesID=e88ac0b624c85d76a1424cf8e663c01f StaticDependenciesID=23947e7d2f78dde159da7e86c41db95d 
Number of updated asset objects reloaded before import = 0Number of asset objects unloaded after import = 3

========================================================================
Received Import Request.
  Time since last request: 0.000030 seconds.
  path: Assets/Imports/LPWeapons/Prefabs/Candle_01.prefab
  importAddress: Guid(74f1aa9e584aa4842aecf049e25f5339) Importer(815301076,1909f56bfc062723c751e8b465ee728b)
Start importing Assets/Imports/LPWeapons/Prefabs/Candle_01.prefab using Guid(74f1aa9e584aa4842aecf049e25f5339) Importer(815301076,1909f56bfc062723c751e8b465ee728b) (PreviewImporter) -> (Import Result ID: 'b5846d70bcb058eb4f99f08507da3379') in 1.0868528 seconds [static and dynamic dependencies]. Details - ImportResultOutputID=2d0cecaa1ac3e91fac4644a0f189f4e6 DependenciesID=5c3663097a441d9b3800f9432cb977b1 StaticDependenciesID=fb4d2c1a14e7b5f5905f4137a650e5c7 
Number of updated asset objects reloaded before import = 0Number of asset objects unloaded after import = 10

========================================================================
Received Import Request.
  Time since last request: 0.000054 seconds.
  path: Packages/com.unity.render-pipelines.core/Runtime/Debugging/Prefabs/Widgets/DebugUIEnumHistory.prefab
  importAddress: Guid(b2da6b27df236b144b3516ed8e7d36ac) Importer(815301076,1909f56bfc062723c751e8b465ee728b)
Start importing Packages/com.unity.render-pipelines.core/Runtime/Debugging/Prefabs/Widgets/DebugUIEnumHistory.prefab using Guid(b2da6b27df236b144b3516ed8e7d36ac) Importer(815301076,1909f56bfc062723c751e8b465ee728b) (PreviewImporter) -> (Import Result ID: 'cde934b22981d7d1e20d57e84f2f8050') in 0.0077641 seconds [static and dynamic dependencies]. Details - ImportResultOutputID=241e8dfe84256d8418aedcdb721a30d2 DependenciesID=b35eb967aca4ad317facf0012c2e9bcb StaticDependenciesID=2c5513e96d4d6a8f604ef2e860f28a0a 
Number of updated asset objects reloaded before import = 0Number of asset objects unloaded after import = 15

========================================================================
Received Import Request.
  Time since last request: 0.000056 seconds.
  path: Packages/com.unity.render-pipelines.core/Runtime/Debugging/Prefabs/Widgets/DebugUIObjectPopupField.prefab
  importAddress: Guid(48fb043c850cadc4a883b53785e14c6e) Importer(815301076,1909f56bfc062723c751e8b465ee728b)
Start importing Packages/com.unity.render-pipelines.core/Runtime/Debugging/Prefabs/Widgets/DebugUIObjectPopupField.prefab using Guid(48fb043c850cadc4a883b53785e14c6e) Importer(815301076,1909f56bfc062723c751e8b465ee728b) (PreviewImporter) -> (Import Result ID: '809419438feca640dcc0b20c4ee669f3') in 0.0083159 seconds [static and dynamic dependencies]. Details - ImportResultOutputID=e3bc01075686d0a0349bd699a90201fa DependenciesID=9e290c37e368e76244e74b7bba2f0ebc StaticDependenciesID=da4e10b6bb9e58a04faacb576e2d8a6f 
Number of updated asset objects reloaded before import = 0Number of asset objects unloaded after import = 27

========================================================================
Received Import Request.
  Time since last request: 0.000038 seconds.
  path: Packages/com.unity.render-pipelines.core/Runtime/Debugging/Prefabs/Widgets/DebugUIToggleHistory.prefab
  importAddress: Guid(5088d0220f0c4df439cf06c5c270eacb) Importer(815301076,1909f56bfc062723c751e8b465ee728b)
Start importing Packages/com.unity.render-pipelines.core/Runtime/Debugging/Prefabs/Widgets/DebugUIToggleHistory.prefab using Guid(5088d0220f0c4df439cf06c5c270eacb) Importer(815301076,1909f56bfc062723c751e8b465ee728b) (PreviewImporter) -> (Import Result ID: '1f5982185aaf6c86eb2448e09b4ed2b0') in 0.007891 seconds [static and dynamic dependencies]. Details - ImportResultOutputID=e6b2f965334d78ae1a80482e59caa0ab DependenciesID=bc0248787f82efcbcdd260fd93ac0031 StaticDependenciesID=6901f313002c644d6fb598b7d56922e2 
Number of updated asset objects reloaded before import = 0Number of asset objects unloaded after import = 24

========================================================================
Received Import Request.
  Time since last request: 0.000066 seconds.
  path: Packages/com.unity.render-pipelines.core/Runtime/Debugging/Prefabs/Widgets/DebugUIProgressBar.prefab
  importAddress: Guid(d3770aaa3bbd8384aabab9ddd383e21e) Importer(815301076,1909f56bfc062723c751e8b465ee728b)
Start importing Packages/com.unity.render-pipelines.core/Runtime/Debugging/Prefabs/Widgets/DebugUIProgressBar.prefab using Guid(d3770aaa3bbd8384aabab9ddd383e21e) Importer(815301076,1909f56bfc062723c751e8b465ee728b) (PreviewImporter) -> (Import Result ID: '891596ab36295621bbcf5db64f7b9f41') in 0.0050518 seconds [static and dynamic dependencies]. Details - ImportResultOutputID=90057f60083b84fdef3f0af2953c8878 DependenciesID=95a3f2f7fc48d5d99b5e79b18a5a626b StaticDependenciesID=95152106378f9d0aad58c03f7bb161a0 
Number of updated asset objects reloaded before import = 0Number of asset objects unloaded after import = 22

========================================================================
Received Import Request.
  Time since last request: 0.000040 seconds.
  path: Assets/WeaponsAndPropsAssetPack_NAS/Prefabs/Bats/GolfBatHandleOrange.prefab
  importAddress: Guid(a2c8d0ed46e173d4597a4cf6558da6fe) Importer(815301076,1909f56bfc062723c751e8b465ee728b)
Start importing Assets/WeaponsAndPropsAssetPack_NAS/Prefabs/Bats/GolfBatHandleOrange.prefab using Guid(a2c8d0ed46e173d4597a4cf6558da6fe) Importer(815301076,1909f56bfc062723c751e8b465ee728b) (PreviewImporter) -> (Import Result ID: 'aea9751e75b321e274725dc4b7710de2') in 0.0371679 seconds [static and dynamic dependencies]. Details - ImportResultOutputID=4ea80db709371e4115c7af6c9c52d3c6 DependenciesID=e34f5c80f88917d30f67e7afb5848aba StaticDependenciesID=a94a66a7783715ba6bc2c36d9b3dfb3f 
Number of updated asset objects reloaded before import = 0Number of asset objects unloaded after import = 72

========================================================================
Received Import Request.
  Time since last request: 0.000038 seconds.
  path: Assets/WeaponsAndPropsAssetPack_NAS/Prefabs/Weapons/ClaveHandlePurple.prefab
  importAddress: Guid(7e62cd989d93f9e4592d9a4f42ca2a1f) Importer(815301076,1909f56bfc062723c751e8b465ee728b)
Start importing Assets/WeaponsAndPropsAssetPack_NAS/Prefabs/Weapons/ClaveHandlePurple.prefab using Guid(7e62cd989d93f9e4592d9a4f42ca2a1f) Importer(815301076,1909f56bfc062723c751e8b465ee728b) (PreviewImporter) -> (Import Result ID: 'd5db296cfd54614382c2eb1df91935e9') in 0.0358273 seconds [static and dynamic dependencies]. Details - ImportResultOutputID=e03c22d00b550d292f9ac17e959f20fe DependenciesID=3bae8af6965ec7e370471d64b5a122f7 StaticDependenciesID=1ed204ac11d4f05d93349132f8158528 
Number of updated asset objects reloaded before import = 0Number of asset objects unloaded after import = 105

========================================================================
Received Import Request.
  Time since last request: 0.000039 seconds.
  path: Assets/AllSkyFree/_AllSkyFreeDemoEnvironment/AdditiveSprite.mat
  importAddress: Guid(55c04ce684cb542debc357409498bc4e) Importer(815301076,1909f56bfc062723c751e8b465ee728b)
Start importing Assets/AllSkyFree/_AllSkyFreeDemoEnvironment/AdditiveSprite.mat using Guid(55c04ce684cb542debc357409498bc4e) Importer(815301076,1909f56bfc062723c751e8b465ee728b) (PreviewImporter) -> (Import Result ID: '70a2702e4d996319b2ff16349e33b95b') in 0.0788281 seconds [static and dynamic dependencies]. Details - ImportResultOutputID=27237287d0a88ad300daf4c04ae7a7b4 DependenciesID=13f26b2bd712f689db0b1764d7ad65bf StaticDependenciesID=999d6f492adac7a6ae72d75d291d8d31 
Number of updated asset objects reloaded before import = 0Number of asset objects unloaded after import = 1

========================================================================
Received Import Request.
  Time since last request: 0.000068 seconds.
  path: Assets/AllSkyFree/_AllSkyFreeDemoEnvironment/Materials/AllSkyDemoEnv_MountainGlow.mat
  importAddress: Guid(1d924399aa96d4378b9c507b7669a4f4) Importer(815301076,1909f56bfc062723c751e8b465ee728b)
Start importing Assets/AllSkyFree/_AllSkyFreeDemoEnvironment/Materials/AllSkyDemoEnv_MountainGlow.mat using Guid(1d924399aa96d4378b9c507b7669a4f4) Importer(815301076,1909f56bfc062723c751e8b465ee728b) (PreviewImporter) -> (Import Result ID: '3a8f73c7456775eea253c2dd90cee4da') in 1.1302583 seconds [static and dynamic dependencies]. Details - ImportResultOutputID=61b97531654f5371af1155f1198d8f4d DependenciesID=cd063751980e7269968eb7d5f6c39ae3 StaticDependenciesID=c87eb8e9b286e6bcc43b1a646ef35bbe 
Number of updated asset objects reloaded before import = 0Number of asset objects unloaded after import = 2

========================================================================
Received Import Request.
  Time since last request: 0.000038 seconds.
  path: Assets/Imports/LPWeapons/Prefabs/Coin_02.prefab
  importAddress: Guid(09605bc47ca2dbb43a4e2174e6f8a924) Importer(815301076,1909f56bfc062723c751e8b465ee728b)
Start importing Assets/Imports/LPWeapons/Prefabs/Coin_02.prefab using Guid(09605bc47ca2dbb43a4e2174e6f8a924) Importer(815301076,1909f56bfc062723c751e8b465ee728b) (PreviewImporter) -> (Import Result ID: '19753ef31f2891e0f2fc4fb2dc307603') in 0.0326624 seconds [static and dynamic dependencies]. Details - ImportResultOutputID=10d5135d4491a5ca53d29398b2a4fe03 DependenciesID=4ef0a1154ee9b96099b2947296994291 StaticDependenciesID=8d6db5805c81383476281624a2178a26 
Number of updated asset objects reloaded before import = 0Number of asset objects unloaded after import = 10

========================================================================
Received Import Request.
  Time since last request: 0.000062 seconds.
  path: Assets/Imports/Food/Meshes/BreadSlice.fbx
  importAddress: Guid(24e3a849c78e94ad2ac5c461ef248d15) Importer(815301076,1909f56bfc062723c751e8b465ee728b)
Start importing Assets/Imports/Food/Meshes/BreadSlice.fbx using Guid(24e3a849c78e94ad2ac5c461ef248d15) Importer(815301076,1909f56bfc062723c751e8b465ee728b) (PreviewImporter) -> (Import Result ID: '966b4888a834ae520a11ba91217f8dd3') in 0.0842978 seconds [static and dynamic dependencies]. Details - ImportResultOutputID=e5068702acf3af9cfa70fc96ce18e0c6 DependenciesID=3f1826385a24165a958cc92c3ed27f9e StaticDependenciesID=007244f4696f5909ddc4cc50d2781413 
Number of updated asset objects reloaded before import = 0Number of asset objects unloaded after import = 16

========================================================================
Received Import Request.
  Time since last request: 0.000046 seconds.
  path: Assets/Imports/Food/Prefabs/DrumstickRaw.prefab
  importAddress: Guid(534c1f9f1a45c4f429d1b70046850c81) Importer(815301076,1909f56bfc062723c751e8b465ee728b)
Start importing Assets/Imports/Food/Prefabs/DrumstickRaw.prefab using Guid(534c1f9f1a45c4f429d1b70046850c81) Importer(815301076,1909f56bfc062723c751e8b465ee728b) (PreviewImporter) -> (Import Result ID: 'c15f0dc5b3dce1e5ffb746e59ed2d6ee') in 0.0324083 seconds [static and dynamic dependencies]. Details - ImportResultOutputID=0eb8cd321a8686c959de3a302afee2aa DependenciesID=8fd864aa1e63ea63205ba1b5ec468958 StaticDependenciesID=ec3456a590f1dd55c3e0848ea0e5b0bc 
Number of updated asset objects reloaded before import = 0Number of asset objects unloaded after import = 27

========================================================================
Received Import Request.
  Time since last request: 0.000031 seconds.
  path: Assets/WeaponsAndPropsAssetPack_NAS/Assets/Breakables/SimpleCup/AssetsPack-01-NAS-fixed-simple-cup.fbx
  importAddress: Guid(adc70d8d11aea2b4cb2e7460d8093ec2) Importer(815301076,1909f56bfc062723c751e8b465ee728b)
Start importing Assets/WeaponsAndPropsAssetPack_NAS/Assets/Breakables/SimpleCup/AssetsPack-01-NAS-fixed-simple-cup.fbx using Guid(adc70d8d11aea2b4cb2e7460d8093ec2) Importer(815301076,1909f56bfc062723c751e8b465ee728b) (PreviewImporter) -> (Import Result ID: '7c4b6582df7f8ff75232a908b1a244b4') in 0.0460767 seconds [static and dynamic dependencies]. Details - ImportResultOutputID=c10a812412a37f5ebeef1b1ea6d14bb1 DependenciesID=51b4e1b3e1bf163c03c2012b741e638d StaticDependenciesID=565637e2aa0f20c2df18d40b761f94c1 
Number of updated asset objects reloaded before import = 0Number of asset objects unloaded after import = 10

========================================================================
Received Import Request.
  Time since last request: 0.000109 seconds.
  path: Packages/com.unity.render-pipelines.core/Runtime/Debugging/Prefabs/Fonts/PerfectDOSVGA437.ttf
  importAddress: Guid(74a5091d8707f334b9a5c31ef71a64ba) Importer(815301076,1909f56bfc062723c751e8b465ee728b)
Start importing Packages/com.unity.render-pipelines.core/Runtime/Debugging/Prefabs/Fonts/PerfectDOSVGA437.ttf using Guid(74a5091d8707f334b9a5c31ef71a64ba) Importer(815301076,1909f56bfc062723c751e8b465ee728b) (PreviewImporter) -> (Import Result ID: '13d1f733137317da8a6619defc7e1222') in 0.0270843 seconds [static and dynamic dependencies]. Details - ImportResultOutputID=8f81086375f70670bf1c5c2ef3a9f27e DependenciesID=23f710aa9d4dc2209630ff0a49e1322e StaticDependenciesID=95cbac3246b2bb0d07359245b0c78037 
Number of updated asset objects reloaded before import = 0Number of asset objects unloaded after import = 4

========================================================================
Received Import Request.
  Time since last request: 0.000048 seconds.
  path: Assets/WeaponsAndPropsAssetPack_NAS/Assets/Tools, Weapons And Props/AssetsPack-01-NAS-stone-pickaxes.fbx
  importAddress: Guid(5d70ee9ffd4571542b0ee68f916606d9) Importer(815301076,1909f56bfc062723c751e8b465ee728b)
Start importing Assets/WeaponsAndPropsAssetPack_NAS/Assets/Tools, Weapons And Props/AssetsPack-01-NAS-stone-pickaxes.fbx using Guid(5d70ee9ffd4571542b0ee68f916606d9) Importer(815301076,1909f56bfc062723c751e8b465ee728b) (PreviewImporter) -> (Import Result ID: '7b20573d2b38e47e2197ac9248797425') in 0.041864 seconds [static and dynamic dependencies]. Details - ImportResultOutputID=dddd7c38f7fae3264cdafecee2716283 DependenciesID=af3e51255c176b91fd7f392614492bed StaticDependenciesID=4662337e9b25a904452083b0abad0e0a 
Number of updated asset objects reloaded before import = 0Number of asset objects unloaded after import = 10

========================================================================
Received Import Request.
  Time since last request: 0.000034 seconds.
  path: Packages/com.unity.render-pipelines.universal/Runtime/Materials/ArnoldStandardSurface/ArnoldStandardSurfaceTransparent.shadergraph
  importAddress: Guid(30fa68ce467463643a86b839ca0eb195) Importer(815301076,1909f56bfc062723c751e8b465ee728b)
Start importing Packages/com.unity.render-pipelines.universal/Runtime/Materials/ArnoldStandardSurface/ArnoldStandardSurfaceTransparent.shadergraph using Guid(30fa68ce467463643a86b839ca0eb195) Importer(815301076,1909f56bfc062723c751e8b465ee728b) (PreviewImporter) -> (Import Result ID: 'f40d32ee8c247c95897ae000d46bd398') in 1.9733921 seconds [static and dynamic dependencies]. Details - ImportResultOutputID=6c81fb8695598b0b83a118f7336de9a7 DependenciesID=a5654a3803ccedc3c2a458a14bfb35df StaticDependenciesID=aec7bcb76f1796635b917b3817496795 
Number of updated asset objects reloaded before import = 0Number of asset objects unloaded after import = 5

========================================================================
Received Import Request.
  Time since last request: 0.000059 seconds.
  path: Assets/Imports/LPWeapons/Prefabs/Barrel_01.prefab
  importAddress: Guid(af0251662ce5880478fc4015a2c7df13) Importer(815301076,1909f56bfc062723c751e8b465ee728b)
Start importing Assets/Imports/LPWeapons/Prefabs/Barrel_01.prefab using Guid(af0251662ce5880478fc4015a2c7df13) Importer(815301076,1909f56bfc062723c751e8b465ee728b) (PreviewImporter) -> (Import Result ID: '4a77114eb9d659ad2b347359230cb984') in 0.0327562 seconds [static and dynamic dependencies]. Details - ImportResultOutputID=8a74aac3da8cfcce5dfa770ea33d5d47 DependenciesID=4f72bfe657e5d43cf6db78fb69ec4dfb StaticDependenciesID=1a36c4cfd37831ec2127eb5da36c5484 
Number of updated asset objects reloaded before import = 0Number of asset objects unloaded after import = 10

========================================================================
Received Import Request.
  Time since last request: 0.000026 seconds.
  path: Assets/AllSkyFree/_AllSkyFreeDemoEnvironment/AllSky_DemoEnvironment_Center.fbx
  importAddress: Guid(258cb4865d37b4292be3195af50aaa8c) Importer(815301076,1909f56bfc062723c751e8b465ee728b)
Start importing Assets/AllSkyFree/_AllSkyFreeDemoEnvironment/AllSky_DemoEnvironment_Center.fbx using Guid(258cb4865d37b4292be3195af50aaa8c) Importer(815301076,1909f56bfc062723c751e8b465ee728b) (PreviewImporter)MaterialLocation.External is obsolete. External Material Location is no longer supported. (Assets/AllSkyFree/_AllSkyFreeDemoEnvironment/AllSky_DemoEnvironment_Center.fbx)
 -> (Import Result ID: '4f6d5750139190c261d0cd5bf385cb44') in 0.0498016 seconds [static and dynamic dependencies]. Details - ImportResultOutputID=3198721bb67da64d34bd4a9ac42350ff DependenciesID=ddc24d3ae729d91bd0de31d7a2d3e00a StaticDependenciesID=a6c5d7f111f459cf820678a64a5779b3 
Number of updated asset objects reloaded before import = 0Number of asset objects unloaded after import = 7

========================================================================
Received Import Request.
  Time since last request: 0.000029 seconds.
  path: Packages/com.unity.render-pipelines.universal/Shaders/AutodeskInteractive/AutodeskInteractive.shadergraph
  importAddress: Guid(0e9d5a909a1f7e84882a534d0d11e49f) Importer(815301076,1909f56bfc062723c751e8b465ee728b)
Start importing Packages/com.unity.render-pipelines.universal/Shaders/AutodeskInteractive/AutodeskInteractive.shadergraph using Guid(0e9d5a909a1f7e84882a534d0d11e49f) Importer(815301076,1909f56bfc062723c751e8b465ee728b) (PreviewImporter) -> (Import Result ID: '331c5d9ef6cf6bf4046deb6a11903c24') in 1.9320063 seconds [static and dynamic dependencies]. Details - ImportResultOutputID=d71c0b970ba0924b5270a8c8e0c50f09 DependenciesID=850fe34c76d517f0593b849202b7a4a1 StaticDependenciesID=20e8aeb227e153864b580b8a1ad8a2cc 
Number of updated asset objects reloaded before import = 0Number of asset objects unloaded after import = 0

========================================================================
Received Import Request.
  Time since last request: 0.000042 seconds.
  path: Packages/com.unity.render-pipelines.core/Runtime/Debugging/Prefabs/Widgets/DebugUIObject.prefab
  importAddress: Guid(a87cfaef648f17c41b568e842e068c51) Importer(815301076,1909f56bfc062723c751e8b465ee728b)
Start importing Packages/com.unity.render-pipelines.core/Runtime/Debugging/Prefabs/Widgets/DebugUIObject.prefab using Guid(a87cfaef648f17c41b568e842e068c51) Importer(815301076,1909f56bfc062723c751e8b465ee728b) (PreviewImporter) -> (Import Result ID: '8a0cde361c3377514c3f5fc4c16ba82a') in 0.0042427 seconds [static and dynamic dependencies]. Details - ImportResultOutputID=923236d7dbcde70091d8d2fc0f42ad8c DependenciesID=4557d7792b4934e3a33d53fb585e0c64 StaticDependenciesID=41a377688ecbb5f071f6cf4ec26e8c84 
Number of updated asset objects reloaded before import = 0Number of asset objects unloaded after import = 15

========================================================================
Received Import Request.
  Time since last request: 0.000031 seconds.
  path: Assets/AllSkyFree/Cold Night/Cold Night.mat
  importAddress: Guid(9af23ba5fa5364ff598888460e0e2759) Importer(815301076,1909f56bfc062723c751e8b465ee728b)
Start importing Assets/AllSkyFree/Cold Night/Cold Night.mat using Guid(9af23ba5fa5364ff598888460e0e2759) Importer(815301076,1909f56bfc062723c751e8b465ee728b) (PreviewImporter) -> (Import Result ID: 'cbfb02ba24b455805e8c00a0f6434015') in 0.0687112 seconds [static and dynamic dependencies]. Details - ImportResultOutputID=517a854889619015a60221f36f774de2 DependenciesID=c24b292c6716ca8ac2b381536769dcdd StaticDependenciesID=32679f9e4f6017bbffdc0de8e8700955 
Number of updated asset objects reloaded before import = 0Number of asset objects unloaded after import = 7

========================================================================
Received Import Request.
  Time since last request: 0.000046 seconds.
  path: Assets/TextMesh Pro/Examples & Extras/Resources/Fonts & Materials/Bangers SDF - Outline.mat
  importAddress: Guid(f629c6e43dba4bf38cb74d8860150664) Importer(815301076,1909f56bfc062723c751e8b465ee728b)
Start importing Assets/TextMesh Pro/Examples & Extras/Resources/Fonts & Materials/Bangers SDF - Outline.mat using Guid(f629c6e43dba4bf38cb74d8860150664) Importer(815301076,1909f56bfc062723c751e8b465ee728b) (PreviewImporter) -> (Import Result ID: '4d1d1c194c2861d5aaead4f797d0e0f3') in 0.1234818 seconds [static and dynamic dependencies]. Details - ImportResultOutputID=339de78c101b8a46a812b29fd0133153 DependenciesID=0f491ccb5384ec90c5af0648debcbd53 StaticDependenciesID=cffc0af7c7c0ab1c35cf6763f0d26c26 
Number of updated asset objects reloaded before import = 0Number of asset objects unloaded after import = 2

========================================================================
Received Import Request.
  Time since last request: 0.000058 seconds.
  path: Packages/com.unity.collab-proxy/Editor/Assets/Fonts/Cascadia.ttf
  importAddress: Guid(9229ae5dbc38f488d921156ff75869e9) Importer(815301076,1909f56bfc062723c751e8b465ee728b)
Start importing Packages/com.unity.collab-proxy/Editor/Assets/Fonts/Cascadia.ttf using Guid(9229ae5dbc38f488d921156ff75869e9) Importer(815301076,1909f56bfc062723c751e8b465ee728b) (PreviewImporter) -> (Import Result ID: 'b0d9bab695a1d983bdbf93cb06f5a2b0') in 0.0284803 seconds [static and dynamic dependencies]. Details - ImportResultOutputID=4bd5c0d3eb659877ea8bf5318df2c21d DependenciesID=399680e14612d3e0c0393fed637c0dc3 StaticDependenciesID=522be3a4bb746a7e0ef5706104afa083 
Number of updated asset objects reloaded before import = 0Number of asset objects unloaded after import = 4

========================================================================
Received Import Request.
  Time since last request: 0.000027 seconds.
  path: Assets/Imports/Food/Meshes/DrumstickRaw.fbx
  importAddress: Guid(0e59d9434e9ba46c6aae63d8af0d4f3c) Importer(815301076,1909f56bfc062723c751e8b465ee728b)
Start importing Assets/Imports/Food/Meshes/DrumstickRaw.fbx using Guid(0e59d9434e9ba46c6aae63d8af0d4f3c) Importer(815301076,1909f56bfc062723c751e8b465ee728b) (PreviewImporter) -> (Import Result ID: '54b4512a2b76b597f8e80598ca0cb2e7') in 0.1219317 seconds [static and dynamic dependencies]. Details - ImportResultOutputID=6239977ccc44953032575698007efc1a DependenciesID=d42986e02f4da0b48a5ca26411e44a58 StaticDependenciesID=d625a0b0684bedb4cd783a4fc84bef76 
Number of updated asset objects reloaded before import = 0Number of asset objects unloaded after import = 16

========================================================================
Received Import Request.
  Time since last request: 0.000040 seconds.
  path: Assets/TextMesh Pro/Examples & Extras/Resources/Fonts & Materials/Bangers SDF - Drop Shadow - 2 Pass.mat
  importAddress: Guid(947a44964e53bf0448ff698b2a2219c0) Importer(815301076,1909f56bfc062723c751e8b465ee728b)
Start importing Assets/TextMesh Pro/Examples & Extras/Resources/Fonts & Materials/Bangers SDF - Drop Shadow - 2 Pass.mat using Guid(947a44964e53bf0448ff698b2a2219c0) Importer(815301076,1909f56bfc062723c751e8b465ee728b) (PreviewImporter) -> (Import Result ID: '411156774364c380a05dd202264f341e') in 0.1243519 seconds [static and dynamic dependencies]. Details - ImportResultOutputID=00e60c0828364987a32303b61c891876 DependenciesID=627fc3faf45afd509c0c430160e7627c StaticDependenciesID=5c20a58dd14702c63ed8cd0cda5a8505 
Number of updated asset objects reloaded before import = 0Number of asset objects unloaded after import = 2

========================================================================
Received Import Request.
  Time since last request: 0.000039 seconds.
  path: Assets/TextMesh Pro/Examples & Extras/Materials/Crate - Surface Shader Scene.mat
  importAddress: Guid(e6b9b44320f4448d9d5e0ee634259966) Importer(815301076,1909f56bfc062723c751e8b465ee728b)
Start importing Assets/TextMesh Pro/Examples & Extras/Materials/Crate - Surface Shader Scene.mat using Guid(e6b9b44320f4448d9d5e0ee634259966) Importer(815301076,1909f56bfc062723c751e8b465ee728b) (PreviewImporter) -> (Import Result ID: 'ebf74a609620f7438dfac3bf7b7d217a') in 1.3440659 seconds [static and dynamic dependencies]. Details - ImportResultOutputID=12f464d80dccb6d37d4c277d4302284f DependenciesID=b101d98fef589cf3564bd8f9d89fb34d StaticDependenciesID=a048e4e0f57f933ca2ad3111f66cfcfc 
Number of updated asset objects reloaded before import = 0Number of asset objects unloaded after import = 3

========================================================================
Received Import Request.
  Time since last request: 0.000042 seconds.
  path: Assets/Imports/LPWeapons/Prefabs/Jug_02.prefab
  importAddress: Guid(42d1030afaa0b924583d1852dab2d898) Importer(815301076,1909f56bfc062723c751e8b465ee728b)
Start importing Assets/Imports/LPWeapons/Prefabs/Jug_02.prefab using Guid(42d1030afaa0b924583d1852dab2d898) Importer(815301076,1909f56bfc062723c751e8b465ee728b) (PreviewImporter) -> (Import Result ID: 'fff51a1380dbdcb786ba1d979ea497a3') in 0.0330851 seconds [static and dynamic dependencies]. Details - ImportResultOutputID=8a5b2b74c2b79404ef1d8a5a5465e8fd DependenciesID=e5f1252d0d24cb801a3dc7c12daed8ac StaticDependenciesID=3a93f5940f88a873bd38e5ba58420cb2 
Number of updated asset objects reloaded before import = 0Number of asset objects unloaded after import = 10

========================================================================
Received Import Request.
  Time since last request: 0.000088 seconds.
  path: Assets/Imports/LPWeapons/Prefabs/Cup_02.prefab
  importAddress: Guid(bb470d63914d5214081b7cf78b5bf7cf) Importer(815301076,1909f56bfc062723c751e8b465ee728b)
Start importing Assets/Imports/LPWeapons/Prefabs/Cup_02.prefab using Guid(bb470d63914d5214081b7cf78b5bf7cf) Importer(815301076,1909f56bfc062723c751e8b465ee728b) (PreviewImporter) -> (Import Result ID: 'ac7ef17457075b45cb41aa93eb73d10f') in 0.0289715 seconds [static and dynamic dependencies]. Details - ImportResultOutputID=0bcc536c09402510eb08a6dd03c1f00f DependenciesID=3029d5079956a597d89256c124500c1a StaticDependenciesID=5212f005ceeb9de6f932a4c6c30e0c37 
Number of updated asset objects reloaded before import = 0Number of asset objects unloaded after import = 10

========================================================================
Received Import Request.
  Time since last request: 0.000033 seconds.
  path: Assets/Imports/Food/Prefabs/CheeseWheel.prefab
  importAddress: Guid(0d845b5caf3944589ade97bc7971118b) Importer(815301076,1909f56bfc062723c751e8b465ee728b)
Start importing Assets/Imports/Food/Prefabs/CheeseWheel.prefab using Guid(0d845b5caf3944589ade97bc7971118b) Importer(815301076,1909f56bfc062723c751e8b465ee728b) (PreviewImporter) -> (Import Result ID: '336fa402d0b4efce5a48f9f4eb586a42') in 0.0280849 seconds [static and dynamic dependencies]. Details - ImportResultOutputID=a42e8c4613571e68d9ee2cdf8eede0f6 DependenciesID=d09785d6d256d6d3ce62e7d923bcb246 StaticDependenciesID=cf327bcc14311e5e1a79325d74832bc2 
Number of updated asset objects reloaded before import = 0Number of asset objects unloaded after import = 27

========================================================================
Received Import Request.
  Time since last request: 0.000056 seconds.
  path: Assets/WeaponsAndPropsAssetPack_NAS/Prefabs/Bats/MetalBatHandleBlue.prefab
  importAddress: Guid(0b2d0a29ba6248f4ab0281082a916441) Importer(815301076,1909f56bfc062723c751e8b465ee728b)
Start importing Assets/WeaponsAndPropsAssetPack_NAS/Prefabs/Bats/MetalBatHandleBlue.prefab using Guid(0b2d0a29ba6248f4ab0281082a916441) Importer(815301076,1909f56bfc062723c751e8b465ee728b) (PreviewImporter) -> (Import Result ID: 'ef40d3c0f6c6437e6e2cc91af60bfd94') in 0.0339928 seconds [static and dynamic dependencies]. Details - ImportResultOutputID=95569ba918337a392d33661fffaaaaa4 DependenciesID=51b4a92d21460a09bf87180f0173a8b0 StaticDependenciesID=046f2ba3579b5d947c646b2a0338a068 
Number of updated asset objects reloaded before import = 0Number of asset objects unloaded after import = 92

========================================================================
Received Import Request.
  Time since last request: 0.000059 seconds.
  path: Assets/WeaponsAndPropsAssetPack_NAS/Prefabs/Tools/MetalFork.prefab
  importAddress: Guid(79fac77e90984664abad9b8e71589727) Importer(815301076,1909f56bfc062723c751e8b465ee728b)
Start importing Assets/WeaponsAndPropsAssetPack_NAS/Prefabs/Tools/MetalFork.prefab using Guid(79fac77e90984664abad9b8e71589727) Importer(815301076,1909f56bfc062723c751e8b465ee728b) (PreviewImporter) -> (Import Result ID: '339b1fd715939a2ead0f3af73bcf0261') in 0.0314567 seconds [static and dynamic dependencies]. Details - ImportResultOutputID=6877abcd34fd66b154b8d77bd60fe0f1 DependenciesID=5e5f519b5d9b38e4de73c2a56d010fd2 StaticDependenciesID=343f0e6422244734923dec75b22c1023 
Number of updated asset objects reloaded before import = 0Number of asset objects unloaded after import = 28

========================================================================
Received Import Request.
  Time since last request: 0.000039 seconds.
  path: Assets/BOXOPHOBIC/Skybox Cubemap Extended/Demo/Prefabs/LowPoly - Rock A.prefab
  importAddress: Guid(39de80c7e7a1a2942820576875608e5d) Importer(815301076,1909f56bfc062723c751e8b465ee728b)
Start importing Assets/BOXOPHOBIC/Skybox Cubemap Extended/Demo/Prefabs/LowPoly - Rock A.prefab using Guid(39de80c7e7a1a2942820576875608e5d) Importer(815301076,1909f56bfc062723c751e8b465ee728b) (PreviewImporter) -> (Import Result ID: '0708ee5d1b215ea1e6109d14e55e3092') in 0.0228466 seconds [static and dynamic dependencies]. Details - ImportResultOutputID=86e4714ad11f3443915c628db8e9be2e DependenciesID=3db013c2e96b2fb6b77e3a399d2b8c97 StaticDependenciesID=ebcad3d30805a6d0daa3c791a66dec58 
Number of updated asset objects reloaded before import = 0Number of asset objects unloaded after import = 8

========================================================================
Received Import Request.
  Time since last request: 0.000035 seconds.
  path: Assets/WeaponsAndPropsAssetPack_NAS/Prefabs/Lamps/CeilingLampBlue.prefab
  importAddress: Guid(445fff5b5193c5d4a8bcbf0c6e8a1211) Importer(815301076,1909f56bfc062723c751e8b465ee728b)
Start importing Assets/WeaponsAndPropsAssetPack_NAS/Prefabs/Lamps/CeilingLampBlue.prefab using Guid(445fff5b5193c5d4a8bcbf0c6e8a1211) Importer(815301076,1909f56bfc062723c751e8b465ee728b) (PreviewImporter) -> (Import Result ID: '3c7b0bbce77a4f2a5a96eb6dac30e407') in 0.0314909 seconds [static and dynamic dependencies]. Details - ImportResultOutputID=d3d41a210d6e6ec2d655ef5b691c3dbd DependenciesID=8ab8cb59a093a33a55bb0283b1764147 StaticDependenciesID=24b9273c086c968b01b6db61713be5a2 
Number of updated asset objects reloaded before import = 0Number of asset objects unloaded after import = 74

========================================================================
Received Import Request.
  Time since last request: 0.000042 seconds.
  path: Assets/Kevin Iglesias/Human Animations/Unity Demo Scenes/Human Crafting Animations/Prefabs/Scenario/Human_BuildingCamp.prefab
  importAddress: Guid(0a7e681dbbfa35f46bd0ab82327b517e) Importer(815301076,1909f56bfc062723c751e8b465ee728b)
Start importing Assets/Kevin Iglesias/Human Animations/Unity Demo Scenes/Human Crafting Animations/Prefabs/Scenario/Human_BuildingCamp.prefab using Guid(0a7e681dbbfa35f46bd0ab82327b517e) Importer(815301076,1909f56bfc062723c751e8b465ee728b) (PreviewImporter) -> (Import Result ID: 'a58abbf67d99a54fc096cd3364a3010b') in 0.0264822 seconds [static and dynamic dependencies]. Details - ImportResultOutputID=bd3d29a983cc97992d4cbbdd456e15e1 DependenciesID=fc670e25cbadc6fe8118ca9339f1f282 StaticDependenciesID=f6766ad75bda91c1409cc9fd1ae05371 
Number of updated asset objects reloaded before import = 0Number of asset objects unloaded after import = 16

========================================================================
Received Import Request.
  Time since last request: 0.000066 seconds.
  path: Assets/WeaponsAndPropsAssetPack_NAS/Prefabs/Bats/GolfBatHandleBlue.prefab
  importAddress: Guid(2375fe09d296a4740b158ace9721edaa) Importer(815301076,1909f56bfc062723c751e8b465ee728b)
Start importing Assets/WeaponsAndPropsAssetPack_NAS/Prefabs/Bats/GolfBatHandleBlue.prefab using Guid(2375fe09d296a4740b158ace9721edaa) Importer(815301076,1909f56bfc062723c751e8b465ee728b) (PreviewImporter) -> (Import Result ID: 'eb7dd980e2de500444b86994cee6de23') in 0.0308225 seconds [static and dynamic dependencies]. Details - ImportResultOutputID=db65c551c16ff63b2ea27e276f557d83 DependenciesID=1473b51e5e8972401fecb1f9cf8d2812 StaticDependenciesID=28758c99585db27577f46cac56020cad 
Number of updated asset objects reloaded before import = 0Number of asset objects unloaded after import = 72

========================================================================
Received Import Request.
  Time since last request: 0.000047 seconds.
  path: Packages/com.unity.searcher/Editor/Resources/FlatSkin/Font/Roboto-BoldItalic.ttf
  importAddress: Guid(dfb97a9307a577a41bcacba34b9a7e32) Importer(815301076,1909f56bfc062723c751e8b465ee728b)
Start importing Packages/com.unity.searcher/Editor/Resources/FlatSkin/Font/Roboto-BoldItalic.ttf using Guid(dfb97a9307a577a41bcacba34b9a7e32) Importer(815301076,1909f56bfc062723c751e8b465ee728b) (PreviewImporter) -> (Import Result ID: '3c25c416b0d29617da0f8a00def256c8') in 0.0196212 seconds [static and dynamic dependencies]. Details - ImportResultOutputID=48954c2e8b4006eeb5ad9f5a63d18d0f DependenciesID=aa012277cc9e64cf1d0a0024df8a7588 StaticDependenciesID=ec405f6aa2e090b9c173acbd4244b0ea 
Number of updated asset objects reloaded before import = 0Number of asset objects unloaded after import = 4

========================================================================
Received Import Request.
  Time since last request: 0.000028 seconds.
  path: Packages/com.unity.render-pipelines.core/Runtime/RenderPipelineResources/Mesh/BackgroundMesh.fbx
  importAddress: Guid(b9ae429aca254fa41966db24b9e53232) Importer(815301076,1909f56bfc062723c751e8b465ee728b)
Start importing Packages/com.unity.render-pipelines.core/Runtime/RenderPipelineResources/Mesh/BackgroundMesh.fbx using Guid(b9ae429aca254fa41966db24b9e53232) Importer(815301076,1909f56bfc062723c751e8b465ee728b) (PreviewImporter) -> (Import Result ID: '82082a8871674ebc7e860ae57ed6c23c') in 0.0346806 seconds [static and dynamic dependencies]. Details - ImportResultOutputID=3bcd1976956dc9f559087dc675de5d29 DependenciesID=6325ae0e166d462df7b36ecd1b5fc3c2 StaticDependenciesID=367dbeac09348a8dfb5d3efe0d8844b6 
Number of updated asset objects reloaded before import = 0Number of asset objects unloaded after import = 7

========================================================================
Received Import Request.
  Time since last request: 0.000031 seconds.
  path: Packages/com.unity.searcher/Editor/Resources/FlatSkin/Font/Roboto-LightItalic.ttf
  importAddress: Guid(5e63515167650a541b309ba3bfd4db3d) Importer(815301076,1909f56bfc062723c751e8b465ee728b)
Start importing Packages/com.unity.searcher/Editor/Resources/FlatSkin/Font/Roboto-LightItalic.ttf using Guid(5e63515167650a541b309ba3bfd4db3d) Importer(815301076,1909f56bfc062723c751e8b465ee728b) (PreviewImporter) -> (Import Result ID: '243e4bd97e6d89944cb3b7c162f187b4') in 0.027006 seconds [static and dynamic dependencies]. Details - ImportResultOutputID=78c33443b2f66557e35487566d49eb9e DependenciesID=b035d04ccd3a72d4dd72fb943f9cc35e StaticDependenciesID=1f253cacfdda50f5c85aa2875221e2bf 
Number of updated asset objects reloaded before import = 0Number of asset objects unloaded after import = 4

========================================================================
Received Import Request.
  Time since last request: 0.000041 seconds.
  path: Assets/Imports/LPEnvirement/Lowpoly_Environments/Prefabs/Trees/PT_Fruit_Tree_01_logs.prefab
  importAddress: Guid(c0c32672766a81647b04690fc9ed3595) Importer(815301076,1909f56bfc062723c751e8b465ee728b)
Start importing Assets/Imports/LPEnvirement/Lowpoly_Environments/Prefabs/Trees/PT_Fruit_Tree_01_logs.prefab using Guid(c0c32672766a81647b04690fc9ed3595) Importer(815301076,1909f56bfc062723c751e8b465ee728b) (PreviewImporter) -> (Import Result ID: 'ddb51bed76443dfba11154aadf2ce4b7') in 0.027132 seconds [static and dynamic dependencies]. Details - ImportResultOutputID=fce9a78c0db605f59d21c92974cea962 DependenciesID=7c20d4d0daeb1c538d3d34afb032b520 StaticDependenciesID=0f945129ea2b4aef1e05940c7d0be402 
Number of updated asset objects reloaded before import = 0Number of asset objects unloaded after import = 9

========================================================================
Received Import Request.
  Time since last request: 0.000030 seconds.
  path: Assets/Imports/LPEnvirement/Lowpoly_Village/Prefabs/Modular/Fence/PT_Modular_Fence_Wood_03.prefab
  importAddress: Guid(2c59246f075efff4eacdd481ad75421a) Importer(815301076,1909f56bfc062723c751e8b465ee728b)
Start importing Assets/Imports/LPEnvirement/Lowpoly_Village/Prefabs/Modular/Fence/PT_Modular_Fence_Wood_03.prefab using Guid(2c59246f075efff4eacdd481ad75421a) Importer(815301076,1909f56bfc062723c751e8b465ee728b) (PreviewImporter) -> (Import Result ID: '642ccda9a2d3ece4de17394aa4fa784d') in 1.7247516 seconds [static and dynamic dependencies]. Details - ImportResultOutputID=bc3c1e2d80b333ec8cf77c288b94fdba DependenciesID=0a024345b27b16ee3fa6dd00ce87e1b5 StaticDependenciesID=243090b88adab1c65bdc6280f1dfdacc 
Number of updated asset objects reloaded before import = 0Number of asset objects unloaded after import = 11

========================================================================
Received Import Request.
  Time since last request: 0.000032 seconds.
  path: Assets/Imports/LPAnimals/LOW POLY CUBIC - Goat and Sheep Pack/Prefabs_URP/SK_Goat_dark.prefab
  importAddress: Guid(3edcf70af3303894482eb673a57b1198) Importer(815301076,1909f56bfc062723c751e8b465ee728b)
Start importing Assets/Imports/LPAnimals/LOW POLY CUBIC - Goat and Sheep Pack/Prefabs_URP/SK_Goat_dark.prefab using Guid(3edcf70af3303894482eb673a57b1198) Importer(815301076,1909f56bfc062723c751e8b465ee728b) (PreviewImporter) -> (Import Result ID: '073a19194fd928533917cf2a1032700b') in 1.2768288 seconds [static and dynamic dependencies]. Details - ImportResultOutputID=aa13ef2ccce6c68ca02c7f80a5b1173e DependenciesID=11ed09ed08e434743dcd4a747b30204b StaticDependenciesID=1a71ba068fd98ad0b77d518851efd065 
Number of updated asset objects reloaded before import = 0Number of asset objects unloaded after import = 254

========================================================================
Received Import Request.
  Time since last request: 0.000065 seconds.
  path: Assets/Prefabs/Items/Tools/StoneHoe.prefab
  importAddress: Guid(77449ac6f6a96fc43bb386d6e9511148) Importer(815301076,1909f56bfc062723c751e8b465ee728b)
Start importing Assets/Prefabs/Items/Tools/StoneHoe.prefab using Guid(77449ac6f6a96fc43bb386d6e9511148) Importer(815301076,1909f56bfc062723c751e8b465ee728b) (PreviewImporter) -> (Import Result ID: '2968b135abacd958c0ac98946403e457') in 0.0364067 seconds [static and dynamic dependencies]. Details - ImportResultOutputID=abfc9184b0a338567a30a2d50d9f1c6f DependenciesID=c8a023f539b50482e8637707a4c00068 StaticDependenciesID=cba97f15b240614cf933376166e856e7 
Number of updated asset objects reloaded before import = 0Number of asset objects unloaded after import = 27

========================================================================
Received Import Request.
  Time since last request: 0.000039 seconds.
  path: Assets/Imports/LPEnvirement/Lowpoly_Environments/Prefabs/Trees/Tree_green_cut.prefab
  importAddress: Guid(407131e39d3333c45bb46887286ed356) Importer(815301076,1909f56bfc062723c751e8b465ee728b)
Start importing Assets/Imports/LPEnvirement/Lowpoly_Environments/Prefabs/Trees/Tree_green_cut.prefab using Guid(407131e39d3333c45bb46887286ed356) Importer(815301076,1909f56bfc062723c751e8b465ee728b) (PreviewImporter) -> (Import Result ID: 'ed1bef92c0f6edc0df8bc8aa520be0df') in 2.0345336 seconds [static and dynamic dependencies]. Details - ImportResultOutputID=be421d2420657a86555945478d41e400 DependenciesID=d998d987b3f4b3db360208c939aaf947 StaticDependenciesID=1e9f44121fd52155fdaef6a15edd210b 
Number of updated asset objects reloaded before import = 0Number of asset objects unloaded after import = 19

========================================================================
Received Import Request.
  Time since last request: 0.000046 seconds.
  path: Assets/Imports/LPWeapons/Models/Candle_03.fbx
  importAddress: Guid(5dcd92043d7b0884caca6772c1469673) Importer(815301076,1909f56bfc062723c751e8b465ee728b)
Start importing Assets/Imports/LPWeapons/Models/Candle_03.fbx using Guid(5dcd92043d7b0884caca6772c1469673) Importer(815301076,1909f56bfc062723c751e8b465ee728b) (PreviewImporter) -> (Import Result ID: '5e8652a217974d0382f9e3d12f541299') in 0.0384121 seconds [static and dynamic dependencies]. Details - ImportResultOutputID=ff6ecc4fdc889b612a6dfb01e1cd374e DependenciesID=80b722d64cd2e3b10c4f7c06db03c9c7 StaticDependenciesID=c135be6a92de4dd500b8f4ce1d9bead1 
Number of updated asset objects reloaded before import = 0Number of asset objects unloaded after import = 7

========================================================================
Received Import Request.
  Time since last request: 0.000038 seconds.
  path: Assets/AllSkyFree/_AllSkyFreeDemoEnvironment/Materials/AllSkyDemoEnv_Flag_Blue.mat
  importAddress: Guid(8e64a72f2cb9c45bba4b11d98489b11f) Importer(815301076,1909f56bfc062723c751e8b465ee728b)
Start importing Assets/AllSkyFree/_AllSkyFreeDemoEnvironment/Materials/AllSkyDemoEnv_Flag_Blue.mat using Guid(8e64a72f2cb9c45bba4b11d98489b11f) Importer(815301076,1909f56bfc062723c751e8b465ee728b) (PreviewImporter) -> (Import Result ID: 'a40322a4b3d01f68b3302fd44607e4a4') in 0.0322547 seconds [static and dynamic dependencies]. Details - ImportResultOutputID=cc04f97c5382be0f6b7d6d6d5cc6f73d DependenciesID=911461c91c63049089695fb5c7d49e70 StaticDependenciesID=c7e929d1a1fd9594488e419036769d33 
Number of updated asset objects reloaded before import = 0Number of asset objects unloaded after import = 1

========================================================================
Received Import Request.
  Time since last request: 0.000037 seconds.
  path: Assets/Imports/Tools/Prefabs/Scythe_001.prefab
  importAddress: Guid(ee5820ed07d85634a8e3ce390f32301e) Importer(815301076,1909f56bfc062723c751e8b465ee728b)
Start importing Assets/Imports/Tools/Prefabs/Scythe_001.prefab using Guid(ee5820ed07d85634a8e3ce390f32301e) Importer(815301076,1909f56bfc062723c751e8b465ee728b) (PreviewImporter) -> (Import Result ID: '3a7b176c4df8b7f53a3829f422baa980') in 0.0634931 seconds [static and dynamic dependencies]. Details - ImportResultOutputID=9e4b5828dbdfb81583c8feade2eb6295 DependenciesID=acfb639962517a55c54c40720fdf1d8e StaticDependenciesID=0d82c4e0a17990bcc8eeac8f40e26010 
Number of updated asset objects reloaded before import = 0Number of asset objects unloaded after import = 47

========================================================================
Received Import Request.
  Time since last request: 0.000032 seconds.
  path: Assets/Imports/LPWeapons/Prefabs/Bag_01.prefab
  importAddress: Guid(a178e3ddd4a467d4090e2b4a7a5e394f) Importer(815301076,1909f56bfc062723c751e8b465ee728b)
Start importing Assets/Imports/LPWeapons/Prefabs/Bag_01.prefab using Guid(a178e3ddd4a467d4090e2b4a7a5e394f) Importer(815301076,1909f56bfc062723c751e8b465ee728b) (PreviewImporter) -> (Import Result ID: 'faa0dfa3cd9de17c77bb45e1b5aff321') in 0.036839 seconds [static and dynamic dependencies]. Details - ImportResultOutputID=5703afaa67c89e15d041a8ec937c58f3 DependenciesID=70f2cc3735a3c35982aff48f687ab473 StaticDependenciesID=1fa00756e3febacdefd9abe0df1b4c34 
Number of updated asset objects reloaded before import = 0Number of asset objects unloaded after import = 10

========================================================================
Received Import Request.
  Time since last request: 0.000072 seconds.
  path: Assets/Imports/LPEnvirement/Lowpoly_Demos/Environment_Free/Helpers/PT_River_Rock_Pile_02_v1.prefab
  importAddress: Guid(e4f62d5abc5742c4eabbbf96fe54193c) Importer(815301076,1909f56bfc062723c751e8b465ee728b)
Start importing Assets/Imports/LPEnvirement/Lowpoly_Demos/Environment_Free/Helpers/PT_River_Rock_Pile_02_v1.prefab using Guid(e4f62d5abc5742c4eabbbf96fe54193c) Importer(815301076,1909f56bfc062723c751e8b465ee728b) (PreviewImporter) -> (Import Result ID: '777a693e5a048947644459ca4122b48c') in 0.0321279 seconds [static and dynamic dependencies]. Details - ImportResultOutputID=cb5aed2ceba37b32361eee3f610523a3 DependenciesID=0ade7108e312a1b290ff1d0008a96f1d StaticDependenciesID=04639842b999a3b0762e2557104b83f3 
Number of updated asset objects reloaded before import = 0Number of asset objects unloaded after import = 10

========================================================================
Received Import Request.
  Time since last request: 0.000041 seconds.
  path: Assets/TextMesh Pro/Examples & Extras/Resources/Fonts & Materials/Anton SDF-DESKTOP-85EM8HK.asset
  importAddress: Guid(5f3f8d4db04d49542b511809d3fdb525) Importer(815301076,1909f56bfc062723c751e8b465ee728b)
Start importing Assets/TextMesh Pro/Examples & Extras/Resources/Fonts & Materials/Anton SDF-DESKTOP-85EM8HK.asset using Guid(5f3f8d4db04d49542b511809d3fdb525) Importer(815301076,1909f56bfc062723c751e8b465ee728b) (PreviewImporter) -> (Import Result ID: '8c72c307a3ba2b76bcb6ddc683012149') in 0.0486996 seconds [static and dynamic dependencies]. Details - ImportResultOutputID=626dfe7264399ec3569e3d30e97f7367 DependenciesID=6cbfc0bc71c4ba068f30dbb33c91d4ed StaticDependenciesID=badee41505bc94c736e1dbafda2d1c00 
Number of updated asset objects reloaded before import = 0Number of asset objects unloaded after import = 6

========================================================================
Received Import Request.
  Time since last request: 0.000045 seconds.
  path: Assets/WeaponsAndPropsAssetPack_NAS/Assets/Tools, Weapons And Props/AssetsPack-01-NAS-metal-hammer.fbx
  importAddress: Guid(ac51463f6f514e24c875f04ec8d2fa7f) Importer(815301076,1909f56bfc062723c751e8b465ee728b)
Start importing Assets/WeaponsAndPropsAssetPack_NAS/Assets/Tools, Weapons And Props/AssetsPack-01-NAS-metal-hammer.fbx using Guid(ac51463f6f514e24c875f04ec8d2fa7f) Importer(815301076,1909f56bfc062723c751e8b465ee728b) (PreviewImporter) -> (Import Result ID: '311497bc6403d276ce0747f4c64eda49') in 0.0568075 seconds [static and dynamic dependencies]. Details - ImportResultOutputID=578dafdde6526866639849400cbcba68 DependenciesID=5e20c887a1e897425b61844f998dd334 StaticDependenciesID=4fed0caa5ffe4105a23e84ba5ad754e4 
Number of updated asset objects reloaded before import = 0Number of asset objects unloaded after import = 16

========================================================================
Received Import Request.
  Time since last request: 0.000064 seconds.
  path: Assets/Imports/LPWeapons/Models/Cup_02.fbx
  importAddress: Guid(62419620f07825b47bc717f663da6e9c) Importer(815301076,1909f56bfc062723c751e8b465ee728b)
Start importing Assets/Imports/LPWeapons/Models/Cup_02.fbx using Guid(62419620f07825b47bc717f663da6e9c) Importer(815301076,1909f56bfc062723c751e8b465ee728b) (PreviewImporter) -> (Import Result ID: 'beeee225ff0a79d0e24b8101d3bf0242') in 0.0344796 seconds [static and dynamic dependencies]. Details - ImportResultOutputID=715a924ce135b67992cec7893dc0eedf DependenciesID=b209a712a55b46fda463b66fd1a904e9 StaticDependenciesID=b675b6d3b6498dd32aa8a73c22f5387e 
Number of updated asset objects reloaded before import = 0Number of asset objects unloaded after import = 7

========================================================================
Received Import Request.
  Time since last request: 0.000210 seconds.
  path: Assets/Imports/Tools/Prefabs/Sickle_001.prefab
  importAddress: Guid(2848a0806986778408b04c54197ae691) Importer(815301076,1909f56bfc062723c751e8b465ee728b)
Start importing Assets/Imports/Tools/Prefabs/Sickle_001.prefab using Guid(2848a0806986778408b04c54197ae691) Importer(815301076,1909f56bfc062723c751e8b465ee728b) (PreviewImporter) -> (Import Result ID: 'f9f6e53c942fd9e43571b28b37369d23') in 0.0647614 seconds [static and dynamic dependencies]. Details - ImportResultOutputID=626ee4acc0a971bee6c364964154bacd DependenciesID=3dbc797d1dd11475a317f66d42ca1a8d StaticDependenciesID=87de25eb09843f5486845f331bea39e2 
Number of updated asset objects reloaded before import = 0Number of asset objects unloaded after import = 47

========================================================================
Received Import Request.
  Time since last request: 0.000046 seconds.
  path: Assets/Animations/Player/Ch21_nonPBR@Crouch Walk Forward.fbx
  importAddress: Guid(c5e3e2d0c20cc33458a34585a2d979cc) Importer(815301076,1909f56bfc062723c751e8b465ee728b)
Start importing Assets/Animations/Player/Ch21_nonPBR@Crouch Walk Forward.fbx using Guid(c5e3e2d0c20cc33458a34585a2d979cc) Importer(815301076,1909f56bfc062723c751e8b465ee728b) (PreviewImporter) -> (Import Result ID: '9a7cfdcc71be4af23a3d7380a153285f') in 0.0060349 seconds [static and dynamic dependencies]. Details - ImportResultOutputID=43e003d18d644b66a9360813179ec691 DependenciesID=2011f7b99d68d4d54581933ec0e0b26d StaticDependenciesID=911e53729b09e5a380ee77beb67eec1a 
Number of updated asset objects reloaded before import = 0Number of asset objects unloaded after import = 135

========================================================================
Received Import Request.
  Time since last request: 0.000044 seconds.
  path: Assets/WeaponsAndPropsAssetPack_NAS/Prefabs/Tools/MetalHammer.prefab
  importAddress: Guid(9c48bc7138684fa4093a5808529f9b77) Importer(815301076,1909f56bfc062723c751e8b465ee728b)
Start importing Assets/WeaponsAndPropsAssetPack_NAS/Prefabs/Tools/MetalHammer.prefab using Guid(9c48bc7138684fa4093a5808529f9b77) Importer(815301076,1909f56bfc062723c751e8b465ee728b) (PreviewImporter) -> (Import Result ID: '0ddfc8fccb2f1964a628d4b3cf612e02') in 0.031283 seconds [static and dynamic dependencies]. Details - ImportResultOutputID=3d0481c3c6dc4ad4743eaf695b9eee43 DependenciesID=8252f1e83f5eb179bebe647dba81d0a0 StaticDependenciesID=e555d690defac665883de123fbd06280 
Number of updated asset objects reloaded before import = 0Number of asset objects unloaded after import = 28

========================================================================
Received Import Request.
  Time since last request: 0.000031 seconds.
  path: Assets/BOXOPHOBIC/Utils/Scene/Light Standard Day.prefab
  importAddress: Guid(7cb2c8f46b381e94aac72fd1704cae67) Importer(815301076,1909f56bfc062723c751e8b465ee728b)
Start importing Assets/BOXOPHOBIC/Utils/Scene/Light Standard Day.prefab using Guid(7cb2c8f46b381e94aac72fd1704cae67) Importer(815301076,1909f56bfc062723c751e8b465ee728b) (PreviewImporter) -> (Import Result ID: '75da14402d8d4298caa4570421ce22e2') in 0.0026519 seconds [static and dynamic dependencies]. Details - ImportResultOutputID=6d25a76ececdd3bd8824ef95f1555116 DependenciesID=ca7ecd1551f5c866673e92a0906d15e8 StaticDependenciesID=9d3878e8084184b00a01719734c74c97 
Number of updated asset objects reloaded before import = 0Number of asset objects unloaded after import = 5

========================================================================
Received Import Request.
  Time since last request: 0.000044 seconds.
  path: Assets/WeaponsAndPropsAssetPack_NAS/Prefabs/Magical/StaffDetailsPurple.prefab
  importAddress: Guid(c4ee0b6d72a876743a277264ff490782) Importer(815301076,1909f56bfc062723c751e8b465ee728b)
Start importing Assets/WeaponsAndPropsAssetPack_NAS/Prefabs/Magical/StaffDetailsPurple.prefab using Guid(c4ee0b6d72a876743a277264ff490782) Importer(815301076,1909f56bfc062723c751e8b465ee728b) (PreviewImporter) -> (Import Result ID: 'ab151d893b02f8f3cfd4ed479b87b960') in 0.0294727 seconds [static and dynamic dependencies]. Details - ImportResultOutputID=a15b05d8466a1a98e75a483f86286101 DependenciesID=edfa082bc8c6b0cb594d24c5b7fb327f StaticDependenciesID=a2db7989f85492bad26f80d606579d3c 
Number of updated asset objects reloaded before import = 0Number of asset objects unloaded after import = 37

========================================================================
Received Import Request.
  Time since last request: 0.000033 seconds.
  path: Assets/Imports/LPWeapons/Prefabs/Stairs_01.prefab
  importAddress: Guid(55950e8fd9760f0488b64073fdf74021) Importer(815301076,1909f56bfc062723c751e8b465ee728b)
Start importing Assets/Imports/LPWeapons/Prefabs/Stairs_01.prefab using Guid(55950e8fd9760f0488b64073fdf74021) Importer(815301076,1909f56bfc062723c751e8b465ee728b) (PreviewImporter) -> (Import Result ID: '036b50fc8ce96a0cbb32b73c838ae624') in 0.0288403 seconds [static and dynamic dependencies]. Details - ImportResultOutputID=12d04de5a8602b20c34a37d416c03fee DependenciesID=81d8434115653683fa1424aab177a382 StaticDependenciesID=85a36c83789c14533e392452a9cf3bc5 
Number of updated asset objects reloaded before import = 0Number of asset objects unloaded after import = 10

========================================================================
Received Import Request.
  Time since last request: 0.000058 seconds.
  path: Assets/Imports/Tools/Meshes/Axe_001.fbx
  importAddress: Guid(1f898b6c9c50d5e4bb5beb73522b1a53) Importer(815301076,1909f56bfc062723c751e8b465ee728b)
Start importing Assets/Imports/Tools/Meshes/Axe_001.fbx using Guid(1f898b6c9c50d5e4bb5beb73522b1a53) Importer(815301076,1909f56bfc062723c751e8b465ee728b) (PreviewImporter) -> (Import Result ID: '306d1d757f4fd0286476c27ef6d4a771') in 0.159743 seconds [static and dynamic dependencies]. Details - ImportResultOutputID=45d005070bf7caea63e12406a8cc2948 DependenciesID=c48752f694812029f863bde869707b9d StaticDependenciesID=64245212d81d7c88b23930d62275505f 
Number of updated asset objects reloaded before import = 0Number of asset objects unloaded after import = 37

========================================================================
Received Import Request.
  Time since last request: 0.000033 seconds.
  path: Assets/BOXOPHOBIC/Utils/Scene/Post Standard.prefab
  importAddress: Guid(32cc595a7aade2749a61c144038a6379) Importer(815301076,1909f56bfc062723c751e8b465ee728b)
Start importing Assets/BOXOPHOBIC/Utils/Scene/Post Standard.prefab using Guid(32cc595a7aade2749a61c144038a6379) Importer(815301076,1909f56bfc062723c751e8b465ee728b) (PreviewImporter) -> (Import Result ID: 'c039fa6c1da66f19de561f1c932183ce') in 0.0227837 seconds [static and dynamic dependencies]. Details - ImportResultOutputID=a58eefcf0b96358eefab30cd23b94188 DependenciesID=722893ce77cb5c28bed86d893f865029 StaticDependenciesID=c65bf4f89607eefca2c2ab464bd4b415 
Number of updated asset objects reloaded before import = 0Number of asset objects unloaded after import = 10

========================================================================
Received Import Request.
  Time since last request: 0.000046 seconds.
  path: Assets/WeaponsAndPropsAssetPack_NAS/Assets/Lamps/AssetsPack-01-NAS-ceiling-lamp.fbx
  importAddress: Guid(d80c2c9795690b1448e63024eb3184cf) Importer(815301076,1909f56bfc062723c751e8b465ee728b)
Start importing Assets/WeaponsAndPropsAssetPack_NAS/Assets/Lamps/AssetsPack-01-NAS-ceiling-lamp.fbx using Guid(d80c2c9795690b1448e63024eb3184cf) Importer(815301076,1909f56bfc062723c751e8b465ee728b) (PreviewImporter) -> (Import Result ID: 'c4478729d38a189c737440941b01fdb4') in 0.1800861 seconds [static and dynamic dependencies]. Details - ImportResultOutputID=58ce15f6fdcf45b6121349e43db7a696 DependenciesID=0924e70032910e90690641570626f215 StaticDependenciesID=74c98a707dab9b5928a9c74e2601b5ba 
Number of updated asset objects reloaded before import = 0Number of asset objects unloaded after import = 42

========================================================================
Received Import Request.
  Time since last request: 0.000039 seconds.
  path: Assets/WeaponsAndPropsAssetPack_NAS/Prefabs/Survival/RoughKnife.prefab
  importAddress: Guid(576021239061bbc49a85370abb2e8e05) Importer(815301076,1909f56bfc062723c751e8b465ee728b)
Start importing Assets/WeaponsAndPropsAssetPack_NAS/Prefabs/Survival/RoughKnife.prefab using Guid(576021239061bbc49a85370abb2e8e05) Importer(815301076,1909f56bfc062723c751e8b465ee728b) (PreviewImporter) -> (Import Result ID: '4ca486dc461ed6b59c99333f0950ac2a') in 0.0299002 seconds [static and dynamic dependencies]. Details - ImportResultOutputID=f83fa00d5ee37ebb1bb1d69abe3306ea DependenciesID=a2387a3bb9064ba7c9f9319708fa9ced StaticDependenciesID=9657c4ecc4a92eb087d78ad2011fc43f 
Number of updated asset objects reloaded before import = 0Number of asset objects unloaded after import = 27

========================================================================
Received Import Request.
  Time since last request: 0.000057 seconds.
  path: Assets/Imports/LPAnimals/LOW POLY CUBIC - Goat and Sheep Pack/Prefabs_Standard/SK_Sheep_white.prefab
  importAddress: Guid(c36cdfacfaab1584c887c605bc8e7b2f) Importer(815301076,1909f56bfc062723c751e8b465ee728b)
Start importing Assets/Imports/LPAnimals/LOW POLY CUBIC - Goat and Sheep Pack/Prefabs_Standard/SK_Sheep_white.prefab using Guid(c36cdfacfaab1584c887c605bc8e7b2f) Importer(815301076,1909f56bfc062723c751e8b465ee728b) (PreviewImporter) -> (Import Result ID: '0b461ef26e1441f0f9d6edac8798d39b') in 0.0549919 seconds [static and dynamic dependencies]. Details - ImportResultOutputID=4eba9c249dd76ad50ca60edbb483bc79 DependenciesID=6ecae4fba554f6c0149b8efdaa767654 StaticDependenciesID=2b7d3fd66311d6ad0e3555f8efda3799 
Number of updated asset objects reloaded before import = 0Number of asset objects unloaded after import = 210

========================================================================
Received Import Request.
  Time since last request: 0.000047 seconds.
  path: Packages/com.unity.render-pipelines.core/Runtime/Debugging/Prefabs/Widgets/DebugUIToggle.prefab
  importAddress: Guid(ce347ad101f41ee4ab5c3fbc0ea447db) Importer(815301076,1909f56bfc062723c751e8b465ee728b)
Start importing Packages/com.unity.render-pipelines.core/Runtime/Debugging/Prefabs/Widgets/DebugUIToggle.prefab using Guid(ce347ad101f41ee4ab5c3fbc0ea447db) Importer(815301076,1909f56bfc062723c751e8b465ee728b) (PreviewImporter) -> (Import Result ID: '7078f7166e23e7adb576addccf90ca5b') in 0.0047741 seconds [static and dynamic dependencies]. Details - ImportResultOutputID=7bb2101bf75e177c8e535b5f2f2a098e DependenciesID=5e0a951915c045f64430ef90bd35b26c StaticDependenciesID=8494bd075b53e9e97ece7b6985439c1e 
Number of updated asset objects reloaded before import = 0Number of asset objects unloaded after import = 24

========================================================================
Received Import Request.
  Time since last request: 0.000039 seconds.
  path: Assets/TextMesh Pro/Examples & Extras/Fonts/Anton.ttf
  importAddress: Guid(997a43b767814dd0a7642ec9b78cba41) Importer(815301076,1909f56bfc062723c751e8b465ee728b)
Start importing Assets/TextMesh Pro/Examples & Extras/Fonts/Anton.ttf using Guid(997a43b767814dd0a7642ec9b78cba41) Importer(815301076,1909f56bfc062723c751e8b465ee728b) (PreviewImporter) -> (Import Result ID: 'a2971794808977fe92093bca366df791') in 0.0183708 seconds [static and dynamic dependencies]. Details - ImportResultOutputID=baf65cdc704cf89b25f62673a1d4cceb DependenciesID=5f4363f08a8358442089cc0e5fd6b13d StaticDependenciesID=9be375eb3f770d574bf8396b78d4b229 
Number of updated asset objects reloaded before import = 0Number of asset objects unloaded after import = 4

========================================================================
Received Import Request.
  Time since last request: 0.000077 seconds.
  path: Assets/WeaponsAndPropsAssetPack_NAS/Prefabs/Instruments/Flute.prefab
  importAddress: Guid(e052abca92ee8c749bc5164975300b58) Importer(815301076,1909f56bfc062723c751e8b465ee728b)
Start importing Assets/WeaponsAndPropsAssetPack_NAS/Prefabs/Instruments/Flute.prefab using Guid(e052abca92ee8c749bc5164975300b58) Importer(815301076,1909f56bfc062723c751e8b465ee728b) (PreviewImporter) -> (Import Result ID: 'c17651da0d328bd2ec68b269549cd941') in 0.033957 seconds [static and dynamic dependencies]. Details - ImportResultOutputID=f500aad5a3aa9865b3ef13267dab1b76 DependenciesID=f5d729cf459fc7cc7f47d0d645f03003 StaticDependenciesID=688c9c034eade1f33f0d0a739cf59689 
Number of updated asset objects reloaded before import = 0Number of asset objects unloaded after import = 41

========================================================================
Received Import Request.
  Time since last request: 0.000041 seconds.
  path: Assets/TextMesh Pro/Examples & Extras/Prefabs/TextMeshPro - Prefab 2.prefab
  importAddress: Guid(fdad9d952ae84cafb74c63f2e694d042) Importer(815301076,1909f56bfc062723c751e8b465ee728b)
Start importing Assets/TextMesh Pro/Examples & Extras/Prefabs/TextMeshPro - Prefab 2.prefab using Guid(fdad9d952ae84cafb74c63f2e694d042) Importer(815301076,1909f56bfc062723c751e8b465ee728b) (PreviewImporter) -> (Import Result ID: '66db6f7bea5bb2134cedafdc7e03c6db') in 0.0395225 seconds [static and dynamic dependencies]. Details - ImportResultOutputID=6cc69a3ee84cbb0800bd399b44e8a9ce DependenciesID=e9f0123e67d282f2d2988c6f4ae52e71 StaticDependenciesID=61f99c542abef5e2eb8c539f031df9cc 
Number of updated asset objects reloaded before import = 0Number of asset objects unloaded after import = 16

========================================================================
Received Import Request.
  Time since last request: 0.000034 seconds.
  path: Packages/com.unity.render-pipelines.core/Runtime/Debugging/Prefabs/Widgets/DebugUIValueTuple.prefab
  importAddress: Guid(a2148203dd960814ca5db0c293ceda35) Importer(815301076,1909f56bfc062723c751e8b465ee728b)
Start importing Packages/com.unity.render-pipelines.core/Runtime/Debugging/Prefabs/Widgets/DebugUIValueTuple.prefab using Guid(a2148203dd960814ca5db0c293ceda35) Importer(815301076,1909f56bfc062723c751e8b465ee728b) (PreviewImporter) -> (Import Result ID: '6ed4ebecd1b2c59e6e25f241cbec19ca') in 0.0050118 seconds [static and dynamic dependencies]. Details - ImportResultOutputID=fca6049423f42d0983001094f799f479 DependenciesID=25bd57af2778872cb0f26323ce3eaece StaticDependenciesID=5d6c4d6cd5308f188bdc695890555d88 
Number of updated asset objects reloaded before import = 0Number of asset objects unloaded after import = 15

========================================================================
Received Import Request.
  Time since last request: 0.000059 seconds.
  path: Assets/BOXOPHOBIC/Skybox Cubemap Extended/Demo/Prefabs/LowPoly - Grass A.prefab
  importAddress: Guid(9b6eba5dea9e77a4abd8f45df1ffffb6) Importer(815301076,1909f56bfc062723c751e8b465ee728b)
Start importing Assets/BOXOPHOBIC/Skybox Cubemap Extended/Demo/Prefabs/LowPoly - Grass A.prefab using Guid(9b6eba5dea9e77a4abd8f45df1ffffb6) Importer(815301076,1909f56bfc062723c751e8b465ee728b) (PreviewImporter) -> (Import Result ID: 'e0e25bc28ceb3d617049ec8ec6ec2736') in 0.026024 seconds [static and dynamic dependencies]. Details - ImportResultOutputID=f194c5348f60f4414f5cc4a40247e0f3 DependenciesID=2d9e0a166539302c788487795d80f882 StaticDependenciesID=54c8f7489a4f4aac29c751186c22fb5b 
Number of updated asset objects reloaded before import = 0Number of asset objects unloaded after import = 8

========================================================================
Received Import Request.
  Time since last request: 0.000051 seconds.
  path: Assets/Imports/LPWeapons/Models/Cup_01.fbx
  importAddress: Guid(dd79d1ed7df62f648869bb9fca16062a) Importer(815301076,1909f56bfc062723c751e8b465ee728b)
Start importing Assets/Imports/LPWeapons/Models/Cup_01.fbx using Guid(dd79d1ed7df62f648869bb9fca16062a) Importer(815301076,1909f56bfc062723c751e8b465ee728b) (PreviewImporter) -> (Import Result ID: '3351cdd0a17d0692f6b54e8fcc99768f') in 0.0356708 seconds [static and dynamic dependencies]. Details - ImportResultOutputID=d7f82667b4b75cbe717155fccd598432 DependenciesID=c769f25e77c7f6088cbb2fc0a250c59d StaticDependenciesID=79d53190c33f186031c8771acdb24058 
Number of updated asset objects reloaded before import = 0Number of asset objects unloaded after import = 7

========================================================================
Received Import Request.
  Time since last request: 0.000051 seconds.
  path: Assets/Imports/LPWeapons/Models/Coin_01.fbx
  importAddress: Guid(ee52ceccec10ae646a2fb8ff368687f6) Importer(815301076,1909f56bfc062723c751e8b465ee728b)
Start importing Assets/Imports/LPWeapons/Models/Coin_01.fbx using Guid(ee52ceccec10ae646a2fb8ff368687f6) Importer(815301076,1909f56bfc062723c751e8b465ee728b) (PreviewImporter) -> (Import Result ID: '275d5089dd9244bc1e95fb949afb91fc') in 0.044253 seconds [static and dynamic dependencies]. Details - ImportResultOutputID=0c44886ded1404b9788108001354e43d DependenciesID=be8c5fe2c0d280a02e0c046122b10211 StaticDependenciesID=cc192cde29ed68e9bfe91afa4af42600 
Number of updated asset objects reloaded before import = 0Number of asset objects unloaded after import = 7

========================================================================
Received Import Request.
  Time since last request: 0.000058 seconds.
  path: Assets/AllSkyFree/Deep Dusk/Deep Dusk.mat
  importAddress: Guid(b4f152e0498484391a9f0d5a1facf03b) Importer(815301076,1909f56bfc062723c751e8b465ee728b)
Start importing Assets/AllSkyFree/Deep Dusk/Deep Dusk.mat using Guid(b4f152e0498484391a9f0d5a1facf03b) Importer(815301076,1909f56bfc062723c751e8b465ee728b) (PreviewImporter) -> (Import Result ID: '173c089654614e2fa53cc060c8d0e739') in 0.0630629 seconds [static and dynamic dependencies]. Details - ImportResultOutputID=d8a8a206cff9f5d9965903e60006f134 DependenciesID=d4ea0f672301f78886765a91d042f3a1 StaticDependenciesID=2f2cc76f8e62b608c7c9076338169db2 
Number of updated asset objects reloaded before import = 0Number of asset objects unloaded after import = 7

========================================================================
Received Import Request.
  Time since last request: 0.000041 seconds.
  path: Assets/Imports/LPWeapons/Prefabs/Fence_01.prefab
  importAddress: Guid(9e4d87ed8442a2a40b13957dd237e343) Importer(815301076,1909f56bfc062723c751e8b465ee728b)
Start importing Assets/Imports/LPWeapons/Prefabs/Fence_01.prefab using Guid(9e4d87ed8442a2a40b13957dd237e343) Importer(815301076,1909f56bfc062723c751e8b465ee728b) (PreviewImporter) -> (Import Result ID: '94b56dd35c9a3a6efad25df80d532c24') in 0.0357494 seconds [static and dynamic dependencies]. Details - ImportResultOutputID=fbc276c50dec3fd289df6ea69cef97e7 DependenciesID=39fd8439f5c3d9454345f82dfced0783 StaticDependenciesID=07860a82a412ca748a0a67304c3b1c60 
Number of updated asset objects reloaded before import = 0Number of asset objects unloaded after import = 10

========================================================================
Received Import Request.
  Time since last request: 0.000045 seconds.
  path: Assets/Imports/Tools/Prefabs/Pitchfork_003.prefab
  importAddress: Guid(be0d1a3d3f486c14db4d0a6115624109) Importer(815301076,1909f56bfc062723c751e8b465ee728b)
Start importing Assets/Imports/Tools/Prefabs/Pitchfork_003.prefab using Guid(be0d1a3d3f486c14db4d0a6115624109) Importer(815301076,1909f56bfc062723c751e8b465ee728b) (PreviewImporter) -> (Import Result ID: '3df4c852fd9caaca91b6449ccc092783') in 0.0762396 seconds [static and dynamic dependencies]. Details - ImportResultOutputID=ea656b48a3b5e638943fc49557765d43 DependenciesID=8f0472b246a57039f395d45c4fee1fb8 StaticDependenciesID=0200ccdf49a631ed44e0f966971c66bf 
Number of updated asset objects reloaded before import = 0Number of asset objects unloaded after import = 42

========================================================================
Received Import Request.
  Time since last request: 0.000074 seconds.
  path: Assets/WeaponsAndPropsAssetPack_NAS/Prefabs/Magical/ScytheHandleBlack.prefab
  importAddress: Guid(8e46279ac928b8c40ad4407f53310903) Importer(815301076,1909f56bfc062723c751e8b465ee728b)
Start importing Assets/WeaponsAndPropsAssetPack_NAS/Prefabs/Magical/ScytheHandleBlack.prefab using Guid(8e46279ac928b8c40ad4407f53310903) Importer(815301076,1909f56bfc062723c751e8b465ee728b) (PreviewImporter) -> (Import Result ID: '39db0d5b8f3e6034a0e61ded3a2cf8ff') in 0.0350474 seconds [static and dynamic dependencies]. Details - ImportResultOutputID=fc8ed31c699eea0829e4079e829a231b DependenciesID=8206326ab94496e7550fc39e5c2d7950 StaticDependenciesID=8e48287972ef11875c203c17be36ecac 
Number of updated asset objects reloaded before import = 0Number of asset objects unloaded after import = 118

========================================================================
Received Import Request.
  Time since last request: 0.000051 seconds.
  path: Assets/WeaponsAndPropsAssetPack_NAS/Prefabs/Magical/StaffDetailsWhite.prefab
  importAddress: Guid(92841b7e51b88fd4694c9489918d07c3) Importer(815301076,1909f56bfc062723c751e8b465ee728b)
Start importing Assets/WeaponsAndPropsAssetPack_NAS/Prefabs/Magical/StaffDetailsWhite.prefab using Guid(92841b7e51b88fd4694c9489918d07c3) Importer(815301076,1909f56bfc062723c751e8b465ee728b) (PreviewImporter) -> (Import Result ID: 'f44a474f394ca0f72f0e88933d9cbc41') in 0.0334364 seconds [static and dynamic dependencies]. Details - ImportResultOutputID=bd1c1e2e7b746877d2be5b900f31d10d DependenciesID=6f57b2ff98d586a158d98d5841eeb403 StaticDependenciesID=f75a2918784b4ebb0eb9db8cba9004d1 
Number of updated asset objects reloaded before import = 0Number of asset objects unloaded after import = 66

========================================================================
Received Import Request.
  Time since last request: 0.000066 seconds.
  path: Assets/Imports/Food/Prefabs/CheeseSlice.prefab
  importAddress: Guid(62b03dc09f6b94275ada9c0d39e5b2d3) Importer(815301076,1909f56bfc062723c751e8b465ee728b)
Start importing Assets/Imports/Food/Prefabs/CheeseSlice.prefab using Guid(62b03dc09f6b94275ada9c0d39e5b2d3) Importer(815301076,1909f56bfc062723c751e8b465ee728b) (PreviewImporter) -> (Import Result ID: '3b15432490390b368cdc99d33bdc3558') in 0.0284774 seconds [static and dynamic dependencies]. Details - ImportResultOutputID=9a2595dafdbe8c972ab512bee0d19ff1 DependenciesID=86ac1ae0ca707df31930d61a65c5bf64 StaticDependenciesID=a129360d4edfcf8bac4e023fed182762 
Number of updated asset objects reloaded before import = 0Number of asset objects unloaded after import = 27

========================================================================
Received Import Request.
  Time since last request: 0.000040 seconds.
  path: Assets/BOXOPHOBIC/Skybox Cubemap Extended/Demo/Prefabs/LowPoly - Rock B.prefab
  importAddress: Guid(b0622c7c0ff092b46a37f31c718c5eba) Importer(815301076,1909f56bfc062723c751e8b465ee728b)
Start importing Assets/BOXOPHOBIC/Skybox Cubemap Extended/Demo/Prefabs/LowPoly - Rock B.prefab using Guid(b0622c7c0ff092b46a37f31c718c5eba) Importer(815301076,1909f56bfc062723c751e8b465ee728b) (PreviewImporter) -> (Import Result ID: '3fa945d0c49c96c4d7e7d7477d5bf081') in 0.0296812 seconds [static and dynamic dependencies]. Details - ImportResultOutputID=b4d15559631fea56a3f9c834e2ca7faf DependenciesID=2fad0bb688c9cd4167651dca201d354d StaticDependenciesID=e9a953cd1fe3f9b758764a4f56d7588f 
Number of updated asset objects reloaded before import = 0Number of asset objects unloaded after import = 8

========================================================================
Received Import Request.
  Time since last request: 0.000032 seconds.
  path: Assets/Imports/LPWeapons/Prefabs/Food_06.prefab
  importAddress: Guid(633dca2d2047e074ebf00763cd0f7ff4) Importer(815301076,1909f56bfc062723c751e8b465ee728b)
Start importing Assets/Imports/LPWeapons/Prefabs/Food_06.prefab using Guid(633dca2d2047e074ebf00763cd0f7ff4) Importer(815301076,1909f56bfc062723c751e8b465ee728b) (PreviewImporter) -> (Import Result ID: '5c2e9041b9141d1ea94cd7e1b54fef40') in 0.0340273 seconds [static and dynamic dependencies]. Details - ImportResultOutputID=adede5a66520344d76007866203f65cd DependenciesID=267beb52970d7f51241b1593c9fa6f3a StaticDependenciesID=e770992f708ef0a8769e60b4478bb61f 
Number of updated asset objects reloaded before import = 0Number of asset objects unloaded after import = 10

========================================================================
Received Import Request.
  Time since last request: 0.000066 seconds.
  path: Assets/WeaponsAndPropsAssetPack_NAS/Assets/Breakables/ShallowPlate/AssetsPack-01-NAS-fractured-shallow-plate.fbx
  importAddress: Guid(5e3151b3b8f499a43838cfb727e97884) Importer(815301076,1909f56bfc062723c751e8b465ee728b)
Start importing Assets/WeaponsAndPropsAssetPack_NAS/Assets/Breakables/ShallowPlate/AssetsPack-01-NAS-fractured-shallow-plate.fbx using Guid(5e3151b3b8f499a43838cfb727e97884) Importer(815301076,1909f56bfc062723c751e8b465ee728b) (PreviewImporter) -> (Import Result ID: 'b2ef1b5c20bf3a29d1a4527633d1c755') in 0.3416903 seconds [static and dynamic dependencies]. Details - ImportResultOutputID=66723ac2427300249859c12ad83ee5ca DependenciesID=6a2bbdd45382c8257f05dfab75daca99 StaticDependenciesID=54fd3558c4372de5dd29c326dfdbe17a 
Number of updated asset objects reloaded before import = 0Number of asset objects unloaded after import = 82

========================================================================
Received Import Request.
  Time since last request: 0.000059 seconds.
  path: Assets/Imports/LPWeapons/Prefabs/Jug_03.prefab
  importAddress: Guid(913a7c559afba3e4b904814a31557cca) Importer(815301076,1909f56bfc062723c751e8b465ee728b)
Start importing Assets/Imports/LPWeapons/Prefabs/Jug_03.prefab using Guid(913a7c559afba3e4b904814a31557cca) Importer(815301076,1909f56bfc062723c751e8b465ee728b) (PreviewImporter) -> (Import Result ID: 'aa7adab67790f130ac4e89c54835a85b') in 0.0353506 seconds [static and dynamic dependencies]. Details - ImportResultOutputID=302e6e45ed0ca636952e45b3db2b94f5 DependenciesID=02c9df23427aa46bd9b9aa611755044f StaticDependenciesID=dfb0e47dce15cc07c85439f6aaf8ec04 
Number of updated asset objects reloaded before import = 0Number of asset objects unloaded after import = 10

========================================================================
Received Import Request.
  Time since last request: 0.000067 seconds.
  path: Packages/com.unity.shadergraph/GraphTemplates/Cross Pipeline/2_Particle Lit.shadergraph
  importAddress: Guid(a680d9a9f8b66514abbfd3ae1c8f77f7) Importer(815301076,1909f56bfc062723c751e8b465ee728b)
Start importing Packages/com.unity.shadergraph/GraphTemplates/Cross Pipeline/2_Particle Lit.shadergraph using Guid(a680d9a9f8b66514abbfd3ae1c8f77f7) Importer(815301076,1909f56bfc062723c751e8b465ee728b) (PreviewImporter) -> (Import Result ID: '2b708c1fa8eb6506a245f36d30fefeec') in 1.9490727 seconds [static and dynamic dependencies]. Details - ImportResultOutputID=366d7683e23b95e28a93a8892705f6c8 DependenciesID=297afa15d7e71987ca7c0956290074d4 StaticDependenciesID=474f9b63a7dce7b1f4e3cdf2c4f1b3fa 
Number of updated asset objects reloaded before import = 0Number of asset objects unloaded after import = 9

========================================================================
Received Import Request.
  Time since last request: 0.000045 seconds.
  path: Assets/Imports/LPAnimals/LOW POLY CUBIC - Goat and Sheep Pack/Material_Standard/FarmAnimals-DESKTOP-85EM8HK.mat
  importAddress: Guid(58f94ffe0f9d2ae47949c39a8ae6c414) Importer(815301076,1909f56bfc062723c751e8b465ee728b)
Start importing Assets/Imports/LPAnimals/LOW POLY CUBIC - Goat and Sheep Pack/Material_Standard/FarmAnimals-DESKTOP-85EM8HK.mat using Guid(58f94ffe0f9d2ae47949c39a8ae6c414) Importer(815301076,1909f56bfc062723c751e8b465ee728b) (PreviewImporter) -> (Import Result ID: '7a1dadb072d87796077ce89c13f27009') in 1.0505511 seconds [static and dynamic dependencies]. Details - ImportResultOutputID=23c358d3e5c9de7e050b15f47bb59b8c DependenciesID=6b0c4fbef84a94ce61641e8c17df682f StaticDependenciesID=c8e713943afe0b3303e438c4c6583c95 
Number of updated asset objects reloaded before import = 0Number of asset objects unloaded after import = 2

========================================================================
Received Import Request.
  Time since last request: 0.000048 seconds.
  path: Assets/Imports/LPWeapons/Prefabs/Pointer_02.prefab
  importAddress: Guid(db548dbe1affff14da8f8444cd7a16a8) Importer(815301076,1909f56bfc062723c751e8b465ee728b)
Start importing Assets/Imports/LPWeapons/Prefabs/Pointer_02.prefab using Guid(db548dbe1affff14da8f8444cd7a16a8) Importer(815301076,1909f56bfc062723c751e8b465ee728b) (PreviewImporter) -> (Import Result ID: 'dabd376cde2b1e4482573208f635cc91') in 0.0380137 seconds [static and dynamic dependencies]. Details - ImportResultOutputID=d9dbe81a907b6e715c9b7bf8888bfcd4 DependenciesID=7a4ab407b17b57e014376c71dd4aa09f StaticDependenciesID=80b3f700cd8aaa99880a31afc48cd1b7 
Number of updated asset objects reloaded before import = 0Number of asset objects unloaded after import = 10

========================================================================
Received Import Request.
  Time since last request: 0.000056 seconds.
  path: Assets/TextMesh Pro/Examples & Extras/Prefabs/Text Popup.prefab
  importAddress: Guid(b06f0e6c1dfa4356ac918da1bb32c603) Importer(815301076,1909f56bfc062723c751e8b465ee728b)
Start importing Assets/TextMesh Pro/Examples & Extras/Prefabs/Text Popup.prefab using Guid(b06f0e6c1dfa4356ac918da1bb32c603) Importer(815301076,1909f56bfc062723c751e8b465ee728b) (PreviewImporter) -> (Import Result ID: '176957dd39096dfa9ae8a0b25a2f3ae1') in 0.0312122 seconds [static and dynamic dependencies]. Details - ImportResultOutputID=224cc330c0075151eb37cb7f8b60eac5 DependenciesID=fff90fe34594426ef3d9aa14ca938d19 StaticDependenciesID=3e816b74f2dfd4254c4eb3749937cca3 
Number of updated asset objects reloaded before import = 0Number of asset objects unloaded after import = 21

========================================================================
Received Import Request.
  Time since last request: 0.000032 seconds.
  path: Assets/WeaponsAndPropsAssetPack_NAS/Assets/Tools, Weapons And Props/AssetsPack-01-NAS-wooden-shovel.fbx
  importAddress: Guid(beca8fedfee7b564a9559a481f49e0fc) Importer(815301076,1909f56bfc062723c751e8b465ee728b)
Start importing Assets/WeaponsAndPropsAssetPack_NAS/Assets/Tools, Weapons And Props/AssetsPack-01-NAS-wooden-shovel.fbx using Guid(beca8fedfee7b564a9559a481f49e0fc) Importer(815301076,1909f56bfc062723c751e8b465ee728b) (PreviewImporter) -> (Import Result ID: '694da15e961f27f42d741dfaa94f55cb') in 0.0407669 seconds [static and dynamic dependencies]. Details - ImportResultOutputID=07aa52aa4b5c834ff7be43491bf844a2 DependenciesID=5abffed43fc0b5163c7d1fc12c2e8353 StaticDependenciesID=87c79d75f96e1ebb982450c771a46e9e 
Number of updated asset objects reloaded before import = 0Number of asset objects unloaded after import = 10

========================================================================
Received Import Request.
  Time since last request: 0.000066 seconds.
  path: Assets/WeaponsAndPropsAssetPack_NAS/Prefabs/Survival/RoughShovel.prefab
  importAddress: Guid(5818244a5a4adee40969114fe425f202) Importer(815301076,1909f56bfc062723c751e8b465ee728b)
Start importing Assets/WeaponsAndPropsAssetPack_NAS/Prefabs/Survival/RoughShovel.prefab using Guid(5818244a5a4adee40969114fe425f202) Importer(815301076,1909f56bfc062723c751e8b465ee728b) (PreviewImporter) -> (Import Result ID: '43dc1eeaa7863e17625501dc835de8f9') in 0.0289118 seconds [static and dynamic dependencies]. Details - ImportResultOutputID=32f5554d5678fb73d66f8d793169fe76 DependenciesID=2294daaf67206cf5d2b23fc638322fb8 StaticDependenciesID=986ef8aefd6cf6d07e7610a431debbbf 
Number of updated asset objects reloaded before import = 0Number of asset objects unloaded after import = 18

========================================================================
Received Import Request.
  Time since last request: 0.000039 seconds.
  path: Assets/WeaponsAndPropsAssetPack_NAS/Prefabs/Breakables/Vase003.prefab
  importAddress: Guid(fc9c81f21f921b848b23116d747f2341) Importer(815301076,1909f56bfc062723c751e8b465ee728b)
Start importing Assets/WeaponsAndPropsAssetPack_NAS/Prefabs/Breakables/Vase003.prefab using Guid(fc9c81f21f921b848b23116d747f2341) Importer(815301076,1909f56bfc062723c751e8b465ee728b) (PreviewImporter) -> (Import Result ID: '0547ca418fe3f42d48b2d2266a8f0fa1') in 0.0398359 seconds [static and dynamic dependencies]. Details - ImportResultOutputID=20cedc281079c0f5e751584da774108c DependenciesID=fb863099ead3aba0de57f826fab3d721 StaticDependenciesID=1e2df72500a60b9f255bd94551b7024e 
Number of updated asset objects reloaded before import = 0Number of asset objects unloaded after import = 126

========================================================================
Received Import Request.
  Time since last request: 0.000039 seconds.
  path: Assets/AllSkyFree/Cartoon Base NightSky/Cartoon Base NightSky.mat
  importAddress: Guid(aa78c8d403a8547fe86d1f74239e6b03) Importer(815301076,1909f56bfc062723c751e8b465ee728b)
Start importing Assets/AllSkyFree/Cartoon Base NightSky/Cartoon Base NightSky.mat using Guid(aa78c8d403a8547fe86d1f74239e6b03) Importer(815301076,1909f56bfc062723c751e8b465ee728b) (PreviewImporter) -> (Import Result ID: '2a5066b124a72433ba03afb376e0420a') in 0.0614312 seconds [static and dynamic dependencies]. Details - ImportResultOutputID=9cf3cfbf4d599c915a2caccc64d3a3df DependenciesID=6f8bd640be07344db600be26a372c16d StaticDependenciesID=60c353dfc335d555576d059559104a1b 
Number of updated asset objects reloaded before import = 0Number of asset objects unloaded after import = 7

========================================================================
Received Import Request.
  Time since last request: 0.000069 seconds.
  path: Assets/WeaponsAndPropsAssetPack_NAS/Prefabs/Magical/StaffDetailsOrange.prefab
  importAddress: Guid(e0ffc626cf416e84bafaedf6ab85d07f) Importer(815301076,1909f56bfc062723c751e8b465ee728b)
Start importing Assets/WeaponsAndPropsAssetPack_NAS/Prefabs/Magical/StaffDetailsOrange.prefab using Guid(e0ffc626cf416e84bafaedf6ab85d07f) Importer(815301076,1909f56bfc062723c751e8b465ee728b) (PreviewImporter) -> (Import Result ID: 'acc34c8120262eca6a65a5b15456b624') in 0.0386171 seconds [static and dynamic dependencies]. Details - ImportResultOutputID=e2e695cf8c425a9c4b9bad4d25dbf677 DependenciesID=ecf1a9d4f12ac8081d5195d185aa74e6 StaticDependenciesID=fc1e45c1eea1921c4aeecd9ee8873a13 
Number of updated asset objects reloaded before import = 0Number of asset objects unloaded after import = 66

========================================================================
Received Import Request.
  Time since last request: 0.000073 seconds.
  path: Assets/Imports/LPWeapons/Prefabs/Plate_03.prefab
  importAddress: Guid(8ad79b265210cac4180535b79fd4f14c) Importer(815301076,1909f56bfc062723c751e8b465ee728b)
Start importing Assets/Imports/LPWeapons/Prefabs/Plate_03.prefab using Guid(8ad79b265210cac4180535b79fd4f14c) Importer(815301076,1909f56bfc062723c751e8b465ee728b) (PreviewImporter) -> (Import Result ID: '6f3b3b8cce10606d37350afc408a0e9f') in 0.0332917 seconds [static and dynamic dependencies]. Details - ImportResultOutputID=7b0c33eb3a195874c36d2580ace1c6a6 DependenciesID=02564d01a05a12eeeff13eca1626b51e StaticDependenciesID=0c63dd1973e72da515426b7073e5942d 
Number of updated asset objects reloaded before import = 0Number of asset objects unloaded after import = 10

========================================================================
Received Import Request.
  Time since last request: 0.000032 seconds.
  path: Assets/WeaponsAndPropsAssetPack_NAS/Prefabs/Breakables/Bowl.prefab
  importAddress: Guid(d1a841f742024cc499f0b749a9415168) Importer(815301076,1909f56bfc062723c751e8b465ee728b)
Start importing Assets/WeaponsAndPropsAssetPack_NAS/Prefabs/Breakables/Bowl.prefab using Guid(d1a841f742024cc499f0b749a9415168) Importer(815301076,1909f56bfc062723c751e8b465ee728b) (PreviewImporter) -> (Import Result ID: 'bc8676da9772b16e47bcf070af9fff1a') in 0.0369693 seconds [static and dynamic dependencies]. Details - ImportResultOutputID=1f54609a2b86b951fc9cadbe95beadd9 DependenciesID=8cdf6fb380cc09f84c1986c229bfdf93 StaticDependenciesID=494db8cf44a2338583d96594a4c876cb 
Number of updated asset objects reloaded before import = 0Number of asset objects unloaded after import = 266

========================================================================
Received Import Request.
  Time since last request: 0.000042 seconds.
  path: Assets/AllSkyFree/_AllSkyFreeDemoEnvironment/AllSkyFreeDemoEnvironment.prefab
  importAddress: Guid(e2402d4ef4fe747ae9ad59bdccad4556) Importer(815301076,1909f56bfc062723c751e8b465ee728b)
Start importing Assets/AllSkyFree/_AllSkyFreeDemoEnvironment/AllSkyFreeDemoEnvironment.prefab using Guid(e2402d4ef4fe747ae9ad59bdccad4556) Importer(815301076,1909f56bfc062723c751e8b465ee728b) (PreviewImporter) -> (Import Result ID: '5a725f546639ab1920a7b3706364965c') in 0.0558911 seconds [static and dynamic dependencies]. Details - ImportResultOutputID=ad8ddfbef1703d4a711a7422df832e4a DependenciesID=474f6fec2d20739d1b36be46759a9857 StaticDependenciesID=6454d5bf9d82ee3083cb1d98ab3fb306 
Number of updated asset objects reloaded before import = 0Number of asset objects unloaded after import = 31

========================================================================
Received Import Request.
  Time since last request: 0.000044 seconds.
  path: Assets/BOXOPHOBIC/Utils/Scene/Camera HD.prefab
  importAddress: Guid(3420996c453349c47b672ddcf35a6660) Importer(815301076,1909f56bfc062723c751e8b465ee728b)
Start importing Assets/BOXOPHOBIC/Utils/Scene/Camera HD.prefab using Guid(3420996c453349c47b672ddcf35a6660) Importer(815301076,1909f56bfc062723c751e8b465ee728b) (PreviewImporter) -> (Import Result ID: 'b27bc3226f31eb4fa3ec486005794872') in 0.0027039 seconds [static and dynamic dependencies]. Details - ImportResultOutputID=9020227a4f4424f9455a6faf02da6e5b DependenciesID=9e19fd6b0fe4c5a10065510955a7568e StaticDependenciesID=9ccc26e7cdb2995099da38e881698ec2 
Number of updated asset objects reloaded before import = 0Number of asset objects unloaded after import = 8

========================================================================
Received Import Request.
  Time since last request: 0.000026 seconds.
  path: Assets/Standard Assets/Characters/FirstPersonCharacter/Prefabs/RigidBodyFPSController.prefab
  importAddress: Guid(c6453f8e1f814744d8b94e5a6d1f9942) Importer(815301076,1909f56bfc062723c751e8b465ee728b)
Start importing Assets/Standard Assets/Characters/FirstPersonCharacter/Prefabs/RigidBodyFPSController.prefab using Guid(c6453f8e1f814744d8b94e5a6d1f9942) Importer(815301076,1909f56bfc062723c751e8b465ee728b) (PreviewImporter) -> (Import Result ID: 'bc4cebbd6d3b59e358d4a672dfdce037') in 0.0053212 seconds [static and dynamic dependencies]. Details - ImportResultOutputID=42b4d8c51410a805de686d2ca25aafb3 DependenciesID=b293bd0ff31f5072eb540c356a864718 StaticDependenciesID=39459d1a64072ade8938d8ce1700f51c 
Number of updated asset objects reloaded before import = 0Number of asset objects unloaded after import = 11

========================================================================
Received Import Request.
  Time since last request: 0.000029 seconds.
  path: Assets/Imports/Food/Meshes/CheeseSlice.fbx
  importAddress: Guid(c696fe80cb0a044d2b5f0b4822969f11) Importer(815301076,1909f56bfc062723c751e8b465ee728b)
Start importing Assets/Imports/Food/Meshes/CheeseSlice.fbx using Guid(c696fe80cb0a044d2b5f0b4822969f11) Importer(815301076,1909f56bfc062723c751e8b465ee728b) (PreviewImporter) -> (Import Result ID: '795a745a7b4872beb6afb3797ce4f43e') in 0.1001502 seconds [static and dynamic dependencies]. Details - ImportResultOutputID=21b715cfd6260556d70b87de788236e5 DependenciesID=99b735440c3f8bc0f11f1868a0423eb3 StaticDependenciesID=1f8dbddc5f69fcc42052ccf617646fde 
Number of updated asset objects reloaded before import = 0Number of asset objects unloaded after import = 16

========================================================================
Received Import Request.
  Time since last request: 0.000049 seconds.
  path: Assets/Imports/LPAnimals/LOW POLY CUBIC - Goat and Sheep Pack/Material_Standard/FarmAnimals.mat
  importAddress: Guid(81a6c471c16a72e449db911b680aa2dd) Importer(815301076,1909f56bfc062723c751e8b465ee728b)
Start importing Assets/Imports/LPAnimals/LOW POLY CUBIC - Goat and Sheep Pack/Material_Standard/FarmAnimals.mat using Guid(81a6c471c16a72e449db911b680aa2dd) Importer(815301076,1909f56bfc062723c751e8b465ee728b) (PreviewImporter) -> (Import Result ID: '4833f912470b199d3b9c50848048622a') in 0.0307428 seconds [static and dynamic dependencies]. Details - ImportResultOutputID=f788453970d7ad7af9cc02787638a505 DependenciesID=894473d1a9601bb783e858c9fce02e73 StaticDependenciesID=333138b386f11e5cf313859192f064ab 
Number of updated asset objects reloaded before import = 0Number of asset objects unloaded after import = 2

========================================================================
Received Import Request.
  Time since last request: 0.000042 seconds.
  path: Assets/Animations/Player/Ch21_nonPBR@Falling Idle.fbx
  importAddress: Guid(38fa753ee8e14284ca5f97ee2248e436) Importer(815301076,1909f56bfc062723c751e8b465ee728b)
Start importing Assets/Animations/Player/Ch21_nonPBR@Falling Idle.fbx using Guid(38fa753ee8e14284ca5f97ee2248e436) Importer(815301076,1909f56bfc062723c751e8b465ee728b) (PreviewImporter) -> (Import Result ID: '6c5095b135bf2e25eec2419bd52cc6fb') in 0.007915 seconds [static and dynamic dependencies]. Details - ImportResultOutputID=b4729ec33ff22cb5b83d4ef2c3aa57ef DependenciesID=beb909e5859233fb45ddddb3d88f53c6 StaticDependenciesID=9f6e095f19c420b5352224d468eda376 
Number of updated asset objects reloaded before import = 0Number of asset objects unloaded after import = 135

========================================================================
Received Import Request.
  Time since last request: 0.000042 seconds.
  path: Assets/Imports/LPWeapons/Prefabs/Stone_01.prefab
  importAddress: Guid(89a32941865132c4ba1c2782790ed46b) Importer(815301076,1909f56bfc062723c751e8b465ee728b)
Start importing Assets/Imports/LPWeapons/Prefabs/Stone_01.prefab using Guid(89a32941865132c4ba1c2782790ed46b) Importer(815301076,1909f56bfc062723c751e8b465ee728b) (PreviewImporter) -> (Import Result ID: '74d867612320970b9071a6576aa7c39e') in 0.0270241 seconds [static and dynamic dependencies]. Details - ImportResultOutputID=653ab0a7a9005ae0d4bd87dbaab506a3 DependenciesID=a20a200f54ff63f899fadbe0e99e795d StaticDependenciesID=0ce7be22153f7a552f8ad288cd1988a8 
Number of updated asset objects reloaded before import = 0Number of asset objects unloaded after import = 10

========================================================================
Received Import Request.
  Time since last request: 0.000046 seconds.
  path: Assets/WeaponsAndPropsAssetPack_NAS/Prefabs/Tools/DoubleHeadedMetalAxe.prefab
  importAddress: Guid(ab57eb08ffd445744b5c3eba2e9618e2) Importer(815301076,1909f56bfc062723c751e8b465ee728b)
Start importing Assets/WeaponsAndPropsAssetPack_NAS/Prefabs/Tools/DoubleHeadedMetalAxe.prefab using Guid(ab57eb08ffd445744b5c3eba2e9618e2) Importer(815301076,1909f56bfc062723c751e8b465ee728b) (PreviewImporter) -> (Import Result ID: 'f8854a5ac6c87dcb2ff9a3c3ba7d80d4') in 0.0276638 seconds [static and dynamic dependencies]. Details - ImportResultOutputID=30b560869062a515e8fafc901a617601 DependenciesID=2a436837acfc3256edf2b1453276ade5 StaticDependenciesID=ef07c9a4d82a2e62dfa7ed47fdac2633 
Number of updated asset objects reloaded before import = 0Number of asset objects unloaded after import = 54

========================================================================
Received Import Request.
  Time since last request: 0.000040 seconds.
  path: Assets/TextMesh Pro/Examples & Extras/Resources/Fonts & Materials/Electronic Highway Sign SDF.asset
  importAddress: Guid(dc36b3fdc14f47ebb36fd484a67e268a) Importer(815301076,1909f56bfc062723c751e8b465ee728b)
Start importing Assets/TextMesh Pro/Examples & Extras/Resources/Fonts & Materials/Electronic Highway Sign SDF.asset using Guid(dc36b3fdc14f47ebb36fd484a67e268a) Importer(815301076,1909f56bfc062723c751e8b465ee728b) (PreviewImporter) -> (Import Result ID: 'ce993b7670179a11ce18d61e86f71f90') in 0.0323734 seconds [static and dynamic dependencies]. Details - ImportResultOutputID=e60a2a97743b0e93479fc2c9aa77e7f5 DependenciesID=3fe7269b0bca4c24ab2aede77480cb4e StaticDependenciesID=3a5c19ce8019ffc7f5a5f728f1aeeca1 
Number of updated asset objects reloaded before import = 0Number of asset objects unloaded after import = 6

========================================================================
Received Import Request.
  Time since last request: 0.000038 seconds.
  path: Assets/Imports/LPWeapons/Prefabs/Coin_03.prefab
  importAddress: Guid(e80de320c38970749a65395e05ea34e4) Importer(815301076,1909f56bfc062723c751e8b465ee728b)
Start importing Assets/Imports/LPWeapons/Prefabs/Coin_03.prefab using Guid(e80de320c38970749a65395e05ea34e4) Importer(815301076,1909f56bfc062723c751e8b465ee728b) (PreviewImporter) -> (Import Result ID: '9d58d4207f570d2180f17063823e75ba') in 0.0309011 seconds [static and dynamic dependencies]. Details - ImportResultOutputID=3864dec1c3ab52b6d4189afbd8c50062 DependenciesID=4e942f3aa65acab76a90d912baef51bf StaticDependenciesID=52645031a1ce547b5872db9e1517e6cf 
Number of updated asset objects reloaded before import = 0Number of asset objects unloaded after import = 10

========================================================================
Received Import Request.
  Time since last request: 0.000032 seconds.
  path: Packages/com.unity.shadergraph/GraphTemplates/BuiltIn/BuiltIn Unlit Basic.shadergraph
  importAddress: Guid(9618d41bb71f74048bb6cace8785b93d) Importer(815301076,1909f56bfc062723c751e8b465ee728b)
Start importing Packages/com.unity.shadergraph/GraphTemplates/BuiltIn/BuiltIn Unlit Basic.shadergraph using Guid(9618d41bb71f74048bb6cace8785b93d) Importer(815301076,1909f56bfc062723c751e8b465ee728b) (PreviewImporter) -> (Import Result ID: '6639bf91b0a8c0a85ae8470d4feed2ac') in 0.3458841 seconds [static and dynamic dependencies]. Details - ImportResultOutputID=2d0d48a734de2c128c76ec82280ed57e DependenciesID=e0c796241eaaa221481e417c8ed79f34 StaticDependenciesID=f7b458aa03aa77b6f3169f7175c7eb2d 
Number of updated asset objects reloaded before import = 0Number of asset objects unloaded after import = 2

========================================================================
Received Import Request.
  Time since last request: 0.000048 seconds.
  path: Assets/WeaponsAndPropsAssetPack_NAS/Assets/Tools, Weapons And Props/AssetsPack-01-NAS-scythes.fbx
  importAddress: Guid(e47d22c176beb14498e38eda8333a774) Importer(815301076,1909f56bfc062723c751e8b465ee728b)
Start importing Assets/WeaponsAndPropsAssetPack_NAS/Assets/Tools, Weapons And Props/AssetsPack-01-NAS-scythes.fbx using Guid(e47d22c176beb14498e38eda8333a774) Importer(815301076,1909f56bfc062723c751e8b465ee728b) (PreviewImporter) -> (Import Result ID: '1ac942e3688f271587e3c4444908c6d2') in 0.1785704 seconds [static and dynamic dependencies]. Details - ImportResultOutputID=7ba1e2bdf423dc9fa19be2d171ed255e DependenciesID=35036f6afc071cffe9f15992412d5487 StaticDependenciesID=d14910a6b787a6179ff39231f841e012 
Number of updated asset objects reloaded before import = 0Number of asset objects unloaded after import = 45

========================================================================
Received Import Request.
  Time since last request: 0.000058 seconds.
  path: Assets/Imports/LPWeapons/Prefabs/Bottle_02.prefab
  importAddress: Guid(e8300462cc969dc4c82430a0eab04fbd) Importer(815301076,1909f56bfc062723c751e8b465ee728b)
Start importing Assets/Imports/LPWeapons/Prefabs/Bottle_02.prefab using Guid(e8300462cc969dc4c82430a0eab04fbd) Importer(815301076,1909f56bfc062723c751e8b465ee728b) (PreviewImporter) -> (Import Result ID: '8c4a7af75319ed67d8c5f590bbe61add') in 0.0306218 seconds [static and dynamic dependencies]. Details - ImportResultOutputID=69a0928ed6d958e2baf162d17fb303fc DependenciesID=169bdd018b21e07e17a743072d78e8bd StaticDependenciesID=ea39c364fc712b56fd4cea2d9cfc575a 
Number of updated asset objects reloaded before import = 0Number of asset objects unloaded after import = 10

========================================================================
Received Import Request.
  Time since last request: 0.000061 seconds.
  path: Assets/Kevin Iglesias/Human Animations/Unity Demo Scenes/Human Crafting Animations/Prefabs/Tools/Human_Axe.prefab
  importAddress: Guid(156e98d4f4451e047a931b77481a40e6) Importer(815301076,1909f56bfc062723c751e8b465ee728b)
Start importing Assets/Kevin Iglesias/Human Animations/Unity Demo Scenes/Human Crafting Animations/Prefabs/Tools/Human_Axe.prefab using Guid(156e98d4f4451e047a931b77481a40e6) Importer(815301076,1909f56bfc062723c751e8b465ee728b) (PreviewImporter) -> (Import Result ID: 'd9f6dea2af1c4d66604fabd2fc327869') in 0.0231642 seconds [static and dynamic dependencies]. Details - ImportResultOutputID=aca9a916ce0579b0b5ffccc3f6a85cb8 DependenciesID=ed7d209e04144a9d1917960089b4b8ae StaticDependenciesID=b699143da0a88f5be4a19b9412f92201 
Number of updated asset objects reloaded before import = 0Number of asset objects unloaded after import = 16

========================================================================
Received Import Request.
  Time since last request: 0.000028 seconds.
  path: Assets/Prefabs/Items/Tools/Spear.prefab
  importAddress: Guid(df59b94d8a90f1e4da9614d1eecf772b) Importer(815301076,1909f56bfc062723c751e8b465ee728b)
Start importing Assets/Prefabs/Items/Tools/Spear.prefab using Guid(df59b94d8a90f1e4da9614d1eecf772b) Importer(815301076,1909f56bfc062723c751e8b465ee728b) (PreviewImporter) -> (Import Result ID: 'a4f75e173f43f39e023fc6486739df45') in 0.02991 seconds [static and dynamic dependencies]. Details - ImportResultOutputID=fc0fcaff40dba6595493bd12ac807c48 DependenciesID=6f9b2c525c0de706e8a74511d627f5a7 StaticDependenciesID=20a46816ef650ab2738f75b931e76b4b 
Number of updated asset objects reloaded before import = 0Number of asset objects unloaded after import = 27

========================================================================
Received Import Request.
  Time since last request: 0.000042 seconds.
  path: Assets/WeaponsAndPropsAssetPack_NAS/Assets/Breakables/Vases/AssetsPack-01-NAS-fixed-vase-003.fbx
  importAddress: Guid(f0e1030deee1a634f9d62080f4026b76) Importer(815301076,1909f56bfc062723c751e8b465ee728b)
Start importing Assets/WeaponsAndPropsAssetPack_NAS/Assets/Breakables/Vases/AssetsPack-01-NAS-fixed-vase-003.fbx using Guid(f0e1030deee1a634f9d62080f4026b76) Importer(815301076,1909f56bfc062723c751e8b465ee728b) (PreviewImporter) -> (Import Result ID: '854f139234ec64a3b835962eafe10399') in 0.0365957 seconds [static and dynamic dependencies]. Details - ImportResultOutputID=280fb6d50d2e11039933130c968b1555 DependenciesID=fe28ea9adb4ce4fea3f9530e31883d0c StaticDependenciesID=57cb52740ffc6a7cab8d6d842766201e 
Number of updated asset objects reloaded before import = 0Number of asset objects unloaded after import = 10

========================================================================
Received Import Request.
  Time since last request: 0.000035 seconds.
  path: Assets/Prefabs/Animals/CreamSheep.prefab
  importAddress: Guid(b518fad86d7c5aa4d94b0bfac9e0db5b) Importer(815301076,1909f56bfc062723c751e8b465ee728b)
Start importing Assets/Prefabs/Animals/CreamSheep.prefab using Guid(b518fad86d7c5aa4d94b0bfac9e0db5b) Importer(815301076,1909f56bfc062723c751e8b465ee728b) (PreviewImporter) -> (Import Result ID: 'ad4772ede6595e537f3ef4d35449ab10') in 0.0522668 seconds [static and dynamic dependencies]. Details - ImportResultOutputID=4811fe881a1c7f6ef502360cff2fa1f2 DependenciesID=933e066e28126dbb9fc918826c3233b0 StaticDependenciesID=9ec92fc162a37bd2d39747faf9582e2f 
Number of updated asset objects reloaded before import = 0Number of asset objects unloaded after import = 214

========================================================================
Received Import Request.
  Time since last request: 0.000061 seconds.
  path: Packages/com.unity.render-pipelines.core/Runtime/Debugging/Prefabs/Widgets/DebugUIVector4.prefab
  importAddress: Guid(d47f009476100f545971a81ede14c750) Importer(815301076,1909f56bfc062723c751e8b465ee728b)
Start importing Packages/com.unity.render-pipelines.core/Runtime/Debugging/Prefabs/Widgets/DebugUIVector4.prefab using Guid(d47f009476100f545971a81ede14c750) Importer(815301076,1909f56bfc062723c751e8b465ee728b) (PreviewImporter) -> (Import Result ID: '5d48c98f2aa7a64c128b312535aabbf4') in 0.0082303 seconds [static and dynamic dependencies]. Details - ImportResultOutputID=7a041803ab9d96c7fbbd2df5e6239ffd DependenciesID=ef9833a55f8b3d234fe543dc71610ec3 StaticDependenciesID=1261de5ba587463a475c48a72a0ddf08 
Number of updated asset objects reloaded before import = 0Number of asset objects unloaded after import = 78

========================================================================
Received Import Request.
  Time since last request: 0.000060 seconds.
  path: Packages/com.unity.render-pipelines.core/Runtime/RenderPipelineResources/Mesh/SamplesFixture.fbx
  importAddress: Guid(b28fa67a0ff82c5478f27368dc627683) Importer(815301076,1909f56bfc062723c751e8b465ee728b)
Start importing Packages/com.unity.render-pipelines.core/Runtime/RenderPipelineResources/Mesh/SamplesFixture.fbx using Guid(b28fa67a0ff82c5478f27368dc627683) Importer(815301076,1909f56bfc062723c751e8b465ee728b) (PreviewImporter) -> (Import Result ID: 'fba24d7c465e528e782763bf9bd52197') in 0.0608345 seconds [static and dynamic dependencies]. Details - ImportResultOutputID=636afc0328026cc5b6269e553e0f7eb7 DependenciesID=02a371c6aff84be0476b0aa9eaa30edb StaticDependenciesID=91fe52ac22899239e7aa17499fd5463d 
Number of updated asset objects reloaded before import = 0Number of asset objects unloaded after import = 9

========================================================================
Received Import Request.
  Time since last request: 0.000030 seconds.
  path: Packages/com.unity.render-pipelines.core/Runtime/Debugging/Prefabs/Widgets/DebugUIIntField.prefab
  importAddress: Guid(ae00bb75e0cd5b04b8fe7fb4ab662629) Importer(815301076,1909f56bfc062723c751e8b465ee728b)
Start importing Packages/com.unity.render-pipelines.core/Runtime/Debugging/Prefabs/Widgets/DebugUIIntField.prefab using Guid(ae00bb75e0cd5b04b8fe7fb4ab662629) Importer(815301076,1909f56bfc062723c751e8b465ee728b) (PreviewImporter) -> (Import Result ID: '265ad6d5109def06d695a0b322ed899a') in 0.0053164 seconds [static and dynamic dependencies]. Details - ImportResultOutputID=7203a85c00f9f45a9d6034de02f88446 DependenciesID=5bade865e952b1b04292c9353ac85861 StaticDependenciesID=7a2b2259052fa220093dbb3499c052cb 
Number of updated asset objects reloaded before import = 0Number of asset objects unloaded after import = 37

========================================================================
Received Import Request.
  Time since last request: 0.000061 seconds.
  path: Assets/Kevin Iglesias/Human Animations/Unity Demo Scenes/Human Crafting Animations/Prefabs/Characters/HumanM_CrafterVillager.prefab
  importAddress: Guid(0731ab68777ccc8498cd144d984d6bc4) Importer(815301076,1909f56bfc062723c751e8b465ee728b)
Start importing Assets/Kevin Iglesias/Human Animations/Unity Demo Scenes/Human Crafting Animations/Prefabs/Characters/HumanM_CrafterVillager.prefab using Guid(0731ab68777ccc8498cd144d984d6bc4) Importer(815301076,1909f56bfc062723c751e8b465ee728b) (PreviewImporter) -> (Import Result ID: '5d1d02702226863c3b4715f154db73ff') in 0.0316324 seconds [static and dynamic dependencies]. Details - ImportResultOutputID=6e2c2389e6af527a19221c2f621c56a7 DependenciesID=9e6c594c0aa3e483e3a2bfef39c9216f StaticDependenciesID=1b701dafb206d30f789b70a8f1c863d7 
Number of updated asset objects reloaded before import = 0Number of asset objects unloaded after import = 250

========================================================================
Received Import Request.
  Time since last request: 0.000040 seconds.
  path: Assets/Prefabs/Misc/Terrain.prefab
  importAddress: Guid(b4aad18501c19244ca57b485a0ee3199) Importer(815301076,1909f56bfc062723c751e8b465ee728b)
Start importing Assets/Prefabs/Misc/Terrain.prefab using Guid(b4aad18501c19244ca57b485a0ee3199) Importer(815301076,1909f56bfc062723c751e8b465ee728b) (PreviewImporter) -> (Import Result ID: '5c9c2c190ca7d7a744b6b96e252f12fe') in 0.0030315 seconds [static and dynamic dependencies]. Details - ImportResultOutputID=1d3360021d553fdc49a30b3ab4a0ec36 DependenciesID=87815c07521a5decd23a71e09aef9fb3 StaticDependenciesID=e60a373f7bdc3a6a760a4ccd60c75fa5 
Number of updated asset objects reloaded before import = 0Number of asset objects unloaded after import = 40

========================================================================
Received Import Request.
  Time since last request: 0.000030 seconds.
  path: Assets/WeaponsAndPropsAssetPack_NAS/Assets/Tools, Weapons And Props/AssetsPack-01-NAS-flutes.fbx
  importAddress: Guid(17a9536a3bd837d49998556f69838a5b) Importer(815301076,1909f56bfc062723c751e8b465ee728b)
Start importing Assets/WeaponsAndPropsAssetPack_NAS/Assets/Tools, Weapons And Props/AssetsPack-01-NAS-flutes.fbx using Guid(17a9536a3bd837d49998556f69838a5b) Importer(815301076,1909f56bfc062723c751e8b465ee728b) (PreviewImporter) -> (Import Result ID: 'e3da9ef25d20fa4cb3c7c5ec43cb6524') in 0.0883346 seconds [static and dynamic dependencies]. Details - ImportResultOutputID=e5e07f3f29414efd05dedf1be06f093f DependenciesID=21d43ff870b585c35ffebe7c917e32d0 StaticDependenciesID=005d592fd1d886a45ddf8c6e3c8b00c1 
Number of updated asset objects reloaded before import = 0Number of asset objects unloaded after import = 23

========================================================================
Received Import Request.
  Time since last request: 0.000033 seconds.
  path: Assets/WeaponsAndPropsAssetPack_NAS/Assets/Tools, Weapons And Props/AssetsPack-01-NAS-staves.fbx
  importAddress: Guid(9f1ae89d1c663c84d9f0b9bd43065057) Importer(815301076,1909f56bfc062723c751e8b465ee728b)
Start importing Assets/WeaponsAndPropsAssetPack_NAS/Assets/Tools, Weapons And Props/AssetsPack-01-NAS-staves.fbx using Guid(9f1ae89d1c663c84d9f0b9bd43065057) Importer(815301076,1909f56bfc062723c751e8b465ee728b) (PreviewImporter) -> (Import Result ID: 'dd3d0a2094e3cc3a842feb54aa34a3f9') in 0.1500003 seconds [static and dynamic dependencies]. Details - ImportResultOutputID=e98c2a90fc32d2a89ad70274824571ab DependenciesID=f810391c80a1fbce7f542c9b48db72c4 StaticDependenciesID=f66a943b86b6484d4e59c32863c3081b 
Number of updated asset objects reloaded before import = 0Number of asset objects unloaded after import = 37

========================================================================
Received Import Request.
  Time since last request: 0.000044 seconds.
  path: Assets/Imports/LPWeapons/Prefabs/Bucket_01.prefab
  importAddress: Guid(f2db1d06f79fef94592fee4b86c679d8) Importer(815301076,1909f56bfc062723c751e8b465ee728b)
Start importing Assets/Imports/LPWeapons/Prefabs/Bucket_01.prefab using Guid(f2db1d06f79fef94592fee4b86c679d8) Importer(815301076,1909f56bfc062723c751e8b465ee728b) (PreviewImporter) -> (Import Result ID: '2dbb4cd56c2ad95e6fa0c913f21a1fb1') in 0.0327279 seconds [static and dynamic dependencies]. Details - ImportResultOutputID=6810f05d927014f6d8b54a1d5e7e65d8 DependenciesID=220deead0f00b1efdc1933755668b292 StaticDependenciesID=3d36aeb16597ff726b34677dd92dc346 
Number of updated asset objects reloaded before import = 0Number of asset objects unloaded after import = 22

========================================================================
Received Import Request.
  Time since last request: 0.000056 seconds.
  path: Assets/Imports/LPEnvirement/Lowpoly_Environments/Prefabs/Trees/PT_Fruit_Tree_01_dead_cut.prefab
  importAddress: Guid(66d0615cc71cd48408b75ff3f99c97af) Importer(815301076,1909f56bfc062723c751e8b465ee728b)
Start importing Assets/Imports/LPEnvirement/Lowpoly_Environments/Prefabs/Trees/PT_Fruit_Tree_01_dead_cut.prefab using Guid(66d0615cc71cd48408b75ff3f99c97af) Importer(815301076,1909f56bfc062723c751e8b465ee728b) (PreviewImporter) -> (Import Result ID: 'da41fffe89926912aa8cf3c2dd8b06a1') in 0.0336572 seconds [static and dynamic dependencies]. Details - ImportResultOutputID=a81e22f7b95ac0895b2da8e60f7889f5 DependenciesID=8ec8082c4ac9d60fced9ef71207c79c0 StaticDependenciesID=83c51c79552c380533f2d671f37a5989 
Number of updated asset objects reloaded before import = 0Number of asset objects unloaded after import = 9

========================================================================
Received Import Request.
  Time since last request: 0.000050 seconds.
  path: Assets/WeaponsAndPropsAssetPack_NAS/Prefabs/Lamps/WallLampOffPink.prefab
  importAddress: Guid(c3397295b30fd4e41893551f96f7b6bd) Importer(815301076,1909f56bfc062723c751e8b465ee728b)
Start importing Assets/WeaponsAndPropsAssetPack_NAS/Prefabs/Lamps/WallLampOffPink.prefab using Guid(c3397295b30fd4e41893551f96f7b6bd) Importer(815301076,1909f56bfc062723c751e8b465ee728b) (PreviewImporter) -> (Import Result ID: '34ae442f88cce0ae21b8d3f047d4dc4f') in 0.0402918 seconds [static and dynamic dependencies]. Details - ImportResultOutputID=986bb69b25dd97236a5222a454fac947 DependenciesID=a6c7ccead748eec42ce584de046f90c4 StaticDependenciesID=bd57e2e80a09157dd45c222828aacd0c 
Number of updated asset objects reloaded before import = 0Number of asset objects unloaded after import = 314

========================================================================
Received Import Request.
  Time since last request: 0.000107 seconds.
  path: Assets/Animations/Player/Ch21_nonPBR@Punching.fbx
  importAddress: Guid(8120a8824c58caf49a87326f33a28d5a) Importer(815301076,1909f56bfc062723c751e8b465ee728b)
Start importing Assets/Animations/Player/Ch21_nonPBR@Punching.fbx using Guid(8120a8824c58caf49a87326f33a28d5a) Importer(815301076,1909f56bfc062723c751e8b465ee728b) (PreviewImporter) -> (Import Result ID: 'a6c38e7715838357b25dd8e8c92eaef4') in 0.0067098 seconds [static and dynamic dependencies]. Details - ImportResultOutputID=95f447a9b0458bb64cda08ab1bf592e9 DependenciesID=f6a74d8dccf093698f7a808859a7a2d6 StaticDependenciesID=73a3c82e8a75f3156e2c2425d61328c1 
Number of updated asset objects reloaded before import = 0Number of asset objects unloaded after import = 135

========================================================================
Received Import Request.
  Time since last request: 0.000051 seconds.
  path: Assets/Kevin Iglesias/Human Animations/Unity Demo Scenes/Human Crafting Animations/Prefabs/Tools/Human_Plow.prefab
  importAddress: Guid(6e3652d5213aea040a15184971b44300) Importer(815301076,1909f56bfc062723c751e8b465ee728b)
Start importing Assets/Kevin Iglesias/Human Animations/Unity Demo Scenes/Human Crafting Animations/Prefabs/Tools/Human_Plow.prefab using Guid(6e3652d5213aea040a15184971b44300) Importer(815301076,1909f56bfc062723c751e8b465ee728b) (PreviewImporter) -> (Import Result ID: 'c6dde691f879576f6413e1a502817643') in 0.0325888 seconds [static and dynamic dependencies]. Details - ImportResultOutputID=d9884ccd59a545c9667f0771ad89c031 DependenciesID=db7c3015f7fc659791e26cccc1459c56 StaticDependenciesID=8af4405e4ded3c925b39c2c051371823 
Number of updated asset objects reloaded before import = 0Number of asset objects unloaded after import = 16

========================================================================
Received Import Request.
  Time since last request: 0.000047 seconds.
  path: Assets/Imports/Tools/Prefabs/Pitchfork_001.prefab
  importAddress: Guid(6134b32c8d8602a48b13183afaa4ef03) Importer(815301076,1909f56bfc062723c751e8b465ee728b)
Start importing Assets/Imports/Tools/Prefabs/Pitchfork_001.prefab using Guid(6134b32c8d8602a48b13183afaa4ef03) Importer(815301076,1909f56bfc062723c751e8b465ee728b) (PreviewImporter) -> (Import Result ID: '15d6e74cd8e6e2d8147f44ced31fefe7') in 0.0684699 seconds [static and dynamic dependencies]. Details - ImportResultOutputID=3825d24d89e659935c2635dee087795a DependenciesID=cfab5cfa1dde23a53d0808e4f176dcdf StaticDependenciesID=8e51ea95031d4ac0c938a86814666f6d 
Number of updated asset objects reloaded before import = 0Number of asset objects unloaded after import = 42

========================================================================
Received Import Request.
  Time since last request: 0.000052 seconds.
  path: Assets/WeaponsAndPropsAssetPack_NAS/Prefabs/Magical/StaffDetailsYellow.prefab
  importAddress: Guid(f289eb043ea229642b61b63fab4d4b6b) Importer(815301076,1909f56bfc062723c751e8b465ee728b)
Start importing Assets/WeaponsAndPropsAssetPack_NAS/Prefabs/Magical/StaffDetailsYellow.prefab using Guid(f289eb043ea229642b61b63fab4d4b6b) Importer(815301076,1909f56bfc062723c751e8b465ee728b) (PreviewImporter) -> (Import Result ID: 'd6e816e235a4fa047b4e075be6181da2') in 0.0335549 seconds [static and dynamic dependencies]. Details - ImportResultOutputID=e9e4e07192ca01c1e268bcc45ff73f7e DependenciesID=0fba5820e2ed26e78bcaf048522e1f45 StaticDependenciesID=93a02418736a0465b64cc11b1b1d7866 
Number of updated asset objects reloaded before import = 0Number of asset objects unloaded after import = 66

========================================================================
Received Import Request.
  Time since last request: 0.000040 seconds.
  path: Assets/TextMesh Pro/Fonts/BMYEONSUNG_ttf SDF.asset
  importAddress: Guid(b97e1148b1bd0eb4eb51c0192a3aa079) Importer(815301076,1909f56bfc062723c751e8b465ee728b)
Start importing Assets/TextMesh Pro/Fonts/BMYEONSUNG_ttf SDF.asset using Guid(b97e1148b1bd0eb4eb51c0192a3aa079) Importer(815301076,1909f56bfc062723c751e8b465ee728b) (PreviewImporter) -> (Import Result ID: '7f4930d0799fd31e56bf862cceb911d7') in 0.0638218 seconds [static and dynamic dependencies]. Details - ImportResultOutputID=00b766fc19f737a7155c65393af8d855 DependenciesID=077861fb60b0df38078d82a5d4b70775 StaticDependenciesID=88d0e675a61ae382eef0faeeac4927e3 
Number of updated asset objects reloaded before import = 0Number of asset objects unloaded after import = 4

========================================================================
Received Import Request.
  Time since last request: 0.000034 seconds.
  path: Assets/Materials/Character/Ch21_body-DESKTOP-85EM8HK.mat
  importAddress: Guid(4a3007b59f9e0194e852aa979b5a87e2) Importer(815301076,1909f56bfc062723c751e8b465ee728b)
Start importing Assets/Materials/Character/Ch21_body-DESKTOP-85EM8HK.mat using Guid(4a3007b59f9e0194e852aa979b5a87e2) Importer(815301076,1909f56bfc062723c751e8b465ee728b) (PreviewImporter) -> (Import Result ID: '29eca2ae2017579e9d630f88d0d21aa7') in 0.0339152 seconds [static and dynamic dependencies]. Details - ImportResultOutputID=8398c7ba299007ec9fdb01b379ee6da2 DependenciesID=06280c4d27ef56f07c397e5b9331d18d StaticDependenciesID=0d42faf3bc9bc6715ff24004cebb5c98 
Number of updated asset objects reloaded before import = 0Number of asset objects unloaded after import = 3

========================================================================
Received Import Request.
  Time since last request: 0.000072 seconds.
  path: Assets/Imports/LPWeapons/Models/Axe_01.fbx
  importAddress: Guid(a1f67aa07796fb24d9b3adf4cc449805) Importer(815301076,1909f56bfc062723c751e8b465ee728b)
Start importing Assets/Imports/LPWeapons/Models/Axe_01.fbx using Guid(a1f67aa07796fb24d9b3adf4cc449805) Importer(815301076,1909f56bfc062723c751e8b465ee728b) (PreviewImporter) -> (Import Result ID: 'd3637c6d27587350b5e7d248d3050ed7') in 0.0340034 seconds [static and dynamic dependencies]. Details - ImportResultOutputID=0180a2849a16ec0294c01122aa2f49db DependenciesID=2f92f59bc02c9a7bc65b139cd9c3bc21 StaticDependenciesID=d78a495f9f2a1d3657bd9c45fa77cc4a 
Number of updated asset objects reloaded before import = 0Number of asset objects unloaded after import = 7

========================================================================
Received Import Request.
  Time since last request: 0.000029 seconds.
  path: Assets/WeaponsAndPropsAssetPack_NAS/Prefabs/Weapons/KatanaHandleGreen.prefab
  importAddress: Guid(a567a51fb6b5e4444920e9a81c0826b1) Importer(815301076,1909f56bfc062723c751e8b465ee728b)
Start importing Assets/WeaponsAndPropsAssetPack_NAS/Prefabs/Weapons/KatanaHandleGreen.prefab using Guid(a567a51fb6b5e4444920e9a81c0826b1) Importer(815301076,1909f56bfc062723c751e8b465ee728b) (PreviewImporter) -> (Import Result ID: 'd16053a02ffe6d94566ee700b870b326') in 0.0292962 seconds [static and dynamic dependencies]. Details - ImportResultOutputID=f3170ade8a927be0e98203a54f63f4c8 DependenciesID=2a4b20c02e6b4a1a1f6dd9341c4d2ded StaticDependenciesID=d74dac542da2218fc6dbc1255b72f5b7 
Number of updated asset objects reloaded before import = 0Number of asset objects unloaded after import = 93

========================================================================
Received Import Request.
  Time since last request: 0.000048 seconds.
  path: Assets/Imports/LPWeapons/Prefabs/Fence_02.prefab
  importAddress: Guid(7a92d70f42aca1d40aa5675904d4fb0a) Importer(815301076,1909f56bfc062723c751e8b465ee728b)
Start importing Assets/Imports/LPWeapons/Prefabs/Fence_02.prefab using Guid(7a92d70f42aca1d40aa5675904d4fb0a) Importer(815301076,1909f56bfc062723c751e8b465ee728b) (PreviewImporter) -> (Import Result ID: '6a565a21810ced962672fa4757406597') in 0.0258694 seconds [static and dynamic dependencies]. Details - ImportResultOutputID=19c84116d9aff62a9ac82286d487d7dc DependenciesID=8dcc33382356d35d285a946fec34c597 StaticDependenciesID=2494cfcd8951e8f94c22639e979de691 
Number of updated asset objects reloaded before import = 0Number of asset objects unloaded after import = 10

========================================================================
Received Import Request.
  Time since last request: 0.000063 seconds.
  path: Assets/Prefabs/Animals/BlackGoat.prefab
  importAddress: Guid(4d6f883efcf7ef14aa6fb61ac600bc08) Importer(815301076,1909f56bfc062723c751e8b465ee728b)
Start importing Assets/Prefabs/Animals/BlackGoat.prefab using Guid(4d6f883efcf7ef14aa6fb61ac600bc08) Importer(815301076,1909f56bfc062723c751e8b465ee728b) (PreviewImporter) -> (Import Result ID: '8c9ad352ce10da5cb403f5989a8af602') in 0.0598327 seconds [static and dynamic dependencies]. Details - ImportResultOutputID=d17cffe97b8e5d2f93e7c7e11cb76e15 DependenciesID=3a8f0bf765c6eaaf34ca892645037ff1 StaticDependenciesID=971e21504a3748ee9795a2af11352a5a 
Number of updated asset objects reloaded before import = 0Number of asset objects unloaded after import = 258

========================================================================
Received Import Request.
  Time since last request: 0.000048 seconds.
  path: Assets/Imports/Tools/Meshes/Broom_001.fbx
  importAddress: Guid(a3d32346e0c641647a9b08bc30177416) Importer(815301076,1909f56bfc062723c751e8b465ee728b)
Start importing Assets/Imports/Tools/Meshes/Broom_001.fbx using Guid(a3d32346e0c641647a9b08bc30177416) Importer(815301076,1909f56bfc062723c751e8b465ee728b) (PreviewImporter) -> (Import Result ID: 'd6419f3ce704d3d8023940f391efec1a') in 0.1070857 seconds [static and dynamic dependencies]. Details - ImportResultOutputID=baa3f3f700fb2c80174576a7af9d7875 DependenciesID=b41057842ed3f2361c967aab216e8f36 StaticDependenciesID=7bd9e4da3ef6654ac7fa5f0ad4e6fc30 
Number of updated asset objects reloaded before import = 0Number of asset objects unloaded after import = 27

========================================================================
Received Import Request.
  Time since last request: 0.000030 seconds.
  path: Assets/WeaponsAndPropsAssetPack_NAS/Prefabs/Lamps/WallLampOffBlue.prefab
  importAddress: Guid(f3c0f109955fac14ea65b3c57699ea80) Importer(815301076,1909f56bfc062723c751e8b465ee728b)
Start importing Assets/WeaponsAndPropsAssetPack_NAS/Prefabs/Lamps/WallLampOffBlue.prefab using Guid(f3c0f109955fac14ea65b3c57699ea80) Importer(815301076,1909f56bfc062723c751e8b465ee728b) (PreviewImporter) -> (Import Result ID: '08e3fbe514b7f20e751655a639a0b32d') in 0.0384837 seconds [static and dynamic dependencies]. Details - ImportResultOutputID=d75f5febd85e2ceed3a6bd3421bfd3e1 DependenciesID=f67da84908f54ba8b71cebda30480cb5 StaticDependenciesID=50a824c4be64459ca323ec8d2749b6e9 
Number of updated asset objects reloaded before import = 0Number of asset objects unloaded after import = 314

========================================================================
Received Import Request.
  Time since last request: 0.000061 seconds.
  path: Assets/WeaponsAndPropsAssetPack_NAS/Prefabs/Weapons/ClaveHandleWhite.prefab
  importAddress: Guid(121b803e34277584c817905a6e0dd5a3) Importer(815301076,1909f56bfc062723c751e8b465ee728b)
Start importing Assets/WeaponsAndPropsAssetPack_NAS/Prefabs/Weapons/ClaveHandleWhite.prefab using Guid(121b803e34277584c817905a6e0dd5a3) Importer(815301076,1909f56bfc062723c751e8b465ee728b) (PreviewImporter) -> (Import Result ID: 'b4172f492444c991c520bf6ce8f7f223') in 0.0321223 seconds [static and dynamic dependencies]. Details - ImportResultOutputID=f652646a1ad1a34be0a8bdc265578aa4 DependenciesID=f67cdf7bcd6f1da79eaf94eb2c455fcc StaticDependenciesID=bf6977be883358eaf630559256e56ca0 
Number of updated asset objects reloaded before import = 0Number of asset objects unloaded after import = 105

========================================================================
Received Import Request.
  Time since last request: 0.000036 seconds.
  path: Assets/WeaponsAndPropsAssetPack_NAS/Prefabs/Breakables/Vase002.prefab
  importAddress: Guid(41ced150e51eeb84ea1861ada08e2ff8) Importer(815301076,1909f56bfc062723c751e8b465ee728b)
Start importing Assets/WeaponsAndPropsAssetPack_NAS/Prefabs/Breakables/Vase002.prefab using Guid(41ced150e51eeb84ea1861ada08e2ff8) Importer(815301076,1909f56bfc062723c751e8b465ee728b) (PreviewImporter) -> (Import Result ID: 'a985c69dca4d48329f9a6dcd1a118d14') in 0.0309925 seconds [static and dynamic dependencies]. Details - ImportResultOutputID=a325943178745fe69a40134ce288a6a0 DependenciesID=bd32e380629492b6ef0bf6bb9a604477 StaticDependenciesID=f345d853527569846a97134a591a5424 
Number of updated asset objects reloaded before import = 0Number of asset objects unloaded after import = 126

========================================================================
Received Import Request.
  Time since last request: 0.000030 seconds.
  path: Assets/WeaponsAndPropsAssetPack_NAS/Assets/Tools, Weapons And Props/AssetsPack-01-NAS-chest.fbx
  importAddress: Guid(829dd61dfbc165149905e0685687f90f) Importer(815301076,1909f56bfc062723c751e8b465ee728b)
Start importing Assets/WeaponsAndPropsAssetPack_NAS/Assets/Tools, Weapons And Props/AssetsPack-01-NAS-chest.fbx using Guid(829dd61dfbc165149905e0685687f90f) Importer(815301076,1909f56bfc062723c751e8b465ee728b) (PreviewImporter) -> (Import Result ID: '2f064ab23f4c829a660246d2c7833672') in 0.0801095 seconds [static and dynamic dependencies]. Details - ImportResultOutputID=680d9e46f9cf7ae45d5679978a35ab52 DependenciesID=c192e97f0b9ed4251cd594e8d4604834 StaticDependenciesID=efb47e884667bf82fae33aed28b563ff 
Number of updated asset objects reloaded before import = 0Number of asset objects unloaded after import = 26

========================================================================
Received Import Request.
  Time since last request: 0.000054 seconds.
  path: Assets/WeaponsAndPropsAssetPack_NAS/Assets/Breakables/Bowl/AssetsPack-01-NAS-fractured-simple-bowl.fbx
  importAddress: Guid(4f35836be14679c4991bd60a154579df) Importer(815301076,1909f56bfc062723c751e8b465ee728b)
Start importing Assets/WeaponsAndPropsAssetPack_NAS/Assets/Breakables/Bowl/AssetsPack-01-NAS-fractured-simple-bowl.fbx using Guid(4f35836be14679c4991bd60a154579df) Importer(815301076,1909f56bfc062723c751e8b465ee728b) (PreviewImporter) -> (Import Result ID: 'ae502e06bfd634af32e394e5be259736') in 0.6506802 seconds [static and dynamic dependencies]. Details - ImportResultOutputID=90cf6d3f3133d5a6a266c0b3f957a69d DependenciesID=3a4266ad4ae33019c3a1bfa65671e4e8 StaticDependenciesID=b23744a536b80f6f4e88fcf81067c771 
Number of updated asset objects reloaded before import = 0Number of asset objects unloaded after import = 182

========================================================================
Received Import Request.
  Time since last request: 0.000033 seconds.
  path: Assets/WeaponsAndPropsAssetPack_NAS/Assets/Tools, Weapons And Props/AssetsPack-01-NAS-modern-hoe.fbx
  importAddress: Guid(1f06db63bfff4034084904c12b1ded7c) Importer(815301076,1909f56bfc062723c751e8b465ee728b)
Start importing Assets/WeaponsAndPropsAssetPack_NAS/Assets/Tools, Weapons And Props/AssetsPack-01-NAS-modern-hoe.fbx using Guid(1f06db63bfff4034084904c12b1ded7c) Importer(815301076,1909f56bfc062723c751e8b465ee728b) (PreviewImporter) -> (Import Result ID: 'd8a55cc61f4b1b37b9cd871244288f0b') in 0.0625286 seconds [static and dynamic dependencies]. Details - ImportResultOutputID=ae9eacd80e290d119a2b43e80a408502 DependenciesID=4f364e8cce49928c96912f321112c0f7 StaticDependenciesID=48bafea4af0b1309cc2dcd51ad9949d0 
Number of updated asset objects reloaded before import = 0Number of asset objects unloaded after import = 16

========================================================================
Received Import Request.
  Time since last request: 0.000044 seconds.
  path: Assets/Kevin Iglesias/Human Animations/Unity Demo Scenes/Human Crafting Animations/Prefabs/Tools/Human_Pickaxe.prefab
  importAddress: Guid(e4fa22aa03421d5429251a41dc6f7df5) Importer(815301076,1909f56bfc062723c751e8b465ee728b)
Start importing Assets/Kevin Iglesias/Human Animations/Unity Demo Scenes/Human Crafting Animations/Prefabs/Tools/Human_Pickaxe.prefab using Guid(e4fa22aa03421d5429251a41dc6f7df5) Importer(815301076,1909f56bfc062723c751e8b465ee728b) (PreviewImporter) -> (Import Result ID: 'e71f38754c7f639dddbba01c000cf4b4') in 0.0254204 seconds [static and dynamic dependencies]. Details - ImportResultOutputID=812011d950a2242eb4997b8b42b2df79 DependenciesID=423c980f6d7d25fbb7fa7cb2636df352 StaticDependenciesID=257ae57d5d2da27d11217982fa6afb97 
Number of updated asset objects reloaded before import = 0Number of asset objects unloaded after import = 16

========================================================================
Received Import Request.
  Time since last request: 0.000044 seconds.
  path: Assets/WeaponsAndPropsAssetPack_NAS/Prefabs/Lamps/CeilingLampPurple.prefab
  importAddress: Guid(dfb1f347759e81846b4d455a9942643e) Importer(815301076,1909f56bfc062723c751e8b465ee728b)
Start importing Assets/WeaponsAndPropsAssetPack_NAS/Prefabs/Lamps/CeilingLampPurple.prefab using Guid(dfb1f347759e81846b4d455a9942643e) Importer(815301076,1909f56bfc062723c751e8b465ee728b) (PreviewImporter) -> (Import Result ID: '2cb3e3115badecc13ae3659aac8dbe33') in 0.0402685 seconds [static and dynamic dependencies]. Details - ImportResultOutputID=36a3a8e29473df967967c9e8ae24d855 DependenciesID=ddcee32af26aebfb75b4446070582c03 StaticDependenciesID=a9dfbda5bb5fb4f31aeafe642082c1b6 
Number of updated asset objects reloaded before import = 0Number of asset objects unloaded after import = 107

========================================================================
Received Import Request.
  Time since last request: 0.000034 seconds.
  path: Assets/Imports/LPWeapons/Prefabs/Box_01.prefab
  importAddress: Guid(e0b2792fd3ecf274fa1b9172d6962562) Importer(815301076,1909f56bfc062723c751e8b465ee728b)
Start importing Assets/Imports/LPWeapons/Prefabs/Box_01.prefab using Guid(e0b2792fd3ecf274fa1b9172d6962562) Importer(815301076,1909f56bfc062723c751e8b465ee728b) (PreviewImporter) -> (Import Result ID: 'e0e2f54ac0e81c39f408cbcf1d5d5f56') in 0.0339846 seconds [static and dynamic dependencies]. Details - ImportResultOutputID=7188547af1f400d77deda465133db6ee DependenciesID=6d89393b16251d7ffd9dbd40a5b6ee35 StaticDependenciesID=bcd1f5f85034cc0c77635017fd6579b4 
Number of updated asset objects reloaded before import = 0Number of asset objects unloaded after import = 10

========================================================================
Received Import Request.
  Time since last request: 0.000066 seconds.
  path: Packages/com.unity.shadergraph/GraphTemplates/Cross Pipeline/0_Decal Simple.shadergraph
  importAddress: Guid(39144937a5efe954dac51acbbe54157e) Importer(815301076,1909f56bfc062723c751e8b465ee728b)
Start importing Packages/com.unity.shadergraph/GraphTemplates/Cross Pipeline/0_Decal Simple.shadergraph using Guid(39144937a5efe954dac51acbbe54157e) Importer(815301076,1909f56bfc062723c751e8b465ee728b) (PreviewImporter) -> (Import Result ID: '25c2dbb8151a563a5ce42b7c32ee35be') in 0.0274992 seconds [static and dynamic dependencies]. Details - ImportResultOutputID=c75b470a334b0bd043cfdd4e64448e39 DependenciesID=41a3aad0bffc01dbc0c1503f5cc0a3a0 StaticDependenciesID=f83b1738d9fb2584ca34c51d1229c37d 
Number of updated asset objects reloaded before import = 0Number of asset objects unloaded after import = 2

========================================================================
Received Import Request.
  Time since last request: 0.000031 seconds.
  path: Assets/TextMesh Pro/Examples & Extras/Resources/Fonts & Materials/Anton SDF - Outline.mat
  importAddress: Guid(a00013af81304728b2be1f4309ee2433) Importer(815301076,1909f56bfc062723c751e8b465ee728b)
Start importing Assets/TextMesh Pro/Examples & Extras/Resources/Fonts & Materials/Anton SDF - Outline.mat using Guid(a00013af81304728b2be1f4309ee2433) Importer(815301076,1909f56bfc062723c751e8b465ee728b) (PreviewImporter) -> (Import Result ID: 'f9986c83e919f3836cd33374f12047e4') in 0.0199429 seconds [static and dynamic dependencies]. Details - ImportResultOutputID=c92afc72ca42b8a7d28cd3a77c8be810 DependenciesID=af9902e2f824736e80c0c4732d86e3f5 StaticDependenciesID=921814256c6924cd1055878dd99b1275 
Number of updated asset objects reloaded before import = 0Number of asset objects unloaded after import = 2

========================================================================
Received Import Request.
  Time since last request: 0.000049 seconds.
  path: Assets/Imports/LPWeapons/Prefabs/Food_01.prefab
  importAddress: Guid(53a440911d2c3a54e980d8098965d99f) Importer(815301076,1909f56bfc062723c751e8b465ee728b)
Start importing Assets/Imports/LPWeapons/Prefabs/Food_01.prefab using Guid(53a440911d2c3a54e980d8098965d99f) Importer(815301076,1909f56bfc062723c751e8b465ee728b) (PreviewImporter) -> (Import Result ID: 'da641f24afcdd4f63f1c62384b847b9a') in 0.0359268 seconds [static and dynamic dependencies]. Details - ImportResultOutputID=f5fd8fc6c8a158185a39228c45cd2902 DependenciesID=cd708624ca90b1ade7e77f3724624e94 StaticDependenciesID=05fda4eb6ea8567f7e6f87435f679b8a 
Number of updated asset objects reloaded before import = 0Number of asset objects unloaded after import = 10

========================================================================
Received Import Request.
  Time since last request: 0.000072 seconds.
  path: Assets/WeaponsAndPropsAssetPack_NAS/Assets/Tools, Weapons And Props/AssetsPack-01-NAS-claves.fbx
  importAddress: Guid(82a5a77d9efb41b4e83ff87c356f17c0) Importer(815301076,1909f56bfc062723c751e8b465ee728b)
Start importing Assets/WeaponsAndPropsAssetPack_NAS/Assets/Tools, Weapons And Props/AssetsPack-01-NAS-claves.fbx using Guid(82a5a77d9efb41b4e83ff87c356f17c0) Importer(815301076,1909f56bfc062723c751e8b465ee728b) (PreviewImporter) -> (Import Result ID: 'a40e016d6da9390495cba2fd747dcc3e') in 0.1929166 seconds [static and dynamic dependencies]. Details - ImportResultOutputID=a4483590eef7c1e69e80030d5ff7cfc1 DependenciesID=70c83f4b0b9f2734e0646573f716944a StaticDependenciesID=9a7d4855646be938e2c9f850418ae3b1 
Number of updated asset objects reloaded before import = 0Number of asset objects unloaded after import = 40

========================================================================
Received Import Request.
  Time since last request: 0.000097 seconds.
  path: Assets/Imports/LPWeapons/Prefabs/Furniture_03.prefab
  importAddress: Guid(426f5685ee9aca84491d8c314be1350f) Importer(815301076,1909f56bfc062723c751e8b465ee728b)
Start importing Assets/Imports/LPWeapons/Prefabs/Furniture_03.prefab using Guid(426f5685ee9aca84491d8c314be1350f) Importer(815301076,1909f56bfc062723c751e8b465ee728b) (PreviewImporter) -> (Import Result ID: 'f92e80e10c93a54405352c2e4e3eb0a9') in 0.0365796 seconds [static and dynamic dependencies]. Details - ImportResultOutputID=d308a73c9818c2734ac1577dbb8dd2c0 DependenciesID=8aeb909781a35d81f181d06eb3fd36c8 StaticDependenciesID=f6736ff45709d811e86fe1b65901aa8d 
Number of updated asset objects reloaded before import = 0Number of asset objects unloaded after import = 10

========================================================================
Received Import Request.
  Time since last request: 0.000042 seconds.
  path: Assets/TextMesh Pro/Examples & Extras/Materials/Crate - URP.mat
  importAddress: Guid(3b5cc91c3bf8cf74391252247f52fb59) Importer(815301076,1909f56bfc062723c751e8b465ee728b)
Start importing Assets/TextMesh Pro/Examples & Extras/Materials/Crate - URP.mat using Guid(3b5cc91c3bf8cf74391252247f52fb59) Importer(815301076,1909f56bfc062723c751e8b465ee728b) (PreviewImporter) -> (Import Result ID: '3a65324627c0abf1173f8aff05e2c509') in 1.4463949 seconds [static and dynamic dependencies]. Details - ImportResultOutputID=f14bef6d60bd59a80c464164d7650164 DependenciesID=c1cb722ec51d841cc83c9de850677190 StaticDependenciesID=63cd9a853056e20715d718fac4c36dd3 
Number of updated asset objects reloaded before import = 0Number of asset objects unloaded after import = 3

========================================================================
Received Import Request.
  Time since last request: 0.000038 seconds.
  path: Assets/AllSkyFree/Cartoon Base NightSky/Cartoon Base NightSky Equirect.mat
  importAddress: Guid(3a6db933fef1d4c759bf21220420505f) Importer(815301076,1909f56bfc062723c751e8b465ee728b)
Start importing Assets/AllSkyFree/Cartoon Base NightSky/Cartoon Base NightSky Equirect.mat using Guid(3a6db933fef1d4c759bf21220420505f) Importer(815301076,1909f56bfc062723c751e8b465ee728b) (PreviewImporter) -> (Import Result ID: '98504fcb68d2a3ad298177794a6e433c') in 0.0827427 seconds [static and dynamic dependencies]. Details - ImportResultOutputID=98bb1aef598633c0c0675ffd5bb22e97 DependenciesID=ea0bbd968e9f245e211c180ce34b5cf8 StaticDependenciesID=4a5255525c04b02effa0dbd3b5b00979 
Number of updated asset objects reloaded before import = 0Number of asset objects unloaded after import = 2

========================================================================
Received Import Request.
  Time since last request: 0.000053 seconds.
  path: Assets/Imports/Food/Prefabs/SteakCooked.prefab
  importAddress: Guid(5a822460c94534437b7260f2b7c766dd) Importer(815301076,1909f56bfc062723c751e8b465ee728b)
Start importing Assets/Imports/Food/Prefabs/SteakCooked.prefab using Guid(5a822460c94534437b7260f2b7c766dd) Importer(815301076,1909f56bfc062723c751e8b465ee728b) (PreviewImporter) -> (Import Result ID: '1476d06e0d22ee3ffd2451ffd7da4036') in 0.0286137 seconds [static and dynamic dependencies]. Details - ImportResultOutputID=ba3aeed99d8a3061bf8e81e0300eada8 DependenciesID=dbbb7713e98a2dfa0cce7aefbb06142d StaticDependenciesID=3aba88fe3bb834c475a372d011f9cb36 
Number of updated asset objects reloaded before import = 0Number of asset objects unloaded after import = 15

========================================================================
Received Import Request.
  Time since last request: 0.000033 seconds.
  path: Assets/Imports/LPAnimals/LOW POLY CUBIC - Goat and Sheep Pack/Material_URP/FarmAnimals-DESKTOP-85EM8HK.mat
  importAddress: Guid(2ad063adf159a3646b9a85843aff8aef) Importer(815301076,1909f56bfc062723c751e8b465ee728b)
Start importing Assets/Imports/LPAnimals/LOW POLY CUBIC - Goat and Sheep Pack/Material_URP/FarmAnimals-DESKTOP-85EM8HK.mat using Guid(2ad063adf159a3646b9a85843aff8aef) Importer(815301076,1909f56bfc062723c751e8b465ee728b) (PreviewImporter) -> (Import Result ID: 'a34d138368bbd2de4f4ba510be339309') in 0.0278691 seconds [static and dynamic dependencies]. Details - ImportResultOutputID=4e19fe5d49891bf665455eb79dd53c21 DependenciesID=5ad4c491ebfdca89fdf76c70fb080159 StaticDependenciesID=6059af75ab6c3960218a8a3680706b8d 
Number of updated asset objects reloaded before import = 0Number of asset objects unloaded after import = 2

========================================================================
Received Import Request.
  Time since last request: 0.000067 seconds.
  path: Assets/Imports/Food/Prefabs/Onion.prefab
  importAddress: Guid(6ad77e349a0cc4654a38708787ae1eff) Importer(815301076,1909f56bfc062723c751e8b465ee728b)
Start importing Assets/Imports/Food/Prefabs/Onion.prefab using Guid(6ad77e349a0cc4654a38708787ae1eff) Importer(815301076,1909f56bfc062723c751e8b465ee728b) (PreviewImporter) -> (Import Result ID: '61a47a39c008b822a344bba7b0c736ee') in 0.0294302 seconds [static and dynamic dependencies]. Details - ImportResultOutputID=0dafc80980eb9d965025fdd6a2631631 DependenciesID=eaf3ef9be74cfa672bae749cadcd583a StaticDependenciesID=9aab9ffa7a0ff9f2fdf5addf480eeaa2 
Number of updated asset objects reloaded before import = 0Number of asset objects unloaded after import = 27

========================================================================
Received Import Request.
  Time since last request: 0.000058 seconds.
  path: Assets/TextMesh Pro/Examples & Extras/Resources/Fonts & Materials/Anton SDF.asset
  importAddress: Guid(8a89fa14b10d46a99122fd4f73fca9a2) Importer(815301076,1909f56bfc062723c751e8b465ee728b)
Start importing Assets/TextMesh Pro/Examples & Extras/Resources/Fonts & Materials/Anton SDF.asset using Guid(8a89fa14b10d46a99122fd4f73fca9a2) Importer(815301076,1909f56bfc062723c751e8b465ee728b) (PreviewImporter) -> (Import Result ID: '1b83a1893d81b9278a0a7a307ab53dcd') in 0.0218232 seconds [static and dynamic dependencies]. Details - ImportResultOutputID=9a5484b9380be8ae17aa214ddba75455 DependenciesID=e5ac9c00d6627475d3e68e345bfd0487 StaticDependenciesID=bbc138b3a11978e9518f5d704266120d 
Number of updated asset objects reloaded before import = 0Number of asset objects unloaded after import = 6

========================================================================
Received Import Request.
  Time since last request: 0.000035 seconds.
  path: Assets/Imports/Tools/Prefabs/Hammer_001.prefab
  importAddress: Guid(d710733b140b9ff43991770305a265c1) Importer(815301076,1909f56bfc062723c751e8b465ee728b)
Start importing Assets/Imports/Tools/Prefabs/Hammer_001.prefab using Guid(d710733b140b9ff43991770305a265c1) Importer(815301076,1909f56bfc062723c751e8b465ee728b) (PreviewImporter) -> (Import Result ID: 'd645e7e7f8e88058ad758297287a5ccc') in 0.069738 seconds [static and dynamic dependencies]. Details - ImportResultOutputID=baf523dd4191aefec443febae65feea4 DependenciesID=01321dda8d5e93811341ac68d3cc745c StaticDependenciesID=7bc90229ae771fa36046b1cad3f8c36c 
Number of updated asset objects reloaded before import = 0Number of asset objects unloaded after import = 22

========================================================================
Received Import Request.
  Time since last request: 0.000044 seconds.
  path: Packages/com.unity.render-pipelines.core/Runtime/Debugging/Prefabs/Widgets/DebugUIHBox.prefab
  importAddress: Guid(f7f5e36797cf0c1408561665c67b179b) Importer(815301076,1909f56bfc062723c751e8b465ee728b)
Start importing Packages/com.unity.render-pipelines.core/Runtime/Debugging/Prefabs/Widgets/DebugUIHBox.prefab using Guid(f7f5e36797cf0c1408561665c67b179b) Importer(815301076,1909f56bfc062723c751e8b465ee728b) (PreviewImporter) -> (Import Result ID: '252e0d3d27d57f0655f277276de27818') in 0.0045167 seconds [static and dynamic dependencies]. Details - ImportResultOutputID=3a480f428c04a75375f855e1aa763f3a DependenciesID=e75ab9cfeea4f0f9d600143f715b9055 StaticDependenciesID=b4b6a58a8aad47a4fa8a93c119a401af 
Number of updated asset objects reloaded before import = 0Number of asset objects unloaded after import = 8

========================================================================
Received Import Request.
  Time since last request: 0.000037 seconds.
  path: Assets/Animations/Player/Ch21_nonPBR@Crouch Walk Right.fbx
  importAddress: Guid(d21fc4d1023e71a49be83dab0eb1ac23) Importer(815301076,1909f56bfc062723c751e8b465ee728b)
Start importing Assets/Animations/Player/Ch21_nonPBR@Crouch Walk Right.fbx using Guid(d21fc4d1023e71a49be83dab0eb1ac23) Importer(815301076,1909f56bfc062723c751e8b465ee728b) (PreviewImporter) -> (Import Result ID: '1a52cae7c3b1880274e13d85119fccd9') in 0.005548 seconds [static and dynamic dependencies]. Details - ImportResultOutputID=cfdf89a7749a3e323bc8196a66cfebe3 DependenciesID=4656d3a4590b0b2b47d487f084baa1cc StaticDependenciesID=e28689e2ea7781e0376d31459ede18b2 
Number of updated asset objects reloaded before import = 0Number of asset objects unloaded after import = 135

========================================================================
Received Import Request.
  Time since last request: 0.000039 seconds.
  path: Assets/Imports/LPWeapons/Prefabs/Food_05.prefab
  importAddress: Guid(42b182dba1d708b41921836ec2eedb83) Importer(815301076,1909f56bfc062723c751e8b465ee728b)
Start importing Assets/Imports/LPWeapons/Prefabs/Food_05.prefab using Guid(42b182dba1d708b41921836ec2eedb83) Importer(815301076,1909f56bfc062723c751e8b465ee728b) (PreviewImporter) -> (Import Result ID: '5ea1688dd180a390404f4985b016584a') in 0.0314938 seconds [static and dynamic dependencies]. Details - ImportResultOutputID=448fb51b3473ff109d171f6244303f9a DependenciesID=96d5b2595c81ff61ee5e0e6de7589f8a StaticDependenciesID=24159d6efe7adb0cfcf5e0ea71225838 
Number of updated asset objects reloaded before import = 0Number of asset objects unloaded after import = 10

========================================================================
Received Import Request.
  Time since last request: 0.000036 seconds.
  path: Assets/AllSkyFree/Epic_BlueSunset/Epic_BlueSunset.mat
  importAddress: Guid(7416536dbe0334cfd888dd1beb75a9fb) Importer(815301076,1909f56bfc062723c751e8b465ee728b)
Start importing Assets/AllSkyFree/Epic_BlueSunset/Epic_BlueSunset.mat using Guid(7416536dbe0334cfd888dd1beb75a9fb) Importer(815301076,1909f56bfc062723c751e8b465ee728b) (PreviewImporter) -> (Import Result ID: 'ec0f1603316db87903049ce1b2534e02') in 0.2669762 seconds [static and dynamic dependencies]. Details - ImportResultOutputID=35ad50bcd4ab69c266a5a0437608f5e5 DependenciesID=b0be9e9363be2b6f420796ee86232bd2 StaticDependenciesID=ccb2bfa9ae0c021eab77104ae8be3b75 
Number of updated asset objects reloaded before import = 0Number of asset objects unloaded after import = 7

========================================================================
Received Import Request.
  Time since last request: 0.000057 seconds.
  path: Assets/Imports/LPWeapons/Models/Carpet_01.fbx
  importAddress: Guid(32664c8d586b2484bbbb75d0c49af488) Importer(815301076,1909f56bfc062723c751e8b465ee728b)
Start importing Assets/Imports/LPWeapons/Models/Carpet_01.fbx using Guid(32664c8d586b2484bbbb75d0c49af488) Importer(815301076,1909f56bfc062723c751e8b465ee728b) (PreviewImporter) -> (Import Result ID: '0c7004c983ebcab9cd0a4c2493645cf6') in 0.0400112 seconds [static and dynamic dependencies]. Details - ImportResultOutputID=801db1a8cd85e8882d64300afebcf87f DependenciesID=2e16eb0a110f97758228e8122bf0a676 StaticDependenciesID=af922138859f43e918638e1d427c5ccc 
Number of updated asset objects reloaded before import = 0Number of asset objects unloaded after import = 7

========================================================================
Received Import Request.
  Time since last request: 0.000053 seconds.
  path: Assets/WeaponsAndPropsAssetPack_NAS/Assets/Breakables/Vases/AssetsPack-01-NAS-fixed-vase-001.fbx
  importAddress: Guid(4bc54a9287ab844408e3e7a8a0e1475b) Importer(815301076,1909f56bfc062723c751e8b465ee728b)
Start importing Assets/WeaponsAndPropsAssetPack_NAS/Assets/Breakables/Vases/AssetsPack-01-NAS-fixed-vase-001.fbx using Guid(4bc54a9287ab844408e3e7a8a0e1475b) Importer(815301076,1909f56bfc062723c751e8b465ee728b) (PreviewImporter) -> (Import Result ID: '39bdc3cd16c201f56d0c7dc2053a3c77') in 0.0404604 seconds [static and dynamic dependencies]. Details - ImportResultOutputID=c61126f7ddfd585e64135e8850590aaf DependenciesID=0b2dd23523a151c0fc12c500b6d2b8da StaticDependenciesID=46a0cfd3258f5aa19a725bcb83935c95 
Number of updated asset objects reloaded before import = 0Number of asset objects unloaded after import = 10

========================================================================
Received Import Request.
  Time since last request: 0.000043 seconds.
  path: Assets/WeaponsAndPropsAssetPack_NAS/Assets/Tools, Weapons And Props/AssetsPack-01-NAS-golf-bats.fbx
  importAddress: Guid(bdce7693aaef42c4db7d87ddce9d53cc) Importer(815301076,1909f56bfc062723c751e8b465ee728b)
Start importing Assets/WeaponsAndPropsAssetPack_NAS/Assets/Tools, Weapons And Props/AssetsPack-01-NAS-golf-bats.fbx using Guid(bdce7693aaef42c4db7d87ddce9d53cc) Importer(815301076,1909f56bfc062723c751e8b465ee728b) (PreviewImporter) -> (Import Result ID: '53af9c7e93cc6806f744c01c13661171') in 0.1847399 seconds [static and dynamic dependencies]. Details - ImportResultOutputID=d7dd1e4628037ecefafd88c1383881bd DependenciesID=3617ede8ea1c3465acb16db8c5daaa0b StaticDependenciesID=d3fe7c3b931f330a79f946184cad8c15 
Number of updated asset objects reloaded before import = 0Number of asset objects unloaded after import = 41

========================================================================
Received Import Request.
  Time since last request: 0.000059 seconds.
  path: Assets/WeaponsAndPropsAssetPack_NAS/Prefabs/Lamps/CeilingLampYellow.prefab
  importAddress: Guid(f940afe3a14bb494192888f21f40d32a) Importer(815301076,1909f56bfc062723c751e8b465ee728b)
Start importing Assets/WeaponsAndPropsAssetPack_NAS/Prefabs/Lamps/CeilingLampYellow.prefab using Guid(f940afe3a14bb494192888f21f40d32a) Importer(815301076,1909f56bfc062723c751e8b465ee728b) (PreviewImporter) -> (Import Result ID: '3f85d2ca41d75734b3920553101db09d') in 0.0332383 seconds [static and dynamic dependencies]. Details - ImportResultOutputID=f41e4b47db7ed5f21314967d8cecec6a DependenciesID=9f499cf3793584f240b5fdfdaa0d8ab8 StaticDependenciesID=07f3a74f9abc979ca9b809af2e424e05 
Number of updated asset objects reloaded before import = 0Number of asset objects unloaded after import = 107

========================================================================
Received Import Request.
  Time since last request: 0.000041 seconds.
  path: Assets/Imports/LPEnvirement/Lowpoly_Environments/Prefabs/Rocks/PT_Ore_Rock_01.prefab
  importAddress: Guid(3dd97330b2ebd884e9f796894e026064) Importer(815301076,1909f56bfc062723c751e8b465ee728b)
Start importing Assets/Imports/LPEnvirement/Lowpoly_Environments/Prefabs/Rocks/PT_Ore_Rock_01.prefab using Guid(3dd97330b2ebd884e9f796894e026064) Importer(815301076,1909f56bfc062723c751e8b465ee728b) (PreviewImporter) -> (Import Result ID: '80b1a662856c352c387f10e8bbaea9db') in 0.0339295 seconds [static and dynamic dependencies]. Details - ImportResultOutputID=08072476e4b1def9fe180727e687d212 DependenciesID=123dbf51868f3dff2d1a5e67530b3328 StaticDependenciesID=6207eecd8a7e47dca97ef2f2e99a5b87 
Number of updated asset objects reloaded before import = 0Number of asset objects unloaded after import = 23

========================================================================
Received Import Request.
  Time since last request: 0.000038 seconds.
  path: Assets/Imports/LPWeapons/Models/Firewood_01.fbx
  importAddress: Guid(146d79ab5faee0e42bdea04f5a9c8a0a) Importer(815301076,1909f56bfc062723c751e8b465ee728b)
Start importing Assets/Imports/LPWeapons/Models/Firewood_01.fbx using Guid(146d79ab5faee0e42bdea04f5a9c8a0a) Importer(815301076,1909f56bfc062723c751e8b465ee728b) (PreviewImporter) -> (Import Result ID: '3401b19655f5371ef606f3fa90223f65') in 0.034773 seconds [static and dynamic dependencies]. Details - ImportResultOutputID=ba2d65fbfd177c04f9b0cb1343207082 DependenciesID=52d9d6044fa79ab4a4cc431239736ee8 StaticDependenciesID=893ffd9cb21b57e1b00f2f7ddc1f0af9 
Number of updated asset objects reloaded before import = 0Number of asset objects unloaded after import = 7

========================================================================
Received Import Request.
  Time since last request: 0.000029 seconds.
  path: Assets/WeaponsAndPropsAssetPack_NAS/Prefabs/Instruments/PanFlute.prefab
  importAddress: Guid(83e8320d6aa1dbc4c999af7e27754171) Importer(815301076,1909f56bfc062723c751e8b465ee728b)
Start importing Assets/WeaponsAndPropsAssetPack_NAS/Prefabs/Instruments/PanFlute.prefab using Guid(83e8320d6aa1dbc4c999af7e27754171) Importer(815301076,1909f56bfc062723c751e8b465ee728b) (PreviewImporter) -> (Import Result ID: 'e0f55b0ab23dc067b4d93269d6cdba4d') in 0.0303419 seconds [static and dynamic dependencies]. Details - ImportResultOutputID=5dbe9f5fb67e343335449d70f36b4674 DependenciesID=c0b53fb4cac831def6195de017f7f6dd StaticDependenciesID=1612a50a1646d2635c2973270984c9ec 
Number of updated asset objects reloaded before import = 0Number of asset objects unloaded after import = 60

========================================================================
Received Import Request.
  Time since last request: 0.000071 seconds.
  path: Packages/com.unity.render-pipelines.core/Runtime/Debugging/Prefabs/Widgets/DebugUIHandlerRenderingLayerField.prefab
  importAddress: Guid(928d1ca04af80c84e8d5dabc18095d79) Importer(815301076,1909f56bfc062723c751e8b465ee728b)
Start importing Packages/com.unity.render-pipelines.core/Runtime/Debugging/Prefabs/Widgets/DebugUIHandlerRenderingLayerField.prefab using Guid(928d1ca04af80c84e8d5dabc18095d79) Importer(815301076,1909f56bfc062723c751e8b465ee728b) (PreviewImporter) -> (Import Result ID: 'be1d2c82d5134a614a7feef56b7d463d') in 0.0163947 seconds [static and dynamic dependencies]. Details - ImportResultOutputID=32e6f16b91be2be6088103e7ecab04ac DependenciesID=842e4a86b7bcac14496bd217e9ed943a StaticDependenciesID=009b0161f5f39ad147c3c706b7ff8065 
Number of updated asset objects reloaded before import = 0Number of asset objects unloaded after import = 612

========================================================================
Received Import Request.
  Time since last request: 0.000028 seconds.
  path: Assets/Imports/Food/Prefabs/BreadLoaf.prefab
  importAddress: Guid(af155e0a2f2564df784cddcdf02341c1) Importer(815301076,1909f56bfc062723c751e8b465ee728b)
Start importing Assets/Imports/Food/Prefabs/BreadLoaf.prefab using Guid(af155e0a2f2564df784cddcdf02341c1) Importer(815301076,1909f56bfc062723c751e8b465ee728b) (PreviewImporter) -> (Import Result ID: '41dc2bff3bffccf49266f381b0861002') in 0.0245752 seconds [static and dynamic dependencies]. Details - ImportResultOutputID=c045bcc0bb4a3718b092ba686b634383 DependenciesID=7650df22588819bd859f89bd7265f915 StaticDependenciesID=bc48d7fd3e7a65c6ad7654c5b593bd85 
Number of updated asset objects reloaded before import = 0Number of asset objects unloaded after import = 13

========================================================================
Received Import Request.
  Time since last request: 0.000046 seconds.
  path: Assets/Imports/LPEnvirement/Lowpoly_Environments/Prefabs/Trees/PT_Fruit_Tree_01_apples.prefab
  importAddress: Guid(e05ae677c7b3bc546bd36b488586fb0c) Importer(815301076,1909f56bfc062723c751e8b465ee728b)
Start importing Assets/Imports/LPEnvirement/Lowpoly_Environments/Prefabs/Trees/PT_Fruit_Tree_01_apples.prefab using Guid(e05ae677c7b3bc546bd36b488586fb0c) Importer(815301076,1909f56bfc062723c751e8b465ee728b) (PreviewImporter) -> (Import Result ID: '9a62ada3414c2200185103256380a331') in 0.0366392 seconds [static and dynamic dependencies]. Details - ImportResultOutputID=e583ef5496be76cf02ed56b5d845994d DependenciesID=42e110e82daa29ea955cd24186b32a15 StaticDependenciesID=011596039b0ebbf967a6219fc759edaa 
Number of updated asset objects reloaded before import = 0Number of asset objects unloaded after import = 24

========================================================================
Received Import Request.
  Time since last request: 0.000039 seconds.
  path: Assets/Imports/LPAnimals/LOW POLY CUBIC - Goat and Sheep Pack/Prefabs_URP/SK_Sheep_white.prefab
  importAddress: Guid(f32fc89859f16ec49bc857008a5ed9c5) Importer(815301076,1909f56bfc062723c751e8b465ee728b)
Start importing Assets/Imports/LPAnimals/LOW POLY CUBIC - Goat and Sheep Pack/Prefabs_URP/SK_Sheep_white.prefab using Guid(f32fc89859f16ec49bc857008a5ed9c5) Importer(815301076,1909f56bfc062723c751e8b465ee728b) (PreviewImporter) -> (Import Result ID: '4c0a7b1b448379bb003fb9187f744b5f') in 0.0615343 seconds [static and dynamic dependencies]. Details - ImportResultOutputID=52baf85b8714140a4c4ae254c7995f33 DependenciesID=53a3a87d2f902d4e75bf110271d26ed3 StaticDependenciesID=939ca54af5bb596474483a1e02da1e5c 
Number of updated asset objects reloaded before import = 0Number of asset objects unloaded after import = 210

========================================================================
Received Import Request.
  Time since last request: 0.000206 seconds.
  path: Assets/WeaponsAndPropsAssetPack_NAS/Prefabs/Survival/RoughPickaxe.prefab
  importAddress: Guid(9e6acf23a2c108744b4e64e80b48b7ce) Importer(815301076,1909f56bfc062723c751e8b465ee728b)
Start importing Assets/WeaponsAndPropsAssetPack_NAS/Prefabs/Survival/RoughPickaxe.prefab using Guid(9e6acf23a2c108744b4e64e80b48b7ce) Importer(815301076,1909f56bfc062723c751e8b465ee728b) (PreviewImporter) -> (Import Result ID: '29a00a59252a6fce9dfc7734333a6f3d') in 0.0350559 seconds [static and dynamic dependencies]. Details - ImportResultOutputID=9fee58c10d3b6337088faf1befafb4bf DependenciesID=72357dbae0fd4e645cf8ad271e280485 StaticDependenciesID=19f642373955029ede391670bbc204f0 
Number of updated asset objects reloaded before import = 0Number of asset objects unloaded after import = 18

========================================================================
Received Import Request.
  Time since last request: 0.000041 seconds.
  path: Assets/WeaponsAndPropsAssetPack_NAS/Prefabs/Tools/MetalPickaxe.prefab
  importAddress: Guid(7e54203ab234dfd44b6720b9cca8644c) Importer(815301076,1909f56bfc062723c751e8b465ee728b)
Start importing Assets/WeaponsAndPropsAssetPack_NAS/Prefabs/Tools/MetalPickaxe.prefab using Guid(7e54203ab234dfd44b6720b9cca8644c) Importer(815301076,1909f56bfc062723c751e8b465ee728b) (PreviewImporter) -> (Import Result ID: '796abca5f714f7bb2cee14373b9b4e1f') in 0.0350884 seconds [static and dynamic dependencies]. Details - ImportResultOutputID=02aaaeb807de8d2fb336498baf8cf9ae DependenciesID=2e83898596094b85f8ccb4a4e08c7cf1 StaticDependenciesID=0f3b18776c3ee827c0876b85527bbb3a 
Number of updated asset objects reloaded before import = 0Number of asset objects unloaded after import = 28

========================================================================
Received Import Request.
  Time since last request: 0.000057 seconds.
  path: Assets/WeaponsAndPropsAssetPack_NAS/Prefabs/Breakables/ShallowPlate.prefab
  importAddress: Guid(5ae05035e5a640944b7fc076d9356fc0) Importer(815301076,1909f56bfc062723c751e8b465ee728b)
Start importing Assets/WeaponsAndPropsAssetPack_NAS/Prefabs/Breakables/ShallowPlate.prefab using Guid(5ae05035e5a640944b7fc076d9356fc0) Importer(815301076,1909f56bfc062723c751e8b465ee728b) (PreviewImporter) -> (Import Result ID: '361fd45c6f20880e533cd7f6e884d1b7') in 0.0387596 seconds [static and dynamic dependencies]. Details - ImportResultOutputID=91c22ae901c7194ae5c95c13b6e1c2e0 DependenciesID=c5394859152d9334643cb0b110903f0e StaticDependenciesID=33c68e913449aa9493974ce2f4bd033e 
Number of updated asset objects reloaded before import = 0Number of asset objects unloaded after import = 126

========================================================================
Received Import Request.
  Time since last request: 0.000071 seconds.
  path: Assets/Kevin Iglesias/Human Animations/Unity Demo Scenes/Human Crafting Animations/Prefabs/Scenario/Human_Tree.prefab
  importAddress: Guid(cd065eb9b9bed4849bf75c67ff23c749) Importer(815301076,1909f56bfc062723c751e8b465ee728b)
Start importing Assets/Kevin Iglesias/Human Animations/Unity Demo Scenes/Human Crafting Animations/Prefabs/Scenario/Human_Tree.prefab using Guid(cd065eb9b9bed4849bf75c67ff23c749) Importer(815301076,1909f56bfc062723c751e8b465ee728b) (PreviewImporter) -> (Import Result ID: '3b7aedb223793cbedca4be740ab2379d') in 0.0279772 seconds [static and dynamic dependencies]. Details - ImportResultOutputID=2e6afc371caa017beb141938a3fa2249 DependenciesID=702110d184f69be27196aa2ebcc37e6b StaticDependenciesID=51f62c148cd2f0fea56885c729e7e2e4 
Number of updated asset objects reloaded before import = 0Number of asset objects unloaded after import = 16

========================================================================
Received Import Request.
  Time since last request: 0.000038 seconds.
  path: Assets/WeaponsAndPropsAssetPack_NAS/Prefabs/Magical/ScytheHandleBlue.prefab
  importAddress: Guid(a0062b0031e5b34408688be05c8be4f6) Importer(815301076,1909f56bfc062723c751e8b465ee728b)
Start importing Assets/WeaponsAndPropsAssetPack_NAS/Prefabs/Magical/ScytheHandleBlue.prefab using Guid(a0062b0031e5b34408688be05c8be4f6) Importer(815301076,1909f56bfc062723c751e8b465ee728b) (PreviewImporter) -> (Import Result ID: '7e3b3872388d66a1a28ea0fac29a361a') in 0.0294215 seconds [static and dynamic dependencies]. Details - ImportResultOutputID=d88d4f98d7f586668ef6ffb386194c01 DependenciesID=f490eb1c411bd4479ecbedd68472d693 StaticDependenciesID=a2bb4d2b8a0c69fff10e162a7d4d58f1 
Number of updated asset objects reloaded before import = 0Number of asset objects unloaded after import = 118

========================================================================
Received Import Request.
  Time since last request: 0.000048 seconds.
  path: Assets/Imports/LPWeapons/Prefabs/Plate_04.prefab
  importAddress: Guid(4c48cf7d06fb67248992c3758b08c410) Importer(815301076,1909f56bfc062723c751e8b465ee728b)
Start importing Assets/Imports/LPWeapons/Prefabs/Plate_04.prefab using Guid(4c48cf7d06fb67248992c3758b08c410) Importer(815301076,1909f56bfc062723c751e8b465ee728b) (PreviewImporter) -> (Import Result ID: 'c07870d3ade46078ebc8b1db6441c8b2') in 0.0310252 seconds [static and dynamic dependencies]. Details - ImportResultOutputID=82a66cea4b06dec04e50f0cf38d1f69d DependenciesID=5518b604bec1fe750b871f90f9058315 StaticDependenciesID=096c9f7cd830b55d5b37f6d25b352997 
Number of updated asset objects reloaded before import = 0Number of asset objects unloaded after import = 10

========================================================================
Received Import Request.
  Time since last request: 0.000074 seconds.
  path: Assets/WeaponsAndPropsAssetPack_NAS/Prefabs/Bats/MetalBatHandleYellow.prefab
  importAddress: Guid(89744258b5e44d344a90a591e9a38013) Importer(815301076,1909f56bfc062723c751e8b465ee728b)
Start importing Assets/WeaponsAndPropsAssetPack_NAS/Prefabs/Bats/MetalBatHandleYellow.prefab using Guid(89744258b5e44d344a90a591e9a38013) Importer(815301076,1909f56bfc062723c751e8b465ee728b) (PreviewImporter) -> (Import Result ID: '421ed178b232de16cecc26c82b7c520c') in 0.0297421 seconds [static and dynamic dependencies]. Details - ImportResultOutputID=b50a991eb91e3fb2b130be84052d2d13 DependenciesID=aa26bccba8034cc1d30ac570ddd42cb7 StaticDependenciesID=fd47f91955e2889b8aa5a677b96fde8f 
Number of updated asset objects reloaded before import = 0Number of asset objects unloaded after import = 92

========================================================================
Received Import Request.
  Time since last request: 0.000030 seconds.
  path: Assets/Imports/Tools/Prefabs/Shovel_003.prefab
  importAddress: Guid(b935d8de81c259742861dcba19d2f33f) Importer(815301076,1909f56bfc062723c751e8b465ee728b)
Start importing Assets/Imports/Tools/Prefabs/Shovel_003.prefab using Guid(b935d8de81c259742861dcba19d2f33f) Importer(815301076,1909f56bfc062723c751e8b465ee728b) (PreviewImporter) -> (Import Result ID: 'ad44ce750842faea6bcde833e217372c') in 0.0650753 seconds [static and dynamic dependencies]. Details - ImportResultOutputID=c9de8fc5366b87aed04f08f7bb17586f DependenciesID=e5e661a7aae168930d1f8bf8b13c8d37 StaticDependenciesID=05371d16d2c27f49fa08fe6616dc1001 
Number of updated asset objects reloaded before import = 0Number of asset objects unloaded after import = 42

========================================================================
Received Import Request.
  Time since last request: 0.000055 seconds.
  path: Assets/Imports/LPWeapons/Prefabs/Jug_04.prefab
  importAddress: Guid(6217a840ef7b5da40bc3c9075de53ea4) Importer(815301076,1909f56bfc062723c751e8b465ee728b)
Start importing Assets/Imports/LPWeapons/Prefabs/Jug_04.prefab using Guid(6217a840ef7b5da40bc3c9075de53ea4) Importer(815301076,1909f56bfc062723c751e8b465ee728b) (PreviewImporter) -> (Import Result ID: '84d98785bff9b893fa096d46402eafc1') in 0.0337004 seconds [static and dynamic dependencies]. Details - ImportResultOutputID=1536f2ac48fe2dd5b4f1b62164f95f91 DependenciesID=573ddf4385c8aa54297bb3f7595566ac StaticDependenciesID=5546a266e58a919527dcd4d8ed643c15 
Number of updated asset objects reloaded before import = 0Number of asset objects unloaded after import = 10

========================================================================
Received Import Request.
  Time since last request: 0.000044 seconds.
  path: Assets/WeaponsAndPropsAssetPack_NAS/Prefabs/Weapons/ClaveHandleBlack.prefab
  importAddress: Guid(9320490b62b536a47b54de32a2b3b9fb) Importer(815301076,1909f56bfc062723c751e8b465ee728b)
Start importing Assets/WeaponsAndPropsAssetPack_NAS/Prefabs/Weapons/ClaveHandleBlack.prefab using Guid(9320490b62b536a47b54de32a2b3b9fb) Importer(815301076,1909f56bfc062723c751e8b465ee728b) (PreviewImporter) -> (Import Result ID: '9659bc0d54b1706461a4e9c2794e3ee5') in 0.0290649 seconds [static and dynamic dependencies]. Details - ImportResultOutputID=afe8b25f0dc5ae1adb59000308f46e5c DependenciesID=7a7fce9cc1f625df1f064daf5120fc09 StaticDependenciesID=54d4a7062780dde643f6c878a4027d53 
Number of updated asset objects reloaded before import = 0Number of asset objects unloaded after import = 105

========================================================================
Received Import Request.
  Time since last request: 0.000079 seconds.
  path: Assets/Imports/LPEnvirement/Lowpoly_Environments/Prefabs/Trees/PT_Pine_Tree_03_dead.prefab
  importAddress: Guid(c7827efbbf7212f42803476ce3f9d082) Importer(815301076,1909f56bfc062723c751e8b465ee728b)
Start importing Assets/Imports/LPEnvirement/Lowpoly_Environments/Prefabs/Trees/PT_Pine_Tree_03_dead.prefab using Guid(c7827efbbf7212f42803476ce3f9d082) Importer(815301076,1909f56bfc062723c751e8b465ee728b) (PreviewImporter) -> (Import Result ID: '165d99ec289d55a8742c136601e8d734') in 2.0603621 seconds [static and dynamic dependencies]. Details - ImportResultOutputID=72673ce1221f3586d80adaf21189dc1e DependenciesID=9a5e01f12a8b62b1369670fd276a7c2f StaticDependenciesID=a1383a8638d981397623aeb1bdf8e0bf 
Number of updated asset objects reloaded before import = 0Number of asset objects unloaded after import = 22

========================================================================
Received Import Request.
  Time since last request: 0.000049 seconds.
  path: Packages/com.unity.render-pipelines.core/Runtime/Debugging/Prefabs/Widgets/DebugUIVBox.prefab
  importAddress: Guid(ca3e294656861a64b8aeeb9f916da0a9) Importer(815301076,1909f56bfc062723c751e8b465ee728b)
Start importing Packages/com.unity.render-pipelines.core/Runtime/Debugging/Prefabs/Widgets/DebugUIVBox.prefab using Guid(ca3e294656861a64b8aeeb9f916da0a9) Importer(815301076,1909f56bfc062723c751e8b465ee728b) (PreviewImporter) -> (Import Result ID: '58aad3cbba7510fb6a1085e9f1e9751d') in 0.0029303 seconds [static and dynamic dependencies]. Details - ImportResultOutputID=9576b21b95e5c473d107bf6c4270d1f8 DependenciesID=d9ff0d29251c49234af15e62603741be StaticDependenciesID=125e1d33ab9892a7fca1769bee35944d 
Number of updated asset objects reloaded before import = 0Number of asset objects unloaded after import = 8

========================================================================
Received Import Request.
  Time since last request: 0.000041 seconds.
  path: Assets/Imports/Food/Meshes/Carrot.fbx
  importAddress: Guid(60cdb6d3b264a4649a5e20e4d1397f6b) Importer(815301076,1909f56bfc062723c751e8b465ee728b)
Start importing Assets/Imports/Food/Meshes/Carrot.fbx using Guid(60cdb6d3b264a4649a5e20e4d1397f6b) Importer(815301076,1909f56bfc062723c751e8b465ee728b) (PreviewImporter) -> (Import Result ID: '8fd299e405e4ec1a5b3db2618e2ce775') in 0.275755 seconds [static and dynamic dependencies]. Details - ImportResultOutputID=5f5678e8bf6d6030bb3200c1bf1a7d19 DependenciesID=521553f943d53070c8c3397a7fe7983a StaticDependenciesID=7b86196cfd9fa14774c5ae9b347a27a4 
Number of updated asset objects reloaded before import = 0Number of asset objects unloaded after import = 61

========================================================================
Received Import Request.
  Time since last request: 0.000029 seconds.
  path: Assets/WeaponsAndPropsAssetPack_NAS/Prefabs/Magical/ScytheHandlePurple.prefab
  importAddress: Guid(b5d692670af68a2499210e6ad0d59816) Importer(815301076,1909f56bfc062723c751e8b465ee728b)
Start importing Assets/WeaponsAndPropsAssetPack_NAS/Prefabs/Magical/ScytheHandlePurple.prefab using Guid(b5d692670af68a2499210e6ad0d59816) Importer(815301076,1909f56bfc062723c751e8b465ee728b) (PreviewImporter) -> (Import Result ID: '5bffd5193e14319ae1aa5827444ca7c3') in 0.0316811 seconds [static and dynamic dependencies]. Details - ImportResultOutputID=17355bef0fb0bc43541a2a64ec979c8c DependenciesID=3b54bafecf8be2fefb34b89d8da3b130 StaticDependenciesID=c45496c38cbe4947e92557915bb1a506 
Number of updated asset objects reloaded before import = 0Number of asset objects unloaded after import = 118

========================================================================
Received Import Request.
  Time since last request: 0.000061 seconds.
  path: Assets/WeaponsAndPropsAssetPack_NAS/Assets/Breakables/Vases/AssetsPack-01-NAS-fractured-vase-004.fbx
  importAddress: Guid(ceb2ca7e0c2756545a5401d29f5d4ca9) Importer(815301076,1909f56bfc062723c751e8b465ee728b)
Start importing Assets/WeaponsAndPropsAssetPack_NAS/Assets/Breakables/Vases/AssetsPack-01-NAS-fractured-vase-004.fbx using Guid(ceb2ca7e0c2756545a5401d29f5d4ca9) Importer(815301076,1909f56bfc062723c751e8b465ee728b) (PreviewImporter) -> (Import Result ID: '511e18e626fac913f4964351889a8e3e') in 0.3409449 seconds [static and dynamic dependencies]. Details - ImportResultOutputID=835b98fa34450813698283991378a681 DependenciesID=3e9abfcfd54f1b253a0ade644cf81ec1 StaticDependenciesID=47874d5bc1171988fef28addd8c54949 
Number of updated asset objects reloaded before import = 0Number of asset objects unloaded after import = 82

========================================================================
Received Import Request.
  Time since last request: 0.000046 seconds.
  path: Assets/Imports/Tools/Prefabs/Rake_003.prefab
  importAddress: Guid(acad44298735e3847a543fc3d0d2bd0d) Importer(815301076,1909f56bfc062723c751e8b465ee728b)
Start importing Assets/Imports/Tools/Prefabs/Rake_003.prefab using Guid(acad44298735e3847a543fc3d0d2bd0d) Importer(815301076,1909f56bfc062723c751e8b465ee728b) (PreviewImporter) -> (Import Result ID: 'ab7d3f57677dd20a8fbf053de7f1abb3') in 0.0661923 seconds [static and dynamic dependencies]. Details - ImportResultOutputID=831c203e6b08d87f1432e67cf0bda1a2 DependenciesID=57a905e8129913e7d70e82122852b978 StaticDependenciesID=3ca4a6d11feae43b82fdd3b45eebf5ad 
Number of updated asset objects reloaded before import = 0Number of asset objects unloaded after import = 47

========================================================================
Received Import Request.
  Time since last request: 0.000039 seconds.
  path: Assets/AllSkyFree/Epic_BlueSunset/Epic_BlueSunset Equirect.mat
  importAddress: Guid(cdbb40e11399e4a17882ada20a1b896a) Importer(815301076,1909f56bfc062723c751e8b465ee728b)
Start importing Assets/AllSkyFree/Epic_BlueSunset/Epic_BlueSunset Equirect.mat using Guid(cdbb40e11399e4a17882ada20a1b896a) Importer(815301076,1909f56bfc062723c751e8b465ee728b) (PreviewImporter) -> (Import Result ID: '6fd9771539a562e755d40cdacecde7d1') in 0.0591617 seconds [static and dynamic dependencies]. Details - ImportResultOutputID=3525d09b7dc6a4a55a395172bf309e09 DependenciesID=38dac2313e5a4ecb58d4d158dd276419 StaticDependenciesID=a10d50b14b070789144163600a494ccc 
Number of updated asset objects reloaded before import = 0Number of asset objects unloaded after import = 2

========================================================================
Received Import Request.
  Time since last request: 0.000029 seconds.
  path: Assets/WeaponsAndPropsAssetPack_NAS/Assets/Tools, Weapons And Props/AssetsPack-01-NAS-guitar.fbx
  importAddress: Guid(f3aee8b92d5c05e4398690be17967517) Importer(815301076,1909f56bfc062723c751e8b465ee728b)
Start importing Assets/WeaponsAndPropsAssetPack_NAS/Assets/Tools, Weapons And Props/AssetsPack-01-NAS-guitar.fbx using Guid(f3aee8b92d5c05e4398690be17967517) Importer(815301076,1909f56bfc062723c751e8b465ee728b) (PreviewImporter) -> (Import Result ID: 'e016f9e3eeccea71e657c72c25d949d4') in 0.038343 seconds [static and dynamic dependencies]. Details - ImportResultOutputID=fb28384a2eb5b73468f1fd3bc732012f DependenciesID=73a4820466c3ffefa99aeb8e752328f8 StaticDependenciesID=16ab8295d2ca5360d65c2c432a2446c6 
Number of updated asset objects reloaded before import = 0Number of asset objects unloaded after import = 10

========================================================================
Received Import Request.
  Time since last request: 0.000035 seconds.
  path: Assets/WeaponsAndPropsAssetPack_NAS/Assets/Breakables/Vases/AssetsPack-01-NAS-fractured-vase-001.fbx
  importAddress: Guid(bedb7613166a8a04aa822808b684f96f) Importer(815301076,1909f56bfc062723c751e8b465ee728b)
Start importing Assets/WeaponsAndPropsAssetPack_NAS/Assets/Breakables/Vases/AssetsPack-01-NAS-fractured-vase-001.fbx using Guid(bedb7613166a8a04aa822808b684f96f) Importer(815301076,1909f56bfc062723c751e8b465ee728b) (PreviewImporter) -> (Import Result ID: '4bc1502f712ee690cd31cc13ddc71669') in 0.547168 seconds [static and dynamic dependencies]. Details - ImportResultOutputID=aff278868b835f284dce9e42ac08ab98 DependenciesID=132447bf731dcd51730383d6b12efba3 StaticDependenciesID=e38b7e2f3084b8617577939899f3c5b9 
Number of updated asset objects reloaded before import = 0Number of asset objects unloaded after import = 137

========================================================================
Received Import Request.
  Time since last request: 0.000047 seconds.
  path: Assets/Imports/LPWeapons/Prefabs/Jug_01.prefab
  importAddress: Guid(0c49d14f67533cd46946f65d18bf9bd3) Importer(815301076,1909f56bfc062723c751e8b465ee728b)
Start importing Assets/Imports/LPWeapons/Prefabs/Jug_01.prefab using Guid(0c49d14f67533cd46946f65d18bf9bd3) Importer(815301076,1909f56bfc062723c751e8b465ee728b) (PreviewImporter) -> (Import Result ID: 'eecd5e228d26aaf01508fd96a18ce91c') in 0.0321851 seconds [static and dynamic dependencies]. Details - ImportResultOutputID=af7846c12a7500b158ff09c9a8f67023 DependenciesID=7fae803b39607d78b7e0b84d26ba807b StaticDependenciesID=549a6eea0765236e186b7f478b9664d5 
Number of updated asset objects reloaded before import = 0Number of asset objects unloaded after import = 10

========================================================================
Received Import Request.
  Time since last request: 0.000029 seconds.
  path: Packages/com.unity.searcher/Editor/Resources/FlatSkin/Font/Roboto-Black.ttf
  importAddress: Guid(1062c701058745940ae5dca6219c64c8) Importer(815301076,1909f56bfc062723c751e8b465ee728b)
Start importing Packages/com.unity.searcher/Editor/Resources/FlatSkin/Font/Roboto-Black.ttf using Guid(1062c701058745940ae5dca6219c64c8) Importer(815301076,1909f56bfc062723c751e8b465ee728b) (PreviewImporter) -> (Import Result ID: 'aa19f1a37c6fdb1f8935014b12d46e83') in 0.0170313 seconds [static and dynamic dependencies]. Details - ImportResultOutputID=d3ed50fc4abf1a4cd8c1299903a0661e DependenciesID=0dc71d70810804d142df4fb618314d51 StaticDependenciesID=b47d3d3bc25b6faf40dc87328e265348 
Number of updated asset objects reloaded before import = 0Number of asset objects unloaded after import = 4

========================================================================
Received Import Request.
  Time since last request: 0.000060 seconds.
  path: Assets/TextMesh Pro/Examples & Extras/Prefabs/TextMeshPro - Prefab 1.prefab
  importAddress: Guid(a6e39ced0ea046bcb636c3f0b2e2a745) Importer(815301076,1909f56bfc062723c751e8b465ee728b)
Start importing Assets/TextMesh Pro/Examples & Extras/Prefabs/TextMeshPro - Prefab 1.prefab using Guid(a6e39ced0ea046bcb636c3f0b2e2a745) Importer(815301076,1909f56bfc062723c751e8b465ee728b) (PreviewImporter) -> (Import Result ID: '16f2b5e8af72962cd29cccc8720ad483') in 0.0221586 seconds [static and dynamic dependencies]. Details - ImportResultOutputID=94322943e64009ba602ede6866781e3e DependenciesID=665f8756ca19f59f05cee410af0ffd5a StaticDependenciesID=748ebc8807007fbefe0e862dcf7efbe2 
Number of updated asset objects reloaded before import = 0Number of asset objects unloaded after import = 16

========================================================================
Received Import Request.
  Time since last request: 0.000038 seconds.
  path: Assets/Imports/Tools/Prefabs/Broom_001.prefab
  importAddress: Guid(38d1f175409165443ba83b93603c8f6e) Importer(815301076,1909f56bfc062723c751e8b465ee728b)
Start importing Assets/Imports/Tools/Prefabs/Broom_001.prefab using Guid(38d1f175409165443ba83b93603c8f6e) Importer(815301076,1909f56bfc062723c751e8b465ee728b) (PreviewImporter) -> (Import Result ID: '4d68b1c65d8f781bf181132ab6c6723a') in 0.0585602 seconds [static and dynamic dependencies]. Details - ImportResultOutputID=53c597091ba4ba06fccd2c936dcec51d DependenciesID=345e66592e2f1e12cc90e00e450ef08e StaticDependenciesID=398579e2be41d9cb4e1259f0e90a3a67 
Number of updated asset objects reloaded before import = 0Number of asset objects unloaded after import = 32

========================================================================
Received Import Request.
  Time since last request: 0.000045 seconds.
  path: Assets/WeaponsAndPropsAssetPack_NAS/Prefabs/Magical/StaffDetailsGreen.prefab
  importAddress: Guid(6ac11450ae2934f48b5949305b74f9a0) Importer(815301076,1909f56bfc062723c751e8b465ee728b)
Start importing Assets/WeaponsAndPropsAssetPack_NAS/Prefabs/Magical/StaffDetailsGreen.prefab using Guid(6ac11450ae2934f48b5949305b74f9a0) Importer(815301076,1909f56bfc062723c751e8b465ee728b) (PreviewImporter) -> (Import Result ID: '5f69b2bca295ace1c8af1210f32ef8c0') in 0.0281015 seconds [static and dynamic dependencies]. Details - ImportResultOutputID=bcbb75d6f4de9f287dc2d7b9b6a1cdd3 DependenciesID=a258620e8f11c837d37d65abc5530d71 StaticDependenciesID=5ef60b0dfe1bffc13ba4a2c1e0961aaa 
Number of updated asset objects reloaded before import = 0Number of asset objects unloaded after import = 66

========================================================================
Received Import Request.
  Time since last request: 0.000051 seconds.
  path: Packages/com.unity.render-pipelines.core/Runtime/Debugging/Prefabs/Widgets/DebugUIBitField.prefab
  importAddress: Guid(7c78b588b2e1f7c4a86ca4a985cf6e4a) Importer(815301076,1909f56bfc062723c751e8b465ee728b)
Start importing Packages/com.unity.render-pipelines.core/Runtime/Debugging/Prefabs/Widgets/DebugUIBitField.prefab using Guid(7c78b588b2e1f7c4a86ca4a985cf6e4a) Importer(815301076,1909f56bfc062723c751e8b465ee728b) (PreviewImporter) -> (Import Result ID: 'a1aea925acc207d7bbab200f4f87c64f') in 0.0146742 seconds [static and dynamic dependencies]. Details - ImportResultOutputID=895fc2f2426a4075cf01d63286a1dd40 DependenciesID=3643fc59194eb2891eed26757938c343 StaticDependenciesID=76891d4740ac186ee2f2b3439ab2fa6f 
Number of updated asset objects reloaded before import = 0Number of asset objects unloaded after import = 612

========================================================================
Received Import Request.
  Time since last request: 0.000031 seconds.
  path: Assets/AllSkyFree/Cold Sunset/Cold Sunset Equirect.mat
  importAddress: Guid(01f4eb1c73693428d923f1520032e7f9) Importer(815301076,1909f56bfc062723c751e8b465ee728b)
Start importing Assets/AllSkyFree/Cold Sunset/Cold Sunset Equirect.mat using Guid(01f4eb1c73693428d923f1520032e7f9) Importer(815301076,1909f56bfc062723c751e8b465ee728b) (PreviewImporter) -> (Import Result ID: 'e9cf5a4fc6cde9b5d8bc897de30ea293') in 0.0518159 seconds [static and dynamic dependencies]. Details - ImportResultOutputID=493a2fe813e149b44084499ffa405369 DependenciesID=e7f4d0b339d8904553cbd8a497ae5ebe StaticDependenciesID=777a370c5c3639ca5b9e1bfbbf92a9cb 
Number of updated asset objects reloaded before import = 0Number of asset objects unloaded after import = 2

========================================================================
Received Import Request.
  Time since last request: 0.000047 seconds.
  path: Assets/TextMesh Pro/Examples & Extras/Resources/Fonts & Materials/Anton SDF - Drop Shadow.mat
  importAddress: Guid(749b9069dc4742c5bfa5c74644049926) Importer(815301076,1909f56bfc062723c751e8b465ee728b)
Start importing Assets/TextMesh Pro/Examples & Extras/Resources/Fonts & Materials/Anton SDF - Drop Shadow.mat using Guid(749b9069dc4742c5bfa5c74644049926) Importer(815301076,1909f56bfc062723c751e8b465ee728b) (PreviewImporter) -> (Import Result ID: '2f759343fd1e425aec24f9ae9610f86a') in 0.1045745 seconds [static and dynamic dependencies]. Details - ImportResultOutputID=661a9d5854468018601605e8a90d60b7 DependenciesID=1888f026297786ee9b3c6c7175844ea0 StaticDependenciesID=383dffff0ae1ea83c8e5f7541f19ac17 
Number of updated asset objects reloaded before import = 0Number of asset objects unloaded after import = 2

========================================================================
Received Import Request.
  Time since last request: 0.000058 seconds.
  path: Assets/Imports/LPEnvirement/Lowpoly_Environments/Prefabs/Rocks/PT_Menhir_Rock_02.prefab
  importAddress: Guid(0f3d14a9a6b2ceb469c15d151552a614) Importer(815301076,1909f56bfc062723c751e8b465ee728b)
Start importing Assets/Imports/LPEnvirement/Lowpoly_Environments/Prefabs/Rocks/PT_Menhir_Rock_02.prefab using Guid(0f3d14a9a6b2ceb469c15d151552a614) Importer(815301076,1909f56bfc062723c751e8b465ee728b) (PreviewImporter) -> (Import Result ID: '0a6710d9a72feefe61fcc75f48ac8bac') in 0.0353997 seconds [static and dynamic dependencies]. Details - ImportResultOutputID=9e56529dd559d41295fa5a1cfeed7beb DependenciesID=4279a11027a8395d74725671bfdfa25f StaticDependenciesID=571b3425a1c6e2e3d6c70cd31b6e11c9 
Number of updated asset objects reloaded before import = 0Number of asset objects unloaded after import = 23

========================================================================
Received Import Request.
  Time since last request: 0.000031 seconds.
  path: Assets/WeaponsAndPropsAssetPack_NAS/Prefabs/Breakables/Vase004.prefab
  importAddress: Guid(3198ea04cb8fb1441b544d0e893868e7) Importer(815301076,1909f56bfc062723c751e8b465ee728b)
Start importing Assets/WeaponsAndPropsAssetPack_NAS/Prefabs/Breakables/Vase004.prefab using Guid(3198ea04cb8fb1441b544d0e893868e7) Importer(815301076,1909f56bfc062723c751e8b465ee728b) (PreviewImporter) -> (Import Result ID: '18572b6c5740ae5a2871d1f6ec9f4d3d') in 0.0310544 seconds [static and dynamic dependencies]. Details - ImportResultOutputID=74baf1c3ad6952c965a34eaa47dcb1bb DependenciesID=fe0279d1bb9559e6a6808798fbeda6a1 StaticDependenciesID=ccc541b39aba1432161556db309e9c11 
Number of updated asset objects reloaded before import = 0Number of asset objects unloaded after import = 126

========================================================================
Received Import Request.
  Time since last request: 0.000053 seconds.
  path: Assets/Imports/LPAnimals/LOW POLY CUBIC - Goat and Sheep Pack/Material_HDRP/FarmAnimals.mat
  importAddress: Guid(a335436fabf0a8b41a3f7945adcf1d15) Importer(815301076,1909f56bfc062723c751e8b465ee728b)
Start importing Assets/Imports/LPAnimals/LOW POLY CUBIC - Goat and Sheep Pack/Material_HDRP/FarmAnimals.mat using Guid(a335436fabf0a8b41a3f7945adcf1d15) Importer(815301076,1909f56bfc062723c751e8b465ee728b) (PreviewImporter) -> (Import Result ID: 'e7fd38c586244583c8da50c12c147b87') in 0.0204728 seconds [static and dynamic dependencies]. Details - ImportResultOutputID=995c89a8bb2aaa5b4dbaefe200379cf1 DependenciesID=a6c77a0ae8902bac2f322441c9c31bcb StaticDependenciesID=e1160a165aaba4fd0aff68ef35b4269a 
Number of updated asset objects reloaded before import = 0Number of asset objects unloaded after import = 2

========================================================================
Received Import Request.
  Time since last request: 0.000067 seconds.
  path: Assets/WeaponsAndPropsAssetPack_NAS/Prefabs/Containers/OpenableBarrel.prefab
  importAddress: Guid(38c535d839f7a08438f5814456212c8d) Importer(815301076,1909f56bfc062723c751e8b465ee728b)
Start importing Assets/WeaponsAndPropsAssetPack_NAS/Prefabs/Containers/OpenableBarrel.prefab using Guid(38c535d839f7a08438f5814456212c8d) Importer(815301076,1909f56bfc062723c751e8b465ee728b) (PreviewImporter) -> (Import Result ID: '645a86372585155f0382ba6f7fdad673') in 0.0285719 seconds [static and dynamic dependencies]. Details - ImportResultOutputID=0388dbe3d79bf4d27d5b3714db0f47ee DependenciesID=036959431d4b79f8985bf580ea6d21fd StaticDependenciesID=196408aad5afb01bbeaabef98e857719 
Number of updated asset objects reloaded before import = 0Number of asset objects unloaded after import = 43

========================================================================
Received Import Request.
  Time since last request: 0.000063 seconds.
  path: Assets/Imports/LPEnvirement/Lowpoly_Demos/Environment_Free/Helpers/PT_Poppy_02_v1.prefab
  importAddress: Guid(7917e70f5baa68944aad80732cb08b3d) Importer(815301076,1909f56bfc062723c751e8b465ee728b)
Start importing Assets/Imports/LPEnvirement/Lowpoly_Demos/Environment_Free/Helpers/PT_Poppy_02_v1.prefab using Guid(7917e70f5baa68944aad80732cb08b3d) Importer(815301076,1909f56bfc062723c751e8b465ee728b) (PreviewImporter) -> (Import Result ID: '0616b08d671444ef055c2e0ee4dd6ae5') in 2.406784 seconds [static and dynamic dependencies]. Details - ImportResultOutputID=81a23835892d469629eb5583f64bb8da DependenciesID=e9e59b9ffe3a16a1795cdebfdbaf35e5 StaticDependenciesID=ebb512f160093ac52df9c5b50139b68d 
Number of updated asset objects reloaded before import = 0Number of asset objects unloaded after import = 9

========================================================================
Received Import Request.
  Time since last request: 0.000031 seconds.
  path: Assets/Imports/LPWeapons/Prefabs/Axe_01.prefab
  importAddress: Guid(4778fb0ebd4d7554887f2bd7e6fa39c1) Importer(815301076,1909f56bfc062723c751e8b465ee728b)
Start importing Assets/Imports/LPWeapons/Prefabs/Axe_01.prefab using Guid(4778fb0ebd4d7554887f2bd7e6fa39c1) Importer(815301076,1909f56bfc062723c751e8b465ee728b) (PreviewImporter) -> (Import Result ID: '09b0c08545d284db463f02efaf7be77d') in 0.0319465 seconds [static and dynamic dependencies]. Details - ImportResultOutputID=20a5cd35bd654bd8c5effdf64e0c02a9 DependenciesID=4026aad42f9af620c3b44c4d6ddfb8a1 StaticDependenciesID=0212cf0ce43e042523bed2b1aca0fa94 
Number of updated asset objects reloaded before import = 0Number of asset objects unloaded after import = 10

========================================================================
Received Import Request.
  Time since last request: 0.000060 seconds.
  path: Assets/WeaponsAndPropsAssetPack_NAS/Prefabs/Breakables/Plate.prefab
  importAddress: Guid(cf100a097bc7d18479253ac1b1169e50) Importer(815301076,1909f56bfc062723c751e8b465ee728b)
Start importing Assets/WeaponsAndPropsAssetPack_NAS/Prefabs/Breakables/Plate.prefab using Guid(cf100a097bc7d18479253ac1b1169e50) Importer(815301076,1909f56bfc062723c751e8b465ee728b) (PreviewImporter) -> (Import Result ID: 'a051e4e748e354c7b768762f4e92cff6') in 0.034682 seconds [static and dynamic dependencies]. Details - ImportResultOutputID=e5c47267d4f285ddf1a8c118e249d30a DependenciesID=a383da4e9be56d0d603fbc9e154d28f1 StaticDependenciesID=d77f358e59d4f4835f5a33f18d9d310b 
Number of updated asset objects reloaded before import = 0Number of asset objects unloaded after import = 126

========================================================================
Received Import Request.
  Time since last request: 0.000137 seconds.
  path: Assets/WeaponsAndPropsAssetPack_NAS/Prefabs/Weapons/KatanaHandleGrey.prefab
  importAddress: Guid(0f61e4d60866a0243a05af781dea73d4) Importer(815301076,1909f56bfc062723c751e8b465ee728b)
Start importing Assets/WeaponsAndPropsAssetPack_NAS/Prefabs/Weapons/KatanaHandleGrey.prefab using Guid(0f61e4d60866a0243a05af781dea73d4) Importer(815301076,1909f56bfc062723c751e8b465ee728b) (PreviewImporter) -> (Import Result ID: '7b5718b06810239d954edda9568a9a99') in 0.0349063 seconds [static and dynamic dependencies]. Details - ImportResultOutputID=43856e2a3ef3000cadfd2de643ab8813 DependenciesID=4c0fc600d9ca33964b35309f4954881e StaticDependenciesID=aaec3ad0253d04baccd2e1e04dcd4cde 
Number of updated asset objects reloaded before import = 0Number of asset objects unloaded after import = 64

========================================================================
Received Import Request.
  Time since last request: 0.000040 seconds.
  path: Assets/Kevin Iglesias/Human Animations/Unity Demo Scenes/Human Crafting Animations/Prefabs/Tools/Human_Hammer.prefab
  importAddress: Guid(f3b26ba0a6b354a4a8032e782a0500ee) Importer(815301076,1909f56bfc062723c751e8b465ee728b)
Start importing Assets/Kevin Iglesias/Human Animations/Unity Demo Scenes/Human Crafting Animations/Prefabs/Tools/Human_Hammer.prefab using Guid(f3b26ba0a6b354a4a8032e782a0500ee) Importer(815301076,1909f56bfc062723c751e8b465ee728b) (PreviewImporter) -> (Import Result ID: '336223381bbaabec7bd8b8b5083aa487') in 0.0333407 seconds [static and dynamic dependencies]. Details - ImportResultOutputID=49ee88c087e3f43d06f4b75d07c63ed9 DependenciesID=165250aa3f57c0c18aa2d2f1b2ae5ac9 StaticDependenciesID=0ee377f698315bdbd6483c6f07dbc572 
Number of updated asset objects reloaded before import = 0Number of asset objects unloaded after import = 16

========================================================================
Received Import Request.
  Time since last request: 0.000041 seconds.
  path: Assets/BOXOPHOBIC/Utils/Scene/Post HD Day.prefab
  importAddress: Guid(b37e11a48a143ec469544df52085d526) Importer(815301076,1909f56bfc062723c751e8b465ee728b)
Start importing Assets/BOXOPHOBIC/Utils/Scene/Post HD Day.prefab using Guid(b37e11a48a143ec469544df52085d526) Importer(815301076,1909f56bfc062723c751e8b465ee728b) (PreviewImporter) -> (Import Result ID: '51b42ec6764d1f3da6c09fcb99d33092') in 0.0072173 seconds [static and dynamic dependencies]. Details - ImportResultOutputID=9e89e5dbe6f2852eefe06c40d0da60dd DependenciesID=cc07f58ce6fe79082f9ca0f303d7564d StaticDependenciesID=4e0784426a9bf0976df7fbaced6161b4 
Number of updated asset objects reloaded before import = 0Number of asset objects unloaded after import = 17

========================================================================
Received Import Request.
  Time since last request: 0.000028 seconds.
  path: Assets/Imports/Tools/Prefabs/Axe_002.prefab
  importAddress: Guid(f5be236085efc2842b05013f43a80bef) Importer(815301076,1909f56bfc062723c751e8b465ee728b)
Start importing Assets/Imports/Tools/Prefabs/Axe_002.prefab using Guid(f5be236085efc2842b05013f43a80bef) Importer(815301076,1909f56bfc062723c751e8b465ee728b) (PreviewImporter) -> (Import Result ID: '02582fd881876057b9d17753026d4c10') in 0.0629714 seconds [static and dynamic dependencies]. Details - ImportResultOutputID=b32adc75da4af57e9af2dbc7b39729de DependenciesID=65f143103a2bdaea66e0dd3990463cfb StaticDependenciesID=ad06454816e249fef5a73274c2168dc8 
Number of updated asset objects reloaded before import = 0Number of asset objects unloaded after import = 52

========================================================================
Received Import Request.
  Time since last request: 0.000039 seconds.
  path: Assets/WeaponsAndPropsAssetPack_NAS/Assets/Breakables/Barrel/AssetsPack-01-NAS-breakable-barrel.fbx
  importAddress: Guid(d3fe435128bb25547b456294af84e072) Importer(815301076,1909f56bfc062723c751e8b465ee728b)
Start importing Assets/WeaponsAndPropsAssetPack_NAS/Assets/Breakables/Barrel/AssetsPack-01-NAS-breakable-barrel.fbx using Guid(d3fe435128bb25547b456294af84e072) Importer(815301076,1909f56bfc062723c751e8b465ee728b) (PreviewImporter) -> (Import Result ID: 'ddcc33b358026c905f71c7354a16a53e') in 0.40945 seconds [static and dynamic dependencies]. Details - ImportResultOutputID=b28bb17e37a0b1adf783b658c22343f8 DependenciesID=22c44e10618f0ab05bc975cd8b75a89b StaticDependenciesID=15f950cbda274539605ee1839a462980 
Number of updated asset objects reloaded before import = 0Number of asset objects unloaded after import = 98

========================================================================
Received Import Request.
  Time since last request: 0.000056 seconds.
  path: Assets/Animations/Player/Ch21_nonPBR@Walking.fbx
  importAddress: Guid(72a1fdff2437ea74eb5eeced1a209ca7) Importer(815301076,1909f56bfc062723c751e8b465ee728b)
Start importing Assets/Animations/Player/Ch21_nonPBR@Walking.fbx using Guid(72a1fdff2437ea74eb5eeced1a209ca7) Importer(815301076,1909f56bfc062723c751e8b465ee728b) (PreviewImporter) -> (Import Result ID: '8dd583f9aff17f315fa8a40ad3af732a') in 0.0063006 seconds [static and dynamic dependencies]. Details - ImportResultOutputID=a5c1283521424a84ad542ca40abd0b64 DependenciesID=e93fdd2b6529501278ca3afa0241fcef StaticDependenciesID=a7c812f1b696a8fdb41b45c9fe946cae 
Number of updated asset objects reloaded before import = 0Number of asset objects unloaded after import = 135

========================================================================
Received Import Request.
  Time since last request: 0.000026 seconds.
  path: Assets/WeaponsAndPropsAssetPack_NAS/Prefabs/Knives/MetalKnifeHandleRed.prefab
  importAddress: Guid(4c434f1b1a431cf43a586cf782071aff) Importer(815301076,1909f56bfc062723c751e8b465ee728b)
Start importing Assets/WeaponsAndPropsAssetPack_NAS/Prefabs/Knives/MetalKnifeHandleRed.prefab using Guid(4c434f1b1a431cf43a586cf782071aff) Importer(815301076,1909f56bfc062723c751e8b465ee728b) (PreviewImporter) -> (Import Result ID: '559a5f3962b083b64a2a130426efe671') in 0.0381258 seconds [static and dynamic dependencies]. Details - ImportResultOutputID=d222a8400ef45f373dcedb6b07fc976c DependenciesID=726ffd0a0f3eafc6da25b20a0a60b56f StaticDependenciesID=2f8c7ff63c8014bb09fe0d474059afc2 
Number of updated asset objects reloaded before import = 0Number of asset objects unloaded after import = 106

========================================================================
Received Import Request.
  Time since last request: 0.000026 seconds.
  path: Assets/Imports/Food/Prefabs/Carrot.prefab
  importAddress: Guid(6babded354a0947f5816d671762d9241) Importer(815301076,1909f56bfc062723c751e8b465ee728b)
Start importing Assets/Imports/Food/Prefabs/Carrot.prefab using Guid(6babded354a0947f5816d671762d9241) Importer(815301076,1909f56bfc062723c751e8b465ee728b) (PreviewImporter) -> (Import Result ID: '6bc0273dd87a903b483dc0cd0045c212') in 0.0454755 seconds [static and dynamic dependencies]. Details - ImportResultOutputID=bc42b48ae516b68d4bbb3e8066a96762 DependenciesID=db0e360e9068881268702cf5217c16cb StaticDependenciesID=9653c389c9506b3ce8723c7ae8de5635 
Number of updated asset objects reloaded before import = 0Number of asset objects unloaded after import = 108

========================================================================
Received Import Request.
  Time since last request: 0.000046 seconds.
  path: Assets/AllSkyFree/Cold Night/Cold Night Equirect.mat
  importAddress: Guid(eac2ef371405749e0bd050b4c3272f16) Importer(815301076,1909f56bfc062723c751e8b465ee728b)
Start importing Assets/AllSkyFree/Cold Night/Cold Night Equirect.mat using Guid(eac2ef371405749e0bd050b4c3272f16) Importer(815301076,1909f56bfc062723c751e8b465ee728b) (PreviewImporter) -> (Import Result ID: '38afd1e6f7198e0729528e399c33c393') in 0.0589456 seconds [static and dynamic dependencies]. Details - ImportResultOutputID=03619e956475e56d3c2ad02d6d3b25d7 DependenciesID=5f7254baa805faf4e8fd92a6eb420088 StaticDependenciesID=f1485ba3fdd9f705829d9ad58019c2d4 
Number of updated asset objects reloaded before import = 0Number of asset objects unloaded after import = 2

========================================================================
Received Import Request.
  Time since last request: 0.000041 seconds.
  path: Assets/TextMesh Pro/Examples & Extras/Fonts/Oswald-Bold.ttf
  importAddress: Guid(c9f6d0e7bc8541498c9a4799ba184ede) Importer(815301076,1909f56bfc062723c751e8b465ee728b)
Start importing Assets/TextMesh Pro/Examples & Extras/Fonts/Oswald-Bold.ttf using Guid(c9f6d0e7bc8541498c9a4799ba184ede) Importer(815301076,1909f56bfc062723c751e8b465ee728b) (PreviewImporter) -> (Import Result ID: 'b6c41e22f9d0fa8797c5038f9f9c57b9') in 0.0199465 seconds [static and dynamic dependencies]. Details - ImportResultOutputID=d7e54bdb6ae1ca659448adb5ef30a4e8 DependenciesID=11a73e8ce8773317d81adbc7530704ba StaticDependenciesID=804165bd21327b3f3f2ce7e04ddd2af3 
Number of updated asset objects reloaded before import = 0Number of asset objects unloaded after import = 4

========================================================================
Received Import Request.
  Time since last request: 0.000027 seconds.
  path: Assets/TextMesh Pro/Examples & Extras/Fonts/Roboto-Bold.ttf
  importAddress: Guid(4beb055f07aaff244873dec698d0363e) Importer(815301076,1909f56bfc062723c751e8b465ee728b)
Start importing Assets/TextMesh Pro/Examples & Extras/Fonts/Roboto-Bold.ttf using Guid(4beb055f07aaff244873dec698d0363e) Importer(815301076,1909f56bfc062723c751e8b465ee728b) (PreviewImporter) -> (Import Result ID: '91c0cde88663282a9d4144541a592748') in 0.0192027 seconds [static and dynamic dependencies]. Details - ImportResultOutputID=bdc915076b5a3f6c863767441261c652 DependenciesID=46a7bd404da90e358e537d50c6f539d1 StaticDependenciesID=f0e00446027223e0768378dc33d058bc 
Number of updated asset objects reloaded before import = 0Number of asset objects unloaded after import = 4

========================================================================
Received Import Request.
  Time since last request: 0.000049 seconds.
  path: Assets/Imports/LPEnvirement/Lowpoly_Environments/Prefabs/Mushrooms/PT_Caesars_Mushroom_01.prefab
  importAddress: Guid(5228c984e5be7284d8d83c18096254dd) Importer(815301076,1909f56bfc062723c751e8b465ee728b)
Start importing Assets/Imports/LPEnvirement/Lowpoly_Environments/Prefabs/Mushrooms/PT_Caesars_Mushroom_01.prefab using Guid(5228c984e5be7284d8d83c18096254dd) Importer(815301076,1909f56bfc062723c751e8b465ee728b) (PreviewImporter) -> (Import Result ID: '3928f42eb5bffae18d82f1bf21e262b0') in 0.0366723 seconds [static and dynamic dependencies]. Details - ImportResultOutputID=1b45d8a378f0253eddbe85d696c9c109 DependenciesID=31f186dcb0876fa88d00765f405ffc20 StaticDependenciesID=b36a32f46fef9321fd952e16bde2b828 
Number of updated asset objects reloaded before import = 0Number of asset objects unloaded after import = 9

========================================================================
Received Import Request.
  Time since last request: 0.000041 seconds.
  path: Assets/WeaponsAndPropsAssetPack_NAS/Assets/Tools, Weapons And Props/AssetsPack-01-NAS-stone-axes.fbx
  importAddress: Guid(e225c47528ddaa84fb8efdd7b9455f38) Importer(815301076,1909f56bfc062723c751e8b465ee728b)
Start importing Assets/WeaponsAndPropsAssetPack_NAS/Assets/Tools, Weapons And Props/AssetsPack-01-NAS-stone-axes.fbx using Guid(e225c47528ddaa84fb8efdd7b9455f38) Importer(815301076,1909f56bfc062723c751e8b465ee728b) (PreviewImporter) -> (Import Result ID: '54a489dd2bb113ed1b36ab415dc53669') in 0.0404266 seconds [static and dynamic dependencies]. Details - ImportResultOutputID=ceba8d1b40f4941eb05af07663e8985d DependenciesID=307465a55de0c1a71033e29488749ccc StaticDependenciesID=e57cd088f78861143467ebb248c972a4 
Number of updated asset objects reloaded before import = 0Number of asset objects unloaded after import = 10

========================================================================
Received Import Request.
  Time since last request: 0.000040 seconds.
  path: Assets/Imports/LPWeapons/Models/Bottle_01.fbx
  importAddress: Guid(facb08df061266941826451fe5130b16) Importer(815301076,1909f56bfc062723c751e8b465ee728b)
Start importing Assets/Imports/LPWeapons/Models/Bottle_01.fbx using Guid(facb08df061266941826451fe5130b16) Importer(815301076,1909f56bfc062723c751e8b465ee728b) (PreviewImporter) -> (Import Result ID: '2281e58ad223ec39abb1c953d4f10fae') in 0.0349314 seconds [static and dynamic dependencies]. Details - ImportResultOutputID=b87f3b1a1ec1209fb0d3ee768fc0c11c DependenciesID=77518c3baa3a10ea1836e460f2e56ef4 StaticDependenciesID=c1584b81923def3e1d124785cd0d124f 
Number of updated asset objects reloaded before import = 0Number of asset objects unloaded after import = 7

========================================================================
Received Import Request.
  Time since last request: 0.000027 seconds.
  path: Assets/Imports/LPWeapons/Prefabs/Food_04.prefab
  importAddress: Guid(2ff5148f5d004674992fef3fffecde31) Importer(815301076,1909f56bfc062723c751e8b465ee728b)
Start importing Assets/Imports/LPWeapons/Prefabs/Food_04.prefab using Guid(2ff5148f5d004674992fef3fffecde31) Importer(815301076,1909f56bfc062723c751e8b465ee728b) (PreviewImporter) -> (Import Result ID: '8c212f451d569161523d3d23ed119286') in 0.0276733 seconds [static and dynamic dependencies]. Details - ImportResultOutputID=898bcb928ac9563b97b712ff7b040285 DependenciesID=94da702f32831f60f952a4dc45d4bc33 StaticDependenciesID=cd28512bd2b13ef806e3aabadb0d0105 
Number of updated asset objects reloaded before import = 0Number of asset objects unloaded after import = 10

========================================================================
Received Import Request.
  Time since last request: 0.000040 seconds.
  path: Packages/com.unity.render-pipelines.core/Runtime/Debugging/Prefabs/Widgets/DebugUIPanel.prefab
  importAddress: Guid(daa46a58178a6ad41ae1ddc2dc7f856d) Importer(815301076,1909f56bfc062723c751e8b465ee728b)
Start importing Packages/com.unity.render-pipelines.core/Runtime/Debugging/Prefabs/Widgets/DebugUIPanel.prefab using Guid(daa46a58178a6ad41ae1ddc2dc7f856d) Importer(815301076,1909f56bfc062723c751e8b465ee728b) (PreviewImporter) -> (Import Result ID: 'bb6fa17802b4ca11a68a027cfb62ab7b') in 0.0118868 seconds [static and dynamic dependencies]. Details - ImportResultOutputID=edd97c668dcedea357931206e8a66ae5 DependenciesID=f4d83844b76ce18c6bc069a3c3b8cbaa StaticDependenciesID=4d9a690bcfa616839813d2bcce837dd5 
Number of updated asset objects reloaded before import = 0Number of asset objects unloaded after import = 98

========================================================================
Received Import Request.
  Time since last request: 0.000031 seconds.
  path: Assets/Imports/Tools/Prefabs/Hammer_002.prefab
  importAddress: Guid(50d2325f9a9428c4b9b6ff2580380f0f) Importer(815301076,1909f56bfc062723c751e8b465ee728b)
Start importing Assets/Imports/Tools/Prefabs/Hammer_002.prefab using Guid(50d2325f9a9428c4b9b6ff2580380f0f) Importer(815301076,1909f56bfc062723c751e8b465ee728b) (PreviewImporter) -> (Import Result ID: '8eec6cc6cccb73857885ce99b93bd2a2') in 0.0588201 seconds [static and dynamic dependencies]. Details - ImportResultOutputID=9c58a080ce2248996f9c9114dbada244 DependenciesID=0a4c9e23a30ee8d599e9b8999577af19 StaticDependenciesID=5a576e3156870296af4bdb82f9f65eb3 
Number of updated asset objects reloaded before import = 0Number of asset objects unloaded after import = 22

========================================================================
Received Import Request.
  Time since last request: 0.000058 seconds.
  path: Packages/com.unity.render-pipelines.universal/Editor/ShaderGraph/GraphTemplates/2D/2_2D Sprite Custom Lit.shadergraph
  importAddress: Guid(bfad0aba0faa90547b68abd10bb6be86) Importer(815301076,1909f56bfc062723c751e8b465ee728b)
Start importing Packages/com.unity.render-pipelines.universal/Editor/ShaderGraph/GraphTemplates/2D/2_2D Sprite Custom Lit.shadergraph using Guid(bfad0aba0faa90547b68abd10bb6be86) Importer(815301076,1909f56bfc062723c751e8b465ee728b) (PreviewImporter) -> (Import Result ID: '735e7d491c80bda208ba0dc3a7514f95') in 0.3628419 seconds [static and dynamic dependencies]. Details - ImportResultOutputID=0313edf46edd28ae0abfd3c725c95ec9 DependenciesID=fb532b5de049feb0b7aa49f663b7448f StaticDependenciesID=3743cf59502288b98147efacec5c447e 
Number of updated asset objects reloaded before import = 0Number of asset objects unloaded after import = 2

========================================================================
Received Import Request.
  Time since last request: 0.000041 seconds.
  path: Assets/WeaponsAndPropsAssetPack_NAS/Assets/Tools, Weapons And Props/AssetsPack-01-NAS-wrenches.fbx
  importAddress: Guid(e507f9f03405e1240b6f76a6575ae2f2) Importer(815301076,1909f56bfc062723c751e8b465ee728b)
Start importing Assets/WeaponsAndPropsAssetPack_NAS/Assets/Tools, Weapons And Props/AssetsPack-01-NAS-wrenches.fbx using Guid(e507f9f03405e1240b6f76a6575ae2f2) Importer(815301076,1909f56bfc062723c751e8b465ee728b) (PreviewImporter) -> (Import Result ID: '21531738d6654365b6095590191bd6e1') in 0.0693077 seconds [static and dynamic dependencies]. Details - ImportResultOutputID=764d6f6095181dec923d4b29a6230706 DependenciesID=568b1aabb4182e673d6fb59e82d9c864 StaticDependenciesID=937dc8cfdce16e6d7449e78300f02d49 
Number of updated asset objects reloaded before import = 0Number of asset objects unloaded after import = 17

========================================================================
Received Import Request.
  Time since last request: 0.000046 seconds.
  path: Assets/AllSkyFree/_AllSkyFreeDemoEnvironment/Materials/AllSkyDemoEnv_Rock.mat
  importAddress: Guid(bfe0cbb8b308b4a40a8f309f516eede2) Importer(815301076,1909f56bfc062723c751e8b465ee728b)
Start importing Assets/AllSkyFree/_AllSkyFreeDemoEnvironment/Materials/AllSkyDemoEnv_Rock.mat using Guid(bfe0cbb8b308b4a40a8f309f516eede2) Importer(815301076,1909f56bfc062723c751e8b465ee728b) (PreviewImporter) -> (Import Result ID: '56e38c4540c8374114e3d60603091c93') in 0.0254001 seconds [static and dynamic dependencies]. Details - ImportResultOutputID=612680c5a3f2dd8a541177a4a9052d26 DependenciesID=490b77214cd64c5f1097f91fb56e51c7 StaticDependenciesID=b3e20eda4a716b52fa9e3135c19f1d55 
Number of updated asset objects reloaded before import = 0Number of asset objects unloaded after import = 1

========================================================================
Received Import Request.
  Time since last request: 0.000036 seconds.
  path: Assets/BOXOPHOBIC/Utils/Scene/Camera Standard.prefab
  importAddress: Guid(94a823ba9229d074ea2da6c82a0077d0) Importer(815301076,1909f56bfc062723c751e8b465ee728b)
Start importing Assets/BOXOPHOBIC/Utils/Scene/Camera Standard.prefab using Guid(94a823ba9229d074ea2da6c82a0077d0) Importer(815301076,1909f56bfc062723c751e8b465ee728b) (PreviewImporter) -> (Import Result ID: '251a9cf0066b0e58c1484fa4e90ac14b') in 0.0421667 seconds [static and dynamic dependencies]. Details - ImportResultOutputID=d4cb18afa495918083cd39c5f61674c4 DependenciesID=21f4f62f01041ab8f09b29e90ce6f595 StaticDependenciesID=753da86d48627c8515893e5b810f3713 
Number of updated asset objects reloaded before import = 0Number of asset objects unloaded after import = 94

========================================================================
Received Import Request.
  Time since last request: 0.000047 seconds.
  path: Assets/Imports/Tools/Prefabs/Knife_003.prefab
  importAddress: Guid(74d5086e6e4dbd54f80047f266cdeb1d) Importer(815301076,1909f56bfc062723c751e8b465ee728b)
Start importing Assets/Imports/Tools/Prefabs/Knife_003.prefab using Guid(74d5086e6e4dbd54f80047f266cdeb1d) Importer(815301076,1909f56bfc062723c751e8b465ee728b) (PreviewImporter) -> (Import Result ID: '611124d2c53d56f8f61e3fa7d5520d7d') in 0.063812 seconds [static and dynamic dependencies]. Details - ImportResultOutputID=d278e6565b424d52b3d1cfec5c19ab2a DependenciesID=5f809891645f984181f78695d0206546 StaticDependenciesID=0382b9f95350df05aaeacb974f254334 
Number of updated asset objects reloaded before import = 0Number of asset objects unloaded after import = 27

========================================================================
Received Import Request.
  Time since last request: 0.000050 seconds.
  path: Assets/WeaponsAndPropsAssetPack_NAS/Prefabs/Weapons/ClaveHandleGreen.prefab
  importAddress: Guid(c2c70fd9437b1f5438be380f58b1e352) Importer(815301076,1909f56bfc062723c751e8b465ee728b)
Start importing Assets/WeaponsAndPropsAssetPack_NAS/Prefabs/Weapons/ClaveHandleGreen.prefab using Guid(c2c70fd9437b1f5438be380f58b1e352) Importer(815301076,1909f56bfc062723c751e8b465ee728b) (PreviewImporter) -> (Import Result ID: '2856063b1439c37f9d65227b2ada7819') in 0.031659 seconds [static and dynamic dependencies]. Details - ImportResultOutputID=6be3de26fabce6ea3e4012b9524febbf DependenciesID=3fb5705a5642c2c85d09f4447d941d9d StaticDependenciesID=4fc37b91690b1f50f30750b3e0d1b723 
Number of updated asset objects reloaded before import = 0Number of asset objects unloaded after import = 105

========================================================================
Received Import Request.
  Time since last request: 0.000197 seconds.
  path: Packages/com.unity.shadergraph/GraphTemplates/Cross Pipeline/0_Lit Basic.shadergraph
  importAddress: Guid(a2407126e3372f64cacb75ed466a5621) Importer(815301076,1909f56bfc062723c751e8b465ee728b)
Start importing Packages/com.unity.shadergraph/GraphTemplates/Cross Pipeline/0_Lit Basic.shadergraph using Guid(a2407126e3372f64cacb75ed466a5621) Importer(815301076,1909f56bfc062723c751e8b465ee728b) (PreviewImporter) -> (Import Result ID: '0ac4835633e9f1ab7725d5207918129f') in 1.952682 seconds [static and dynamic dependencies]. Details - ImportResultOutputID=b36a044c88a43365fc3fbe5b2c15cee3 DependenciesID=7872efdea412714573f2fea30039d016 StaticDependenciesID=2234bfa40c0e0a931f282d67a8bd06c8 
Number of updated asset objects reloaded before import = 0Number of asset objects unloaded after import = 7

========================================================================
Received Import Request.
  Time since last request: 0.000036 seconds.
  path: Assets/Prefabs/Animals/WhiteSheep.prefab
  importAddress: Guid(c8467e3d6b91428499bf6dbf5f745b95) Importer(815301076,1909f56bfc062723c751e8b465ee728b)
Start importing Assets/Prefabs/Animals/WhiteSheep.prefab using Guid(c8467e3d6b91428499bf6dbf5f745b95) Importer(815301076,1909f56bfc062723c751e8b465ee728b) (PreviewImporter) -> (Import Result ID: 'c1b826c347eae720e89e564e726aadf7') in 0.0559048 seconds [static and dynamic dependencies]. Details - ImportResultOutputID=afb71488b2907981b17110a24a5d30a6 DependenciesID=ea4cf8638bf7523c75aa4732c51a235e StaticDependenciesID=58697a3017d29e204f219c6fc80e36c9 
Number of updated asset objects reloaded before import = 0Number of asset objects unloaded after import = 247

========================================================================
Received Import Request.
  Time since last request: 0.000049 seconds.
  path: Assets/Prefabs/Items/Tools/WoodShovel.prefab
  importAddress: Guid(e0e5c12aa65160045b7909211264ae87) Importer(815301076,1909f56bfc062723c751e8b465ee728b)
Start importing Assets/Prefabs/Items/Tools/WoodShovel.prefab using Guid(e0e5c12aa65160045b7909211264ae87) Importer(815301076,1909f56bfc062723c751e8b465ee728b) (PreviewImporter) -> (Import Result ID: '556fb3feab476b810d0a2a4ad4661b71') in 0.0315991 seconds [static and dynamic dependencies]. Details - ImportResultOutputID=e6d96a86d2e9db2694ab3d1b7af2f5cf DependenciesID=c5f983bc61cae596b95f395d7e10ad1f StaticDependenciesID=c32ae5d6c48c2a4cb02a25285fa040b9 
Number of updated asset objects reloaded before import = 0Number of asset objects unloaded after import = 27

========================================================================
Received Import Request.
  Time since last request: 0.000031 seconds.
  path: Assets/WeaponsAndPropsAssetPack_NAS/Prefabs/Bats/WoodenBatHandlePurple.prefab
  importAddress: Guid(69891930ebafd004a815ba66de484078) Importer(815301076,1909f56bfc062723c751e8b465ee728b)
Start importing Assets/WeaponsAndPropsAssetPack_NAS/Prefabs/Bats/WoodenBatHandlePurple.prefab using Guid(69891930ebafd004a815ba66de484078) Importer(815301076,1909f56bfc062723c751e8b465ee728b) (PreviewImporter) -> (Import Result ID: '409e055ff5914d3a9019d1c9a3a8fc0a') in 0.0290164 seconds [static and dynamic dependencies]. Details - ImportResultOutputID=9200445a4c7e6948d4e033e680f4eaaa DependenciesID=7b618282dcb5bd5862248dc1a9db045f StaticDependenciesID=2bf7d18cc80f3df0b961c978ba7f7fe2 
Number of updated asset objects reloaded before import = 0Number of asset objects unloaded after import = 92

========================================================================
Received Import Request.
  Time since last request: 0.000054 seconds.
  path: Assets/WeaponsAndPropsAssetPack_NAS/Prefabs/Lamps/WallLampOnOrange.prefab
  importAddress: Guid(696bb75cea30d2a44be21b26fc5ea1c9) Importer(815301076,1909f56bfc062723c751e8b465ee728b)
Start importing Assets/WeaponsAndPropsAssetPack_NAS/Prefabs/Lamps/WallLampOnOrange.prefab using Guid(696bb75cea30d2a44be21b26fc5ea1c9) Importer(815301076,1909f56bfc062723c751e8b465ee728b) (PreviewImporter) -> (Import Result ID: '0473a4e3a85dd9742f430312ae6b3f8b') in 0.0331122 seconds [static and dynamic dependencies]. Details - ImportResultOutputID=fa82f214262f74936ae567f3db320583 DependenciesID=ab09e50b0b02599985e7da20738c2c0e StaticDependenciesID=0ae9e00415961536a6ddd391c8ae3727 
Number of updated asset objects reloaded before import = 0Number of asset objects unloaded after import = 314

========================================================================
Received Import Request.
  Time since last request: 0.000042 seconds.
  path: Assets/Prefabs/Items/Wood.prefab
  importAddress: Guid(796b68887aa49e34fa4f52c63d7a077f) Importer(815301076,1909f56bfc062723c751e8b465ee728b)
Start importing Assets/Prefabs/Items/Wood.prefab using Guid(796b68887aa49e34fa4f52c63d7a077f) Importer(815301076,1909f56bfc062723c751e8b465ee728b) (PreviewImporter) -> (Import Result ID: 'b0df95e52ce7a2d65ac631183879802a') in 0.0323179 seconds [static and dynamic dependencies]. Details - ImportResultOutputID=5277cf82a50c6597a531ea6e0960e619 DependenciesID=6a4675075002dff59533a9413f1e862a StaticDependenciesID=3e2441b9942be251a0dff7dcf8847b0c 
Number of updated asset objects reloaded before import = 0Number of asset objects unloaded after import = 23

========================================================================
Received Import Request.
  Time since last request: 0.000042 seconds.
  path: Assets/Imports/LPWeapons/Prefabs/Wineglass_01.prefab
  importAddress: Guid(675b3bbef6ce0924784ad185c6118c34) Importer(815301076,1909f56bfc062723c751e8b465ee728b)
Start importing Assets/Imports/LPWeapons/Prefabs/Wineglass_01.prefab using Guid(675b3bbef6ce0924784ad185c6118c34) Importer(815301076,1909f56bfc062723c751e8b465ee728b) (PreviewImporter) -> (Import Result ID: 'b6753e276ea95f5bd3cf18eeb942bd02') in 0.0294097 seconds [static and dynamic dependencies]. Details - ImportResultOutputID=f4e0b0d1fead05074ecf62301cfb3053 DependenciesID=3231ab96183b4969af7fe17f6198bfd4 StaticDependenciesID=405cac9d510fffa744a9c24a5cc5f110 
Number of updated asset objects reloaded before import = 0Number of asset objects unloaded after import = 10

========================================================================
Received Import Request.
  Time since last request: 0.000037 seconds.
  path: Assets/WeaponsAndPropsAssetPack_NAS/Prefabs/Lamps/WallLampOnYellow.prefab
  importAddress: Guid(9336ce2ad7390f540a57114d55c9eb46) Importer(815301076,1909f56bfc062723c751e8b465ee728b)
Start importing Assets/WeaponsAndPropsAssetPack_NAS/Prefabs/Lamps/WallLampOnYellow.prefab using Guid(9336ce2ad7390f540a57114d55c9eb46) Importer(815301076,1909f56bfc062723c751e8b465ee728b) (PreviewImporter) -> (Import Result ID: '2ccb62f53566f605e9d4a763f53fc0a1') in 0.0383267 seconds [static and dynamic dependencies]. Details - ImportResultOutputID=5814cea9ee7b855d419b512fb071a6d9 DependenciesID=b7962c8fc2f3821dbce9350f841c6ba9 StaticDependenciesID=6877b386152a3af24b66d51a28569b58 
Number of updated asset objects reloaded before import = 0Number of asset objects unloaded after import = 314

========================================================================
Received Import Request.
  Time since last request: 0.000043 seconds.
  path: Assets/WeaponsAndPropsAssetPack_NAS/Prefabs/Lamps/WallLampOnGreen.prefab
  importAddress: Guid(c7ab7eb88b6793745998a6503c5b767c) Importer(815301076,1909f56bfc062723c751e8b465ee728b)
Start importing Assets/WeaponsAndPropsAssetPack_NAS/Prefabs/Lamps/WallLampOnGreen.prefab using Guid(c7ab7eb88b6793745998a6503c5b767c) Importer(815301076,1909f56bfc062723c751e8b465ee728b) (PreviewImporter) -> (Import Result ID: 'c051729b088c07d2ea48afa6bebc5feb') in 0.0368798 seconds [static and dynamic dependencies]. Details - ImportResultOutputID=5a19ec436cbbc1e711b6acb784dc9b4a DependenciesID=52c5d4b645c7e59f704336e6e1badf2d StaticDependenciesID=48a71dd294c26db3ebd3797b6fe7f462 
Number of updated asset objects reloaded before import = 0Number of asset objects unloaded after import = 314

========================================================================
Received Import Request.
  Time since last request: 0.000096 seconds.
  path: Assets/Imports/LPWeapons/Models/Candle_01.fbx
  importAddress: Guid(101d69a2d9a63e14ea79b02a6a8a8b3a) Importer(815301076,1909f56bfc062723c751e8b465ee728b)
Start importing Assets/Imports/LPWeapons/Models/Candle_01.fbx using Guid(101d69a2d9a63e14ea79b02a6a8a8b3a) Importer(815301076,1909f56bfc062723c751e8b465ee728b) (PreviewImporter) -> (Import Result ID: 'ab9bbbdb4f03cbc892480830cff71fde') in 0.0355319 seconds [static and dynamic dependencies]. Details - ImportResultOutputID=18207c27366e4391d82d624a51ecddc6 DependenciesID=655065ccc8ff3c2e0757d45601b18c69 StaticDependenciesID=28aba8365fce683d1c069ce62cd97416 
Number of updated asset objects reloaded before import = 0Number of asset objects unloaded after import = 7

========================================================================
Received Import Request.
  Time since last request: 0.000025 seconds.
  path: Assets/Imports/LPEnvirement/Lowpoly_Environments/Prefabs/Trees/PT_Fruit_Tree_01_stump.prefab
  importAddress: Guid(fb070a2d31206d9499ecc8a77be0ebf0) Importer(815301076,1909f56bfc062723c751e8b465ee728b)
Start importing Assets/Imports/LPEnvirement/Lowpoly_Environments/Prefabs/Trees/PT_Fruit_Tree_01_stump.prefab using Guid(fb070a2d31206d9499ecc8a77be0ebf0) Importer(815301076,1909f56bfc062723c751e8b465ee728b) (PreviewImporter) -> (Import Result ID: '97f9c5bcdad1d791f58b0baff61c3de8') in 0.0327058 seconds [static and dynamic dependencies]. Details - ImportResultOutputID=c3aa4e9ef162a7907b9ac4d9d847b167 DependenciesID=e2a06c45bd39d39c897b5ee08595a708 StaticDependenciesID=6ca411c964967caf35ffb8ddf9f7783c 
Number of updated asset objects reloaded before import = 0Number of asset objects unloaded after import = 9

========================================================================
Received Import Request.
  Time since last request: 0.000044 seconds.
  path: Assets/Prefabs/Animals/WhiteGoat.prefab
  importAddress: Guid(b713ba62e73d7014393411439a47a789) Importer(815301076,1909f56bfc062723c751e8b465ee728b)
Start importing Assets/Prefabs/Animals/WhiteGoat.prefab using Guid(b713ba62e73d7014393411439a47a789) Importer(815301076,1909f56bfc062723c751e8b465ee728b) (PreviewImporter) -> (Import Result ID: '0457a7c98166ac917730df87281ff039') in 0.0609642 seconds [static and dynamic dependencies]. Details - ImportResultOutputID=01b7617790617b51a4a211da594e7bad DependenciesID=c665ae836fe31d364705d235162d55d1 StaticDependenciesID=97382c9a79565a6a43c1cd8ce80c9319 
Number of updated asset objects reloaded before import = 0Number of asset objects unloaded after import = 258

========================================================================
Received Import Request.
  Time since last request: 0.000057 seconds.
  path: Assets/Imports/Tools/Prefabs/Rake_002.prefab
  importAddress: Guid(77c8fdf6626977a4ab4348da8ff99e85) Importer(815301076,1909f56bfc062723c751e8b465ee728b)
Start importing Assets/Imports/Tools/Prefabs/Rake_002.prefab using Guid(77c8fdf6626977a4ab4348da8ff99e85) Importer(815301076,1909f56bfc062723c751e8b465ee728b) (PreviewImporter) -> (Import Result ID: '36e448e6822f6457ae4b8b8d133e057c') in 0.0688742 seconds [static and dynamic dependencies]. Details - ImportResultOutputID=48c0e80f92ef99045219444896b6901a DependenciesID=d3ba0f20df64e85d565d08eb675049f6 StaticDependenciesID=f13b0f2abc9e3c57c3db008259f0cbd0 
Number of updated asset objects reloaded before import = 0Number of asset objects unloaded after import = 37

========================================================================
Received Import Request.
  Time since last request: 0.000034 seconds.
  path: Assets/WeaponsAndPropsAssetPack_NAS/Assets/Breakables/Barrel/AssetsPack-01-NAS-openable-barrel.fbx
  importAddress: Guid(cefa9c2d0d5b0a240ba2494f72ee13c3) Importer(815301076,1909f56bfc062723c751e8b465ee728b)
Start importing Assets/WeaponsAndPropsAssetPack_NAS/Assets/Breakables/Barrel/AssetsPack-01-NAS-openable-barrel.fbx using Guid(cefa9c2d0d5b0a240ba2494f72ee13c3) Importer(815301076,1909f56bfc062723c751e8b465ee728b) (PreviewImporter) -> (Import Result ID: '5dd3b70494a17aecc0081e54b010016e') in 0.1700877 seconds [static and dynamic dependencies]. Details - ImportResultOutputID=846bfb5814d4f08a7eb9aae9c6ebf163 DependenciesID=2d20e5f7f9a5b7198628f4aa6debca9e StaticDependenciesID=5a18db993cfba4aefd72d72327f24822 
Number of updated asset objects reloaded before import = 0Number of asset objects unloaded after import = 43

========================================================================
Received Import Request.
  Time since last request: 0.000060 seconds.
  path: Assets/WeaponsAndPropsAssetPack_NAS/Assets/Breakables/SimpleMug/AssetsPack-01-NAS-fractured-simple-mug.fbx
  importAddress: Guid(2753ea8dc5ee68b46a324485437690f2) Importer(815301076,1909f56bfc062723c751e8b465ee728b)
Start importing Assets/WeaponsAndPropsAssetPack_NAS/Assets/Breakables/SimpleMug/AssetsPack-01-NAS-fractured-simple-mug.fbx using Guid(2753ea8dc5ee68b46a324485437690f2) Importer(815301076,1909f56bfc062723c751e8b465ee728b) (PreviewImporter) -> (Import Result ID: '963db8d796ec72627f302c83dadde64e') in 0.7659061 seconds [static and dynamic dependencies]. Details - ImportResultOutputID=26a655385b4a34f8e1eded60e07f9f9d DependenciesID=f659d2c11211ff72c10dbc96b81ca27b StaticDependenciesID=fecedccc1b3f81fb03d4cc9030cc7313 
Number of updated asset objects reloaded before import = 0Number of asset objects unloaded after import = 177

========================================================================
Received Import Request.
  Time since last request: 0.000056 seconds.
  path: Assets/AllSkyFree/Space_AnotherPlanet/AllSky_Space_AnotherPlanet Equirect.mat
  importAddress: Guid(13f6e5eed33d84c76979f1ec06b5e48c) Importer(815301076,1909f56bfc062723c751e8b465ee728b)
Start importing Assets/AllSkyFree/Space_AnotherPlanet/AllSky_Space_AnotherPlanet Equirect.mat using Guid(13f6e5eed33d84c76979f1ec06b5e48c) Importer(815301076,1909f56bfc062723c751e8b465ee728b) (PreviewImporter) -> (Import Result ID: '6cc341516831e425446cadc2b5a0c60e') in 0.0487298 seconds [static and dynamic dependencies]. Details - ImportResultOutputID=efccaa493b1e97959cef2ed23f078c1f DependenciesID=a857fde53ee101d1d693ed3d63cf3ad0 StaticDependenciesID=677d6cc5020f671acdc7ffd830335894 
Number of updated asset objects reloaded before import = 0Number of asset objects unloaded after import = 2

========================================================================
Received Import Request.
  Time since last request: 0.000039 seconds.
  path: Assets/WeaponsAndPropsAssetPack_NAS/Prefabs/Breakables/Vase001.prefab
  importAddress: Guid(5415a44ec74af434ab1ac761a65d8fd6) Importer(815301076,1909f56bfc062723c751e8b465ee728b)
Start importing Assets/WeaponsAndPropsAssetPack_NAS/Prefabs/Breakables/Vase001.prefab using Guid(5415a44ec74af434ab1ac761a65d8fd6) Importer(815301076,1909f56bfc062723c751e8b465ee728b) (PreviewImporter) -> (Import Result ID: '48f9fcdbfe95e7d467f8e5562466a6b5') in 0.0368717 seconds [static and dynamic dependencies]. Details - ImportResultOutputID=98f00580c35e1b7494f5e7433356c8bd DependenciesID=8f7c2639947af583bffddf1a27aad502 StaticDependenciesID=f10113249d955eb3412c576eaea5e3ef 
Number of updated asset objects reloaded before import = 0Number of asset objects unloaded after import = 203

========================================================================
Received Import Request.
  Time since last request: 0.000045 seconds.
  path: Assets/WeaponsAndPropsAssetPack_NAS/Prefabs/Magical/Wand.prefab
  importAddress: Guid(05b4dc09cb1c65345b92d8bdcfa596db) Importer(815301076,1909f56bfc062723c751e8b465ee728b)
Start importing Assets/WeaponsAndPropsAssetPack_NAS/Prefabs/Magical/Wand.prefab using Guid(05b4dc09cb1c65345b92d8bdcfa596db) Importer(815301076,1909f56bfc062723c751e8b465ee728b) (PreviewImporter) -> (Import Result ID: 'abc8f57aef762be7fa5d5f1c286f9482') in 0.0338738 seconds [static and dynamic dependencies]. Details - ImportResultOutputID=486d71074461b8b9ceb17696e794a65d DependenciesID=76985f6e947829140b983494307b0832 StaticDependenciesID=0fe45c180947263a7855db4aba872bf2 
Number of updated asset objects reloaded before import = 0Number of asset objects unloaded after import = 190

========================================================================
Received Import Request.
  Time since last request: 0.000064 seconds.
  path: Assets/WeaponsAndPropsAssetPack_NAS/Prefabs/Lamps/WallLampOffBlueVariant.prefab
  importAddress: Guid(41b9015f8e5aac64c9d82aa0666fbaf5) Importer(815301076,1909f56bfc062723c751e8b465ee728b)
Start importing Assets/WeaponsAndPropsAssetPack_NAS/Prefabs/Lamps/WallLampOffBlueVariant.prefab using Guid(41b9015f8e5aac64c9d82aa0666fbaf5) Importer(815301076,1909f56bfc062723c751e8b465ee728b) (PreviewImporter) -> (Import Result ID: '3c7a7f1c5f0caae321a70aa1152d2217') in 0.0357435 seconds [static and dynamic dependencies]. Details - ImportResultOutputID=2f840dae811ce6541a9ed59d5657bf8e DependenciesID=3c39012e4ee9c8986a9e4a5f2984406b StaticDependenciesID=8c6d843825fb455f92ca71b8db217f28 
Number of updated asset objects reloaded before import = 0Number of asset objects unloaded after import = 314

========================================================================
Received Import Request.
  Time since last request: 0.000041 seconds.
  path: Assets/WeaponsAndPropsAssetPack_NAS/Prefabs/Lamps/WallLampOnRed.prefab
  importAddress: Guid(4e9442a2e24fcdf49b321d32f93c76d0) Importer(815301076,1909f56bfc062723c751e8b465ee728b)
Start importing Assets/WeaponsAndPropsAssetPack_NAS/Prefabs/Lamps/WallLampOnRed.prefab using Guid(4e9442a2e24fcdf49b321d32f93c76d0) Importer(815301076,1909f56bfc062723c751e8b465ee728b) (PreviewImporter) -> (Import Result ID: '69f44c2b82701d8134884225cff302a2') in 0.0398446 seconds [static and dynamic dependencies]. Details - ImportResultOutputID=53737e56cf4da49a31e6e49b7d823cba DependenciesID=d1b2e5428e8a9fa8445723a378c6e60e StaticDependenciesID=7a14607b4e837b6c4ba3e7b88823b1a1 
Number of updated asset objects reloaded before import = 0Number of asset objects unloaded after import = 314

========================================================================
Received Import Request.
  Time since last request: 0.000047 seconds.
  path: Packages/com.unity.render-pipelines.universal/Editor/SceneTemplates/Materials/Emissive.mat
  importAddress: Guid(92f845725428c954b878da352f657fe5) Importer(815301076,1909f56bfc062723c751e8b465ee728b)
Start importing Packages/com.unity.render-pipelines.universal/Editor/SceneTemplates/Materials/Emissive.mat using Guid(92f845725428c954b878da352f657fe5) Importer(815301076,1909f56bfc062723c751e8b465ee728b) (PreviewImporter) -> (Import Result ID: '8a876aa44640bcb75e1fad964d823f91') in 0.0141197 seconds [static and dynamic dependencies]. Details - ImportResultOutputID=fb8d2404231ec1b1d2635904a4aaa190 DependenciesID=c05e11eab9ee0773dc8d3d5f503d40de StaticDependenciesID=0848bfc7e2f9dfbfa74fb6e973fcd017 
Number of updated asset objects reloaded before import = 0Number of asset objects unloaded after import = 1

========================================================================
Received Import Request.
  Time since last request: 0.000051 seconds.
  path: Assets/Imports/LPEnvirement/Lowpoly_Demos/Environment_Free/Helpers/PT_Grass_02_v1.prefab
  importAddress: Guid(53083e9d6ba91ba4cad309a95b8c8f20) Importer(815301076,1909f56bfc062723c751e8b465ee728b)
Start importing Assets/Imports/LPEnvirement/Lowpoly_Demos/Environment_Free/Helpers/PT_Grass_02_v1.prefab using Guid(53083e9d6ba91ba4cad309a95b8c8f20) Importer(815301076,1909f56bfc062723c751e8b465ee728b) (PreviewImporter) -> (Import Result ID: 'af1d968f8131b1ccf7574da1533a60bb') in 2.5121128 seconds [static and dynamic dependencies]. Details - ImportResultOutputID=0951ec8f78e02b1bb01c1be9561172d8 DependenciesID=37d7b5174bcd61d0630e361e486acad0 StaticDependenciesID=8ca0394926d5eeae614f463ba755e2ec 
Number of updated asset objects reloaded before import = 0Number of asset objects unloaded after import = 11

========================================================================
Received Import Request.
  Time since last request: 0.000066 seconds.
  path: Packages/com.unity.shadergraph/GraphTemplates/BuiltIn/BuiltIn Lit Basic.shadergraph
  importAddress: Guid(2019d78ad3d1c5c4a8d309a857ca449f) Importer(815301076,1909f56bfc062723c751e8b465ee728b)
Start importing Packages/com.unity.shadergraph/GraphTemplates/BuiltIn/BuiltIn Lit Basic.shadergraph using Guid(2019d78ad3d1c5c4a8d309a857ca449f) Importer(815301076,1909f56bfc062723c751e8b465ee728b) (PreviewImporter) -> (Import Result ID: '8f4415807cead5c0f1a64c152819117b') in 0.5033948 seconds [static and dynamic dependencies]. Details - ImportResultOutputID=67aab2634efce2c5c963b09542658786 DependenciesID=d800a87191b743f948ec3920ef6b60af StaticDependenciesID=198a71726fd7185e94d9c8a032df3879 
Number of updated asset objects reloaded before import = 0Number of asset objects unloaded after import = 3

========================================================================
Received Import Request.
  Time since last request: 0.000054 seconds.
  path: Assets/Imports/Food/Prefabs/FishFilletCooked.prefab
  importAddress: Guid(1a8fa040e5c684308b95679dd2c1dcd6) Importer(815301076,1909f56bfc062723c751e8b465ee728b)
Start importing Assets/Imports/Food/Prefabs/FishFilletCooked.prefab using Guid(1a8fa040e5c684308b95679dd2c1dcd6) Importer(815301076,1909f56bfc062723c751e8b465ee728b) (PreviewImporter) -> (Import Result ID: 'd11ef3b8762cc9b64422c62a3135629c') in 0.030297 seconds [static and dynamic dependencies]. Details - ImportResultOutputID=79bd497f6e7604580c85ce1cc969f192 DependenciesID=aadc40bd5c9869d8252606cee10309b0 StaticDependenciesID=4a982857cc2df8ee08c1d6df9c7a97b2 
Number of updated asset objects reloaded before import = 0Number of asset objects unloaded after import = 27

========================================================================
Received Import Request.
  Time since last request: 0.000029 seconds.
  path: Assets/WeaponsAndPropsAssetPack_NAS/Prefabs/Lamps/WallLampOffRed.prefab
  importAddress: Guid(4a537f1c163c0a34fb560cf75d4473b4) Importer(815301076,1909f56bfc062723c751e8b465ee728b)
Start importing Assets/WeaponsAndPropsAssetPack_NAS/Prefabs/Lamps/WallLampOffRed.prefab using Guid(4a537f1c163c0a34fb560cf75d4473b4) Importer(815301076,1909f56bfc062723c751e8b465ee728b) (PreviewImporter) -> (Import Result ID: '0bb9a64d1125d2f22630894e17bcf2c8') in 0.0387311 seconds [static and dynamic dependencies]. Details - ImportResultOutputID=7dadeb05301bb9f36e4b3a39eccf942d DependenciesID=34156b94416516ae3753baef340dc477 StaticDependenciesID=d61f4b77e2dc00780d1a603050c03759 
Number of updated asset objects reloaded before import = 0Number of asset objects unloaded after import = 314

========================================================================
Received Import Request.
  Time since last request: 0.000036 seconds.
  path: Assets/Imports/LPEnvirement/Lowpoly_Environments/Prefabs/Rocks/PT_Generic_Rock_01.prefab
  importAddress: Guid(58cd8dc8c2359174baa15aa31e302c8b) Importer(815301076,1909f56bfc062723c751e8b465ee728b)
Start importing Assets/Imports/LPEnvirement/Lowpoly_Environments/Prefabs/Rocks/PT_Generic_Rock_01.prefab using Guid(58cd8dc8c2359174baa15aa31e302c8b) Importer(815301076,1909f56bfc062723c751e8b465ee728b) (PreviewImporter) -> (Import Result ID: '4d81b0bf60d4bc2063ad5be96a4cff78') in 0.0366966 seconds [static and dynamic dependencies]. Details - ImportResultOutputID=250548cd5bbcc318bae2adbd582141da DependenciesID=9bdfc9ad4fc13ac44d08537de8d6d96e StaticDependenciesID=f0b44837d4d35de8161e9b547d010e51 
Number of updated asset objects reloaded before import = 0Number of asset objects unloaded after import = 23

========================================================================
Received Import Request.
  Time since last request: 0.000047 seconds.
  path: Assets/WeaponsAndPropsAssetPack_NAS/Assets/Lamps/AssetsPack-01-NAS-wall-lamp.fbx
  importAddress: Guid(076f19525fd1eb2418c2dd3647ad22e9) Importer(815301076,1909f56bfc062723c751e8b465ee728b)
Start importing Assets/WeaponsAndPropsAssetPack_NAS/Assets/Lamps/AssetsPack-01-NAS-wall-lamp.fbx using Guid(076f19525fd1eb2418c2dd3647ad22e9) Importer(815301076,1909f56bfc062723c751e8b465ee728b) (PreviewImporter) -> (Import Result ID: 'eaa7d00dbb56868026f23c52c216f7aa') in 0.4596678 seconds [static and dynamic dependencies]. Details - ImportResultOutputID=7a02c1489d8e45373592c9fbfa8bb4ea DependenciesID=26af808e2d8148831f61f821bb80de34 StaticDependenciesID=5c1e1b87008439470364d1c69fc14d6e 
Number of updated asset objects reloaded before import = 0Number of asset objects unloaded after import = 121

========================================================================
Received Import Request.
  Time since last request: 0.000050 seconds.
  path: Assets/WeaponsAndPropsAssetPack_NAS/Assets/Tools, Weapons And Props/AssetsPack-01-NAS-metal-knives.fbx
  importAddress: Guid(4efc0f08d21859a479278b56c1a23510) Importer(815301076,1909f56bfc062723c751e8b465ee728b)
Start importing Assets/WeaponsAndPropsAssetPack_NAS/Assets/Tools, Weapons And Props/AssetsPack-01-NAS-metal-knives.fbx using Guid(4efc0f08d21859a479278b56c1a23510) Importer(815301076,1909f56bfc062723c751e8b465ee728b) (PreviewImporter) -> (Import Result ID: '481eb5022aec79c009392e05d5e7e22a') in 0.1733038 seconds [static and dynamic dependencies]. Details - ImportResultOutputID=0373f73540e0e3911dec8c54d3792a1a DependenciesID=373aa7e564fdf9fadd63ff54be852038 StaticDependenciesID=35156a2b0d70d18de481d87b1d0e6346 
Number of updated asset objects reloaded before import = 0Number of asset objects unloaded after import = 41

========================================================================
Received Import Request.
  Time since last request: 0.000062 seconds.
  path: Assets/AllSkyFree/Overcast Low/AllSky_Overcast4_Low.mat
  importAddress: Guid(f2b5f3f20933f434e850db1b710542fd) Importer(815301076,1909f56bfc062723c751e8b465ee728b)
Start importing Assets/AllSkyFree/Overcast Low/AllSky_Overcast4_Low.mat using Guid(f2b5f3f20933f434e850db1b710542fd) Importer(815301076,1909f56bfc062723c751e8b465ee728b) (PreviewImporter) -> (Import Result ID: '0b76d4bc79cb5f0bdcbf8b9e2b3659c3') in 0.0731908 seconds [static and dynamic dependencies]. Details - ImportResultOutputID=2d7639e3f49faf66bc31cb9dc99cd271 DependenciesID=bed435e7ca397f9ce01d6f22ab2c8640 StaticDependenciesID=78ff90f184c45afea0770b6fcf8c5213 
Number of updated asset objects reloaded before import = 0Number of asset objects unloaded after import = 7

========================================================================
Received Import Request.
  Time since last request: 0.000044 seconds.
  path: Assets/WeaponsAndPropsAssetPack_NAS/Assets/Breakables/Vases/AssetsPack-01-NAS-fixed-vase-002.fbx
  importAddress: Guid(52c2e7ad7d6e2d94596eee0f6d4f5589) Importer(815301076,1909f56bfc062723c751e8b465ee728b)
Start importing Assets/WeaponsAndPropsAssetPack_NAS/Assets/Breakables/Vases/AssetsPack-01-NAS-fixed-vase-002.fbx using Guid(52c2e7ad7d6e2d94596eee0f6d4f5589) Importer(815301076,1909f56bfc062723c751e8b465ee728b) (PreviewImporter) -> (Import Result ID: 'e4fb6b5e62562ec300f9f81ea1fe3a2c') in 0.0531815 seconds [static and dynamic dependencies]. Details - ImportResultOutputID=47aed9c0b8ec761947de9c315d8c3376 DependenciesID=380854f5f2f548a9244ab0d9cc479f62 StaticDependenciesID=b9723eb410acbefda0bae95d5a596481 
Number of updated asset objects reloaded before import = 0Number of asset objects unloaded after import = 10

========================================================================
Received Import Request.
  Time since last request: 0.000030 seconds.
  path: Assets/Imports/LPAnimals/LOW POLY CUBIC - Goat and Sheep Pack/Prefabs_Standard/Terrain.prefab
  importAddress: Guid(dc647f23abfab5f4194f7af522daeae0) Importer(815301076,1909f56bfc062723c751e8b465ee728b)
Start importing Assets/Imports/LPAnimals/LOW POLY CUBIC - Goat and Sheep Pack/Prefabs_Standard/Terrain.prefab using Guid(dc647f23abfab5f4194f7af522daeae0) Importer(815301076,1909f56bfc062723c751e8b465ee728b) (PreviewImporter) -> (Import Result ID: '6f463b1d452df4d97083e5ffe8d6b980') in 1.0960519 seconds [static and dynamic dependencies]. Details - ImportResultOutputID=ffa407b5cc95aed21a26eecc725a5ed7 DependenciesID=064ad70df2804eff5ef4dd8928866d1c StaticDependenciesID=b6deabe531241d5cb7e7001b8b790aab 
Number of updated asset objects reloaded before import = 0Number of asset objects unloaded after import = 8

========================================================================
Received Import Request.
  Time since last request: 0.000057 seconds.
  path: Assets/Imports/Food/Prefabs/BreadCut.prefab
  importAddress: Guid(04c41f00be53b0e4981be1ed41b0c5e3) Importer(815301076,1909f56bfc062723c751e8b465ee728b)
Start importing Assets/Imports/Food/Prefabs/BreadCut.prefab using Guid(04c41f00be53b0e4981be1ed41b0c5e3) Importer(815301076,1909f56bfc062723c751e8b465ee728b) (PreviewImporter) -> (Import Result ID: '2108d86dc40c8c527b38214a56e284aa') in 0.0292226 seconds [static and dynamic dependencies]. Details - ImportResultOutputID=57353f5c97d0cda6bdcf34d5654f7f31 DependenciesID=c346c7a1629d01bd2d60b89bc70d5975 StaticDependenciesID=34223b2f19b133baa9c2425261778d2a 
Number of updated asset objects reloaded before import = 0Number of asset objects unloaded after import = 27

========================================================================
Received Import Request.
  Time since last request: 0.000041 seconds.
  path: Assets/BOXOPHOBIC/Utils/Scene/Light Universal Day.prefab
  importAddress: Guid(b19cf3e7632ffd948902e7272af43a6c) Importer(815301076,1909f56bfc062723c751e8b465ee728b)
Start importing Assets/BOXOPHOBIC/Utils/Scene/Light Universal Day.prefab using Guid(b19cf3e7632ffd948902e7272af43a6c) Importer(815301076,1909f56bfc062723c751e8b465ee728b) (PreviewImporter) -> (Import Result ID: '899c1399caa8d889168c2e49b1b4b491') in 0.0031253 seconds [static and dynamic dependencies]. Details - ImportResultOutputID=7edaeeb1f16e7ede3a1fa152e5fd440f DependenciesID=ed97ce55c8b734baf27b8fa957755150 StaticDependenciesID=16e822e49c901531518f904fe41b4e51 
Number of updated asset objects reloaded before import = 0Number of asset objects unloaded after import = 6

========================================================================
Received Import Request.
  Time since last request: 0.000043 seconds.
  path: Assets/WeaponsAndPropsAssetPack_NAS/Assets/Tools, Weapons And Props/AssetsPack-01-NAS-primitive-hoe.fbx
  importAddress: Guid(48d1d92a864c0084f944f26cafb16876) Importer(815301076,1909f56bfc062723c751e8b465ee728b)
Start importing Assets/WeaponsAndPropsAssetPack_NAS/Assets/Tools, Weapons And Props/AssetsPack-01-NAS-primitive-hoe.fbx using Guid(48d1d92a864c0084f944f26cafb16876) Importer(815301076,1909f56bfc062723c751e8b465ee728b) (PreviewImporter) -> (Import Result ID: 'a523651729aa9e71f3bc31a63a7c9e6c') in 0.044931 seconds [static and dynamic dependencies]. Details - ImportResultOutputID=2f5ef98bf97b425a13bf5754fefe96b3 DependenciesID=402324f0273c77625ff79ae3a40c1e3f StaticDependenciesID=0338e019306769a82b33340ae3ab9fa4 
Number of updated asset objects reloaded before import = 0Number of asset objects unloaded after import = 10

========================================================================
Received Import Request.
  Time since last request: 0.000071 seconds.
  path: Assets/Kevin Iglesias/Human Animations/Unity Demo Scenes/Human Crafting Animations/Prefabs/Tools/Human_Knife.prefab
  importAddress: Guid(c3c71e39bc65d4b42b652b81c3526f50) Importer(815301076,1909f56bfc062723c751e8b465ee728b)
Start importing Assets/Kevin Iglesias/Human Animations/Unity Demo Scenes/Human Crafting Animations/Prefabs/Tools/Human_Knife.prefab using Guid(c3c71e39bc65d4b42b652b81c3526f50) Importer(815301076,1909f56bfc062723c751e8b465ee728b) (PreviewImporter) -> (Import Result ID: '3fc19bde5eb59d2192f6ffa75fb52ee2') in 0.0327812 seconds [static and dynamic dependencies]. Details - ImportResultOutputID=64032aba17d533bc974537861e976de3 DependenciesID=5099d054b2f8c550d78414e03d6d2f10 StaticDependenciesID=e0f0a842f506cd03fb4dd5215ea55972 
Number of updated asset objects reloaded before import = 0Number of asset objects unloaded after import = 16

========================================================================
Received Import Request.
  Time since last request: 0.000044 seconds.
  path: Assets/WeaponsAndPropsAssetPack_NAS/Prefabs/Magical/StaffDetailsBlue.prefab
  importAddress: Guid(0edf92fb1ad9ae84b88258854948f09d) Importer(815301076,1909f56bfc062723c751e8b465ee728b)
Start importing Assets/WeaponsAndPropsAssetPack_NAS/Prefabs/Magical/StaffDetailsBlue.prefab using Guid(0edf92fb1ad9ae84b88258854948f09d) Importer(815301076,1909f56bfc062723c751e8b465ee728b) (PreviewImporter) -> (Import Result ID: 'd4617bf1b36131423f2b0568d2e5b61b') in 0.0373409 seconds [static and dynamic dependencies]. Details - ImportResultOutputID=6b86e67e5a853768228f0f29370b5c41 DependenciesID=4cf6b6330b87f3886b28014a3ed516bb StaticDependenciesID=9ea51b0ab659fd518a21f51ee186c9e3 
Number of updated asset objects reloaded before import = 0Number of asset objects unloaded after import = 66

========================================================================
Received Import Request.
  Time since last request: 0.000063 seconds.
  path: Assets/Imports/LPWeapons/Prefabs/Food_03.prefab
  importAddress: Guid(dae57aea7aee8914da3ecfa4dc3e092d) Importer(815301076,1909f56bfc062723c751e8b465ee728b)
Start importing Assets/Imports/LPWeapons/Prefabs/Food_03.prefab using Guid(dae57aea7aee8914da3ecfa4dc3e092d) Importer(815301076,1909f56bfc062723c751e8b465ee728b) (PreviewImporter) -> (Import Result ID: 'e0b951344e310c44538c98891f8267ff') in 0.0282367 seconds [static and dynamic dependencies]. Details - ImportResultOutputID=b03ee1fb3719809076e571cd459e36a1 DependenciesID=091c12f28e6b6c6b317e3eb3ed61de84 StaticDependenciesID=2250b9a28f8c16f7ddd846991843a704 
Number of updated asset objects reloaded before import = 0Number of asset objects unloaded after import = 10

========================================================================
Received Import Request.
  Time since last request: 0.000047 seconds.
  path: Assets/Animations/Player/Ch21_nonPBR@Walking Backwards.fbx
  importAddress: Guid(96f0b78ffceac1047a48f60209739c10) Importer(815301076,1909f56bfc062723c751e8b465ee728b)
Start importing Assets/Animations/Player/Ch21_nonPBR@Walking Backwards.fbx using Guid(96f0b78ffceac1047a48f60209739c10) Importer(815301076,1909f56bfc062723c751e8b465ee728b) (PreviewImporter) -> (Import Result ID: '93832026fb3c84d674877f7fc1864654') in 0.0044117 seconds [static and dynamic dependencies]. Details - ImportResultOutputID=3058ed9743242a04c1badb53713a75ef DependenciesID=948191d6d1c3029099b08715425724d4 StaticDependenciesID=34cabc7b1e69f4894a6a44b933c3b647 
Number of updated asset objects reloaded before import = 0Number of asset objects unloaded after import = 135

========================================================================
Received Import Request.
  Time since last request: 0.000039 seconds.
  path: Assets/Kevin Iglesias/Human Animations/Unity Demo Scenes/Human Crafting Animations/Prefabs/Scenario/Human_GoldOre.prefab
  importAddress: Guid(5dc51b215a5b479459fe0fd8d0754109) Importer(815301076,1909f56bfc062723c751e8b465ee728b)
Start importing Assets/Kevin Iglesias/Human Animations/Unity Demo Scenes/Human Crafting Animations/Prefabs/Scenario/Human_GoldOre.prefab using Guid(5dc51b215a5b479459fe0fd8d0754109) Importer(815301076,1909f56bfc062723c751e8b465ee728b) (PreviewImporter) -> (Import Result ID: '465aa34c92c73e779811f735a8f47f67') in 0.0252345 seconds [static and dynamic dependencies]. Details - ImportResultOutputID=388e428f5d4ca3abe08eca09021f75d5 DependenciesID=714074d5f53a78baf5877218b21048f5 StaticDependenciesID=d59157998a337429d8bf0c9e175e232c 
Number of updated asset objects reloaded before import = 0Number of asset objects unloaded after import = 16

========================================================================
Received Import Request.
  Time since last request: 0.000039 seconds.
  path: Assets/WeaponsAndPropsAssetPack_NAS/Prefabs/Weapons/MetalSpear.prefab
  importAddress: Guid(d8a2f3f63a3a13542b170cd52f711f6a) Importer(815301076,1909f56bfc062723c751e8b465ee728b)
Start importing Assets/WeaponsAndPropsAssetPack_NAS/Prefabs/Weapons/MetalSpear.prefab using Guid(d8a2f3f63a3a13542b170cd52f711f6a) Importer(815301076,1909f56bfc062723c751e8b465ee728b) (PreviewImporter) -> (Import Result ID: '39cfbe9045a014f31ac4b7c93f33481c') in 0.0371174 seconds [static and dynamic dependencies]. Details - ImportResultOutputID=667d33c4f403f71361b105931a25cbbe DependenciesID=5870f43a4efe2d76b4e021573f9c9033 StaticDependenciesID=2376229a73a8fe3bf32cac63f8f3f173 
Number of updated asset objects reloaded before import = 0Number of asset objects unloaded after import = 28

========================================================================
Received Import Request.
  Time since last request: 0.000033 seconds.
  path: Assets/Imports/LPAnimals/LOW POLY CUBIC - Goat and Sheep Pack/Prefabs_HDRP/Terrain.prefab
  importAddress: Guid(d803b2e45d97f3a44b5cd8f87dafa252) Importer(815301076,1909f56bfc062723c751e8b465ee728b)
Start importing Assets/Imports/LPAnimals/LOW POLY CUBIC - Goat and Sheep Pack/Prefabs_HDRP/Terrain.prefab using Guid(d803b2e45d97f3a44b5cd8f87dafa252) Importer(815301076,1909f56bfc062723c751e8b465ee728b) (PreviewImporter) -> (Import Result ID: '58c80e377ddf0c8664c725d473b5c7a6') in 0.0228128 seconds [static and dynamic dependencies]. Details - ImportResultOutputID=322bfd149a49c1c5feb618fcaeb95e16 DependenciesID=b11ec49e3608ffabfa48c8fb12e659cf StaticDependenciesID=8c5467564d3740a8dd47813d33e8414c 
Number of updated asset objects reloaded before import = 0Number of asset objects unloaded after import = 8

========================================================================
Received Import Request.
  Time since last request: 0.000050 seconds.
  path: Assets/WeaponsAndPropsAssetPack_NAS/Prefabs/Weapons/KatanaHandleBlue.prefab
  importAddress: Guid(cb0e307f76d521247a2da058a8aa7948) Importer(815301076,1909f56bfc062723c751e8b465ee728b)
Start importing Assets/WeaponsAndPropsAssetPack_NAS/Prefabs/Weapons/KatanaHandleBlue.prefab using Guid(cb0e307f76d521247a2da058a8aa7948) Importer(815301076,1909f56bfc062723c751e8b465ee728b) (PreviewImporter) -> (Import Result ID: '7507f26ba32353f3f6aa9d05259e7584') in 0.0345781 seconds [static and dynamic dependencies]. Details - ImportResultOutputID=c4142a6a2116ea6443990ae2643d8d9a DependenciesID=7e9b0d8a25181e3f4111ccf932e95508 StaticDependenciesID=3dc0428ae0163b647ae447ae22cb60df 
Number of updated asset objects reloaded before import = 0Number of asset objects unloaded after import = 93

========================================================================
Received Import Request.
  Time since last request: 0.000055 seconds.
  path: Assets/Kevin Iglesias/Human Animations/Unity Demo Scenes/Human Crafting Animations/Prefabs/Scenario/Human_BerryBushes.prefab
  importAddress: Guid(eb894e4441d86e34e9a7b20a1c14ad00) Importer(815301076,1909f56bfc062723c751e8b465ee728b)
Start importing Assets/Kevin Iglesias/Human Animations/Unity Demo Scenes/Human Crafting Animations/Prefabs/Scenario/Human_BerryBushes.prefab using Guid(eb894e4441d86e34e9a7b20a1c14ad00) Importer(815301076,1909f56bfc062723c751e8b465ee728b) (PreviewImporter) -> (Import Result ID: '6713ddad5404b6d49fd99e063e640687') in 0.0271394 seconds [static and dynamic dependencies]. Details - ImportResultOutputID=887ac3c5e6cb99ba4680ba27ff68c79d DependenciesID=66143f1031096055c3344883c0802ab5 StaticDependenciesID=2f485de04b0cf80f6991cbb392bd2cc6 
Number of updated asset objects reloaded before import = 0Number of asset objects unloaded after import = 16

========================================================================
Received Import Request.
  Time since last request: 0.000033 seconds.
  path: Assets/Prefabs/UI/Item.prefab
  importAddress: Guid(272f75f358561bd4b8a0ab0d62b20220) Importer(815301076,1909f56bfc062723c751e8b465ee728b)
Start importing Assets/Prefabs/UI/Item.prefab using Guid(272f75f358561bd4b8a0ab0d62b20220) Importer(815301076,1909f56bfc062723c751e8b465ee728b) (PreviewImporter) -> (Import Result ID: 'e2d33c0fd754f126b5f435137184e488') in 0.0299189 seconds [static and dynamic dependencies]. Details - ImportResultOutputID=4fbb2b51bbd03f2ef5daec6828ec1514 DependenciesID=e750974d6e0b6570ea1eca9480008725 StaticDependenciesID=c02d4eb960f847b78a7018ec8152574a 
Number of updated asset objects reloaded before import = 0Number of asset objects unloaded after import = 34

========================================================================
Received Import Request.
  Time since last request: 0.000031 seconds.
  path: Assets/Imports/Food/Meshes/BreadCut.fbx
  importAddress: Guid(797f8ccf8355fc14fa4e7c11c5ad27a4) Importer(815301076,1909f56bfc062723c751e8b465ee728b)
Start importing Assets/Imports/Food/Meshes/BreadCut.fbx using Guid(797f8ccf8355fc14fa4e7c11c5ad27a4) Importer(815301076,1909f56bfc062723c751e8b465ee728b) (PreviewImporter) -> (Import Result ID: '50d5de611b45dd6ae92cf8bac5c12016') in 0.0954421 seconds [static and dynamic dependencies]. Details - ImportResultOutputID=239d5439c663cc470ef2989964737fbd DependenciesID=e3828e95cd13755a81cf6ec1b8048946 StaticDependenciesID=7f71f7d549cdd0e5a7a9eca8b88a0791 
Number of updated asset objects reloaded before import = 0Number of asset objects unloaded after import = 16

========================================================================
Received Import Request.
  Time since last request: 46.074615 seconds.
  path: Assets/Imports/LPEnvirement/Lowpoly_Village/Sources/Meshes/Modular/Fence/PT_Modular_Fence_Wood_01.fbx
  importAddress: Guid(ed920bad5318ee347ad3e34dd82e273f) Importer(815301076,1909f56bfc062723c751e8b465ee728b)
Start importing Assets/Imports/LPEnvirement/Lowpoly_Village/Sources/Meshes/Modular/Fence/PT_Modular_Fence_Wood_01.fbx using Guid(ed920bad5318ee347ad3e34dd82e273f) Importer(815301076,1909f56bfc062723c751e8b465ee728b) (PreviewImporter)MaterialLocation.External is obsolete. External Material Location is no longer supported. (Assets/Imports/LPEnvirement/Lowpoly_Village/Sources/Meshes/Modular/Fence/PT_Modular_Fence_Wood_01.fbx)
 -> (Import Result ID: '3b7242cd220aaaa1708f8c8142d38190') in 0.0381573 seconds [static and dynamic dependencies]. Details - ImportResultOutputID=abe9b39f5c1c4001581f484d43be2698 DependenciesID=e7a1f98cf20e1bac35d46dd6954376d3 StaticDependenciesID=48f716d3ead91797074f538047e392a0 
Number of updated asset objects reloaded before import = 0Number of asset objects unloaded after import = 11

========================================================================
Received Import Request.
  Time since last request: 0.000034 seconds.
  path: Assets/Imports/LPEnvirement/Lowpoly_Village/Sources/Meshes/Modular/Bridge/PT_Wooden_Bridge_02.fbx
  importAddress: Guid(06585c4a497d08f4591a54ccfdb05bcf) Importer(815301076,1909f56bfc062723c751e8b465ee728b)
Start importing Assets/Imports/LPEnvirement/Lowpoly_Village/Sources/Meshes/Modular/Bridge/PT_Wooden_Bridge_02.fbx using Guid(06585c4a497d08f4591a54ccfdb05bcf) Importer(815301076,1909f56bfc062723c751e8b465ee728b) (PreviewImporter)MaterialLocation.External is obsolete. External Material Location is no longer supported. (Assets/Imports/LPEnvirement/Lowpoly_Village/Sources/Meshes/Modular/Bridge/PT_Wooden_Bridge_02.fbx)
 -> (Import Result ID: '1f37f7ece015b5ff2552187d0c25df21') in 0.0836135 seconds [static and dynamic dependencies]. Details - ImportResultOutputID=da7e76e7168f296e9c266742c5a0f54d DependenciesID=5a689690819566fa63c2ef9e4b7cbdd1 StaticDependenciesID=05b952d6b179ff3b38291367574eb7af 
Number of updated asset objects reloaded before import = 0Number of asset objects unloaded after import = 20

========================================================================
Received Import Request.
  Time since last request: 0.000044 seconds.
  path: Assets/Imports/LPEnvirement/Lowpoly_Village/Sources/Meshes/Modular/Fence/PT_Modular_Fence_Wood_03.fbx
  importAddress: Guid(955f7ab7f12013b42b2aa2e494846f3a) Importer(815301076,1909f56bfc062723c751e8b465ee728b)
Start importing Assets/Imports/LPEnvirement/Lowpoly_Village/Sources/Meshes/Modular/Fence/PT_Modular_Fence_Wood_03.fbx using Guid(955f7ab7f12013b42b2aa2e494846f3a) Importer(815301076,1909f56bfc062723c751e8b465ee728b) (PreviewImporter)MaterialLocation.External is obsolete. External Material Location is no longer supported. (Assets/Imports/LPEnvirement/Lowpoly_Village/Sources/Meshes/Modular/Fence/PT_Modular_Fence_Wood_03.fbx)
 -> (Import Result ID: '905af3f51e3c25983827a4836f0548f8') in 0.0315252 seconds [static and dynamic dependencies]. Details - ImportResultOutputID=22c36936d703efbaeb2f22de9e1a3ee7 DependenciesID=cf3d499b7bb7bd55d88390a939a5ccdc StaticDependenciesID=633f71b0735111383673fd42b81bef60 
Number of updated asset objects reloaded before import = 0Number of asset objects unloaded after import = 11

========================================================================
Received Prepare
Begin MonoManager ReloadAssembly
[Licensing::Client] Successfully resolved entitlement details
[Licensing::Module] License group:
  Id: F4-QRE9-8MP4-8W6G-CU99-XXXX
  Product: Unity Personal
  Type: ULF
  Expiration: Unlimited
[Licensing::Module] License group:
  Id: 115982-UnityPersXXXX
  Product: Unity Personal
  Type: Assigned
  Expiration: Unlimited
Assembly Assembly-CSharp-Editor-firstpass.dll at Library/ScriptAssemblies/Assembly-CSharp-Editor-firstpass.dll not valid. Loading of assembly skipped.
Assembly DocCodeExamples.dll at Library/ScriptAssemblies/DocCodeExamples.dll not valid. Loading of assembly skipped.
Assembly TestNewCustomAssembly.dll at Library/ScriptAssemblies/TestNewCustomAssembly.dll not valid. Loading of assembly skipped.
Assembly Unity.Collections.BurstCompatibilityGen.dll at Library/ScriptAssemblies/Unity.Collections.BurstCompatibilityGen.dll not valid. Loading of assembly skipped.
Assembly Unity.Collections.DocCodeSamples.dll at Library/ScriptAssemblies/Unity.Collections.DocCodeSamples.dll not valid. Loading of assembly skipped.
Assembly Unity.Collections.PerformanceTests.dll at Library/ScriptAssemblies/Unity.Collections.PerformanceTests.dll not valid. Loading of assembly skipped.
Assembly Unity.Collections.Tests.dll at Library/ScriptAssemblies/Unity.Collections.Tests.dll not valid. Loading of assembly skipped.
Assembly Unity.Collections.Tests.Playmode.dll at Library/ScriptAssemblies/Unity.Collections.Tests.Playmode.dll not valid. Loading of assembly skipped.
Assembly Unity.Mathematics.Tests.dll at Library/ScriptAssemblies/Unity.Mathematics.Tests.dll not valid. Loading of assembly skipped.
Assembly Unity.Multiplayer.Center.Editor.Tests.dll at Library/ScriptAssemblies/Unity.Multiplayer.Center.Editor.Tests.dll not valid. Loading of assembly skipped.
Assembly Unity.Multiplayer.Center.Tests.dll at Library/ScriptAssemblies/Unity.Multiplayer.Center.Tests.dll not valid. Loading of assembly skipped.
Assembly Unity.Nuget.Mono-Cecil.dll at Library/ScriptAssemblies/Unity.Nuget.Mono-Cecil.dll not valid. Loading of assembly skipped.
Assembly Unity.PathTracing.Editor.Tests.dll at Library/ScriptAssemblies/Unity.PathTracing.Editor.Tests.dll not valid. Loading of assembly skipped.
Assembly Unity.PathTracing.Runtime.Tests.dll at Library/ScriptAssemblies/Unity.PathTracing.Runtime.Tests.dll not valid. Loading of assembly skipped.
Assembly Unity.Performance.Profile-Analyzer.EditorTests.dll at Library/ScriptAssemblies/Unity.Performance.Profile-Analyzer.EditorTests.dll not valid. Loading of assembly skipped.
Assembly Unity.Postprocessing.Editor.Tests.dll at Library/ScriptAssemblies/Unity.Postprocessing.Editor.Tests.dll not valid. Loading of assembly skipped.
Assembly Unity.Postprocessing.Runtime.Tests.dll at Library/ScriptAssemblies/Unity.Postprocessing.Runtime.Tests.dll not valid. Loading of assembly skipped.
Assembly Unity.RenderPipelines.Core.Editor.Tests.dll at Library/ScriptAssemblies/Unity.RenderPipelines.Core.Editor.Tests.dll not valid. Loading of assembly skipped.
Assembly Unity.RenderPipelines.Core.Runtime.Tests.dll at Library/ScriptAssemblies/Unity.RenderPipelines.Core.Runtime.Tests.dll not valid. Loading of assembly skipped.
Assembly Unity.RenderPipelines.Universal.Config.Editor.Tests.dll at Library/ScriptAssemblies/Unity.RenderPipelines.Universal.Config.Editor.Tests.dll not valid. Loading of assembly skipped.
Assembly Unity.RenderPipelines.Universal.Editor.Tests.dll at Library/ScriptAssemblies/Unity.RenderPipelines.Universal.Editor.Tests.dll not valid. Loading of assembly skipped.
Assembly Unity.RenderPipelines.Universal.Runtime.Tests.dll at Library/ScriptAssemblies/Unity.RenderPipelines.Universal.Runtime.Tests.dll not valid. Loading of assembly skipped.
Assembly Unity.Searcher.EditorTests.dll at Library/ScriptAssemblies/Unity.Searcher.EditorTests.dll not valid. Loading of assembly skipped.
Assembly Unity.Settings.Tests.dll at Library/ScriptAssemblies/Unity.Settings.Tests.dll not valid. Loading of assembly skipped.
Assembly Unity.ShaderGraph.Editor.Tests.dll at Library/ScriptAssemblies/Unity.ShaderGraph.Editor.Tests.dll not valid. Loading of assembly skipped.
Assembly Unity.TestTools.CodeCoverage.Editor.Compatibility.dll at Library/ScriptAssemblies/Unity.TestTools.CodeCoverage.Editor.Compatibility.dll not valid. Loading of assembly skipped.
Assembly Unity.TextMeshPro.Editor.Tests.dll at Library/ScriptAssemblies/Unity.TextMeshPro.Editor.Tests.dll not valid. Loading of assembly skipped.
Assembly Unity.TextMeshPro.Tests.dll at Library/ScriptAssemblies/Unity.TextMeshPro.Tests.dll not valid. Loading of assembly skipped.
Assembly Unity.UnifiedRayTracing.Editor.Tests.dll at Library/ScriptAssemblies/Unity.UnifiedRayTracing.Editor.Tests.dll not valid. Loading of assembly skipped.
Assembly UnityEditor.UI.Common.Tests.dll at Library/ScriptAssemblies/UnityEditor.UI.Common.Tests.dll not valid. Loading of assembly skipped.
Assembly UnityEditor.UI.EditorTests.dll at Library/ScriptAssemblies/UnityEditor.UI.EditorTests.dll not valid. Loading of assembly skipped.
Assembly UnityEngine.UI.Tests.dll at Library/ScriptAssemblies/UnityEngine.UI.Tests.dll not valid. Loading of assembly skipped.
Script 'Tree' has the same name as built-in Unity component.
AddComponent and GetComponent will not work with this script.
Refreshing native plugins compatible for Editor in 2.49 ms, found 4 plugins.
Assertion failed on expression: 'pred(*previous, *i)'
Assertion failed on expression: 'pred(*previous, *i)'
Assertion failed on expression: 'pred(*previous, *i)'
Assertion failed on expression: 'pred(*previous, *i)'
Assertion failed on expression: 'pred(*previous, *i)'
Assertion failed on expression: 'pred(*previous, *i)'
Assertion failed on expression: 'pred(*previous, *i)'
Assertion failed on expression: 'pred(*previous, *i)'
Assertion failed on expression: 'pred(*previous, *i)'
Assertion failed on expression: 'pred(*previous, *i)'
Assertion failed on expression: 'pred(*previous, *i)'
Assertion failed on expression: 'pred(*previous, *i)'
Assertion failed on expression: 'pred(*previous, *i)'
Assertion failed on expression: 'pred(*previous, *i)'
Assertion failed on expression: 'pred(*previous, *i)'
Assertion failed on expression: 'pred(*previous, *i)'
Assertion failed on expression: 'pred(*previous, *i)'
Assertion failed on expression: 'pred(*previous, *i)'
Assertion failed on expression: 'pred(*previous, *i)'
Assertion failed on expression: 'pred(*previous, *i)'
Assertion failed on expression: 'pred(*previous, *i)'
Assertion failed on expression: 'pred(*previous, *i)'
Assertion failed on expression: 'pred(*previous, *i)'
Assertion failed on expression: 'pred(*previous, *i)'
Assertion failed on expression: 'pred(*previous, *i)'
Assertion failed on expression: 'pred(*previous, *i)'
Assertion failed on expression: 'pred(*previous, *i)'
Assertion failed on expression: 'pred(*previous, *i)'
Assertion failed on expression: 'pred(*previous, *i)'
Assertion failed on expression: 'pred(*previous, *i)'
Assertion failed on expression: 'pred(*previous, *i)'
Assertion failed on expression: 'pred(*previous, *i)'
Assertion failed on expression: 'pred(*previous, *i)'
Assertion failed on expression: 'pred(*previous, *i)'
Assertion failed on expression: 'pred(*previous, *i)'
Assertion failed on expression: 'pred(*previous, *i)'
Assertion failed on expression: 'pred(*previous, *i)'
Assertion failed on expression: 'pred(*previous, *i)'
Assertion failed on expression: 'pred(*previous, *i)'
Assertion failed on expression: 'pred(*previous, *i)'
Assertion failed on expression: 'pred(*previous, *i)'
Assertion failed on expression: 'pred(*previous, *i)'
Assertion failed on expression: 'pred(*previous, *i)'
Assertion failed on expression: 'pred(*previous, *i)'
Assertion failed on expression: 'pred(*previous, *i)'
Assertion failed on expression: 'pred(*previous, *i)'
Assertion failed on expression: 'pred(*previous, *i)'
Assertion failed on expression: 'pred(*previous, *i)'
Assertion failed on expression: 'pred(*previous, *i)'
Assertion failed on expression: 'pred(*previous, *i)'
Assertion failed on expression: 'pred(*previous, *i)'
Assertion failed on expression: 'pred(*previous, *i)'
Assertion failed on expression: 'pred(*previous, *i)'
Assertion failed on expression: 'pred(*previous, *i)'
Assertion failed on expression: 'pred(*previous, *i)'
Assertion failed on expression: 'pred(*previous, *i)'
Assertion failed on expression: 'pred(*previous, *i)'
Assertion failed on expression: 'pred(*previous, *i)'
Assertion failed on expression: 'pred(*previous, *i)'
Assertion failed on expression: 'pred(*previous, *i)'
Assertion failed on expression: 'pred(*previous, *i)'
Assertion failed on expression: 'pred(*previous, *i)'
Assertion failed on expression: 'pred(*previous, *i)'
Assertion failed on expression: 'pred(*previous, *i)'
Assertion failed on expression: 'pred(*previous, *i)'
Assertion failed on expression: 'pred(*previous, *i)'
Assertion failed on expression: 'pred(*previous, *i)'
Assertion failed on expression: 'pred(*previous, *i)'
Assertion failed on expression: 'pred(*previous, *i)'
Assertion failed on expression: 'pred(*previous, *i)'
Assertion failed on expression: 'pred(*previous, *i)'
Assertion failed on expression: 'pred(*previous, *i)'
Assertion failed on expression: 'pred(*previous, *i)'
Assertion failed on expression: 'pred(*previous, *i)'
Assertion failed on expression: 'pred(*previous, *i)'
Assertion failed on expression: 'pred(*previous, *i)'
Assertion failed on expression: 'pred(*previous, *i)'
Assertion failed on expression: 'pred(*previous, *i)'
Assertion failed on expression: 'pred(*previous, *i)'
Assertion failed on expression: 'pred(*previous, *i)'
Assertion failed on expression: 'pred(*previous, *i)'
Assertion failed on expression: 'pred(*previous, *i)'
Assertion failed on expression: 'pred(*previous, *i)'
Assertion failed on expression: 'pred(*previous, *i)'
Assertion failed on expression: 'pred(*previous, *i)'
Assertion failed on expression: 'pred(*previous, *i)'
Assertion failed on expression: 'pred(*previous, *i)'
Assertion failed on expression: 'pred(*previous, *i)'
Assertion failed on expression: 'pred(*previous, *i)'
Assertion failed on expression: 'pred(*previous, *i)'
Assertion failed on expression: 'pred(*previous, *i)'
Assertion failed on expression: 'pred(*previous, *i)'
Assertion failed on expression: 'pred(*previous, *i)'
Assertion failed on expression: 'pred(*previous, *i)'
Assertion failed on expression: 'pred(*previous, *i)'
Assertion failed on expression: 'pred(*previous, *i)'
Assertion failed on expression: 'pred(*previous, *i)'
Assertion failed on expression: 'pred(*previous, *i)'
Assertion failed on expression: 'pred(*previous, *i)'
Assertion failed on expression: 'pred(*previous, *i)'
Assertion failed on expression: 'pred(*previous, *i)'
Assertion failed on expression: 'pred(*previous, *i)'
Assertion failed on expression: 'pred(*previous, *i)'
Assertion failed on expression: 'pred(*previous, *i)'
Assertion failed on expression: 'pred(*previous, *i)'
Assertion failed on expression: 'pred(*previous, *i)'
Assertion failed on expression: 'pred(*previous, *i)'
Assertion failed on expression: 'pred(*previous, *i)'
Assertion failed on expression: 'pred(*previous, *i)'
Assertion failed on expression: 'pred(*previous, *i)'
Assertion failed on expression: 'pred(*previous, *i)'
Assertion failed on expression: 'pred(*previous, *i)'
Assertion failed on expression: 'pred(*previous, *i)'
Assertion failed on expression: 'pred(*previous, *i)'
Assertion failed on expression: 'pred(*previous, *i)'
Assertion failed on expression: 'pred(*previous, *i)'
Assertion failed on expression: 'pred(*previous, *i)'
Assertion failed on expression: 'pred(*previous, *i)'
Assertion failed on expression: 'pred(*previous, *i)'
Assertion failed on expression: 'pred(*previous, *i)'
Assertion failed on expression: 'pred(*previous, *i)'
Assertion failed on expression: 'pred(*previous, *i)'
Assertion failed on expression: 'pred(*previous, *i)'
Assertion failed on expression: 'pred(*previous, *i)'
Assertion failed on expression: 'pred(*previous, *i)'
Assertion failed on expression: 'pred(*previous, *i)'
Assertion failed on expression: 'pred(*previous, *i)'
Assertion failed on expression: 'pred(*previous, *i)'
Assertion failed on expression: 'pred(*previous, *i)'
Assertion failed on expression: 'pred(*previous, *i)'
Assertion failed on expression: 'pred(*previous, *i)'
Assertion failed on expression: 'pred(*previous, *i)'
Assertion failed on expression: 'pred(*previous, *i)'
Assertion failed on expression: 'pred(*previous, *i)'
Assertion failed on expression: 'pred(*previous, *i)'
Assertion failed on expression: 'pred(*previous, *i)'
Assertion failed on expression: 'pred(*previous, *i)'
Assertion failed on expression: 'pred(*previous, *i)'
Assertion failed on expression: 'pred(*previous, *i)'
Assertion failed on expression: 'pred(*previous, *i)'
Assertion failed on expression: 'pred(*previous, *i)'
Assertion failed on expression: 'pred(*previous, *i)'
Assertion failed on expression: 'pred(*previous, *i)'
Assertion failed on expression: 'pred(*previous, *i)'
Assertion failed on expression: 'pred(*previous, *i)'
Assertion failed on expression: 'pred(*previous, *i)'
Assertion failed on expression: 'pred(*previous, *i)'
Assertion failed on expression: 'pred(*previous, *i)'
Assertion failed on expression: 'pred(*previous, *i)'
Assertion failed on expression: 'pred(*previous, *i)'
Assertion failed on expression: 'pred(*previous, *i)'
Assertion failed on expression: 'pred(*previous, *i)'
Assertion failed on expression: 'pred(*previous, *i)'
Assertion failed on expression: 'pred(*previous, *i)'
Assertion failed on expression: 'pred(*previous, *i)'
Assertion failed on expression: 'pred(*previous, *i)'
Assertion failed on expression: 'pred(*previous, *i)'
Assertion failed on expression: 'pred(*previous, *i)'
Assertion failed on expression: 'pred(*previous, *i)'
Assertion failed on expression: 'pred(*previous, *i)'
Assertion failed on expression: 'pred(*previous, *i)'
Assertion failed on expression: 'pred(*previous, *i)'
Assertion failed on expression: 'pred(*previous, *i)'
Assertion failed on expression: 'pred(*previous, *i)'
Assertion failed on expression: 'pred(*previous, *i)'
Assertion failed on expression: 'pred(*previous, *i)'
Assertion failed on expression: 'pred(*previous, *i)'
Assertion failed on expression: 'pred(*previous, *i)'
Assertion failed on expression: 'pred(*previous, *i)'
Assertion failed on expression: 'pred(*previous, *i)'
Assertion failed on expression: 'pred(*previous, *i)'
Assertion failed on expression: 'pred(*previous, *i)'
Assertion failed on expression: 'pred(*previous, *i)'
Assertion failed on expression: 'pred(*previous, *i)'
Assertion failed on expression: 'pred(*previous, *i)'
Assertion failed on expression: 'pred(*previous, *i)'
Assertion failed on expression: 'pred(*previous, *i)'
Assertion failed on expression: 'pred(*previous, *i)'
Assertion failed on expression: 'pred(*previous, *i)'
Assertion failed on expression: 'pred(*previous, *i)'
Assertion failed on expression: 'pred(*previous, *i)'
Assertion failed on expression: 'pred(*previous, *i)'
Assertion failed on expression: 'pred(*previous, *i)'
Assertion failed on expression: 'pred(*previous, *i)'
Assertion failed on expression: 'pred(*previous, *i)'
Assertion failed on expression: 'pred(*previous, *i)'
Assertion failed on expression: 'pred(*previous, *i)'
Assertion failed on expression: 'pred(*previous, *i)'
Assertion failed on expression: 'pred(*previous, *i)'
Assertion failed on expression: 'pred(*previous, *i)'
Assertion failed on expression: 'pred(*previous, *i)'
Assertion failed on expression: 'pred(*previous, *i)'
Assertion failed on expression: 'pred(*previous, *i)'
Assertion failed on expression: 'pred(*previous, *i)'
Assertion failed on expression: 'pred(*previous, *i)'
Assertion failed on expression: 'pred(*previous, *i)'
Assertion failed on expression: 'pred(*previous, *i)'
Assertion failed on expression: 'pred(*previous, *i)'
Assertion failed on expression: 'pred(*previous, *i)'
Assertion failed on expression: 'pred(*previous, *i)'
Assertion failed on expression: 'pred(*previous, *i)'
Assertion failed on expression: 'pred(*previous, *i)'
Assertion failed on expression: 'pred(*previous, *i)'
Assertion failed on expression: 'pred(*previous, *i)'
Assertion failed on expression: 'pred(*previous, *i)'
Assertion failed on expression: 'pred(*previous, *i)'
Assertion failed on expression: 'pred(*previous, *i)'
Assertion failed on expression: 'pred(*previous, *i)'
Assertion failed on expression: 'pred(*previous, *i)'
Assertion failed on expression: 'pred(*previous, *i)'
Assertion failed on expression: 'pred(*previous, *i)'
Assertion failed on expression: 'pred(*previous, *i)'
Assertion failed on expression: 'pred(*previous, *i)'
Assertion failed on expression: 'pred(*previous, *i)'
Assertion failed on expression: 'pred(*previous, *i)'
Assertion failed on expression: 'pred(*previous, *i)'
Assertion failed on expression: 'pred(*previous, *i)'
Assertion failed on expression: 'pred(*previous, *i)'
Assertion failed on expression: 'pred(*previous, *i)'
Assertion failed on expression: 'pred(*previous, *i)'
Assertion failed on expression: 'pred(*previous, *i)'
Assertion failed on expression: 'pred(*previous, *i)'
Assertion failed on expression: 'pred(*previous, *i)'
Assertion failed on expression: 'pred(*previous, *i)'
Assertion failed on expression: 'pred(*previous, *i)'
Assertion failed on expression: 'pred(*previous, *i)'
Assertion failed on expression: 'pred(*previous, *i)'
Assertion failed on expression: 'pred(*previous, *i)'
Assertion failed on expression: 'pred(*previous, *i)'
Assertion failed on expression: 'pred(*previous, *i)'
Assertion failed on expression: 'pred(*previous, *i)'
Assertion failed on expression: 'pred(*previous, *i)'
Assertion failed on expression: 'pred(*previous, *i)'
Assertion failed on expression: 'pred(*previous, *i)'
Assertion failed on expression: 'pred(*previous, *i)'
Assertion failed on expression: 'pred(*previous, *i)'
Assertion failed on expression: 'pred(*previous, *i)'
Assertion failed on expression: 'pred(*previous, *i)'
Assertion failed on expression: 'pred(*previous, *i)'
Assertion failed on expression: 'pred(*previous, *i)'
Assertion failed on expression: 'pred(*previous, *i)'
Assertion failed on expression: 'pred(*previous, *i)'
Assertion failed on expression: 'pred(*previous, *i)'
Assertion failed on expression: 'pred(*previous, *i)'
Assertion failed on expression: 'pred(*previous, *i)'
Assertion failed on expression: 'pred(*previous, *i)'
Assertion failed on expression: 'pred(*previous, *i)'
Assertion failed on expression: 'pred(*previous, *i)'
Assertion failed on expression: 'pred(*previous, *i)'
Assertion failed on expression: 'pred(*previous, *i)'
Assertion failed on expression: 'pred(*previous, *i)'
Assertion failed on expression: 'pred(*previous, *i)'
Assertion failed on expression: 'pred(*previous, *i)'
Assertion failed on expression: 'pred(*previous, *i)'
Assertion failed on expression: 'pred(*previous, *i)'
Assertion failed on expression: 'pred(*previous, *i)'
Assertion failed on expression: 'pred(*previous, *i)'
Assertion failed on expression: 'pred(*previous, *i)'
Assertion failed on expression: 'pred(*previous, *i)'
Assertion failed on expression: 'pred(*previous, *i)'
Assertion failed on expression: 'pred(*previous, *i)'
Assertion failed on expression: 'pred(*previous, *i)'
Assertion failed on expression: 'pred(*previous, *i)'
Assertion failed on expression: 'pred(*previous, *i)'
Assertion failed on expression: 'pred(*previous, *i)'
Assertion failed on expression: 'pred(*previous, *i)'
Assertion failed on expression: 'pred(*previous, *i)'
Assertion failed on expression: 'pred(*previous, *i)'
Assertion failed on expression: 'pred(*previous, *i)'
Assertion failed on expression: 'pred(*previous, *i)'
Assertion failed on expression: 'pred(*previous, *i)'
Assertion failed on expression: 'pred(*previous, *i)'
Assertion failed on expression: 'pred(*previous, *i)'
Assertion failed on expression: 'pred(*previous, *i)'
Assertion failed on expression: 'pred(*previous, *i)'
Assertion failed on expression: 'pred(*previous, *i)'
Assertion failed on expression: 'pred(*previous, *i)'
Assertion failed on expression: 'pred(*previous, *i)'
Assertion failed on expression: 'pred(*previous, *i)'
Assertion failed on expression: 'pred(*previous, *i)'
Assertion failed on expression: 'pred(*previous, *i)'
Assertion failed on expression: 'pred(*previous, *i)'
Assertion failed on expression: 'pred(*previous, *i)'
Assertion failed on expression: 'pred(*previous, *i)'
Assertion failed on expression: 'pred(*previous, *i)'
Assertion failed on expression: 'pred(*previous, *i)'
Assertion failed on expression: 'pred(*previous, *i)'
Assertion failed on expression: 'pred(*previous, *i)'
Assertion failed on expression: 'pred(*previous, *i)'
Assertion failed on expression: 'pred(*previous, *i)'
Assertion failed on expression: 'pred(*previous, *i)'
Assertion failed on expression: 'pred(*previous, *i)'
Assertion failed on expression: 'pred(*previous, *i)'
Assertion failed on expression: 'pred(*previous, *i)'
Assertion failed on expression: 'pred(*previous, *i)'
Assertion failed on expression: 'pred(*previous, *i)'
Assertion failed on expression: 'pred(*previous, *i)'
Assertion failed on expression: 'pred(*previous, *i)'
Assertion failed on expression: 'pred(*previous, *i)'
Assertion failed on expression: 'pred(*previous, *i)'
Assertion failed on expression: 'pred(*previous, *i)'
Assertion failed on expression: 'pred(*previous, *i)'
Assertion failed on expression: 'pred(*previous, *i)'
Assertion failed on expression: 'pred(*previous, *i)'
Assertion failed on expression: 'pred(*previous, *i)'
Assertion failed on expression: 'pred(*previous, *i)'
Assertion failed on expression: 'pred(*previous, *i)'
Assertion failed on expression: 'pred(*previous, *i)'
Assertion failed on expression: 'pred(*previous, *i)'
Assertion failed on expression: 'pred(*previous, *i)'
Assertion failed on expression: 'pred(*previous, *i)'
Assertion failed on expression: 'pred(*previous, *i)'
Assertion failed on expression: 'pred(*previous, *i)'
Assertion failed on expression: 'pred(*previous, *i)'
Assertion failed on expression: 'pred(*previous, *i)'
Assertion failed on expression: 'pred(*previous, *i)'
Assertion failed on expression: 'pred(*previous, *i)'
Assertion failed on expression: 'pred(*previous, *i)'
Assertion failed on expression: 'pred(*previous, *i)'
Assertion failed on expression: 'pred(*previous, *i)'
Assertion failed on expression: 'pred(*previous, *i)'
Assertion failed on expression: 'pred(*previous, *i)'
Assertion failed on expression: 'pred(*previous, *i)'
Assertion failed on expression: 'pred(*previous, *i)'
Assertion failed on expression: 'pred(*previous, *i)'
Assertion failed on expression: 'pred(*previous, *i)'
Assertion failed on expression: 'pred(*previous, *i)'
Assertion failed on expression: 'pred(*previous, *i)'
Assertion failed on expression: 'pred(*previous, *i)'
Assertion failed on expression: 'pred(*previous, *i)'
Assertion failed on expression: 'pred(*previous, *i)'
Assertion failed on expression: 'pred(*previous, *i)'
Assertion failed on expression: 'pred(*previous, *i)'
Assertion failed on expression: 'pred(*previous, *i)'
Assertion failed on expression: 'pred(*previous, *i)'
Assertion failed on expression: 'pred(*previous, *i)'
Assertion failed on expression: 'pred(*previous, *i)'
Assertion failed on expression: 'pred(*previous, *i)'
Assertion failed on expression: 'pred(*previous, *i)'
Assertion failed on expression: 'pred(*previous, *i)'
Assertion failed on expression: 'pred(*previous, *i)'
Assertion failed on expression: 'pred(*previous, *i)'
Assertion failed on expression: 'pred(*previous, *i)'
Assertion failed on expression: 'pred(*previous, *i)'
Assertion failed on expression: 'pred(*previous, *i)'
Assertion failed on expression: 'pred(*previous, *i)'
Assertion failed on expression: 'pred(*previous, *i)'
Assertion failed on expression: 'pred(*previous, *i)'
Assertion failed on expression: 'pred(*previous, *i)'
Assertion failed on expression: 'pred(*previous, *i)'
Assertion failed on expression: 'pred(*previous, *i)'
Assertion failed on expression: 'pred(*previous, *i)'
Assertion failed on expression: 'pred(*previous, *i)'
Assertion failed on expression: 'pred(*previous, *i)'
Assertion failed on expression: 'pred(*previous, *i)'
Assertion failed on expression: 'pred(*previous, *i)'
Assertion failed on expression: 'pred(*previous, *i)'
Assertion failed on expression: 'pred(*previous, *i)'
Assertion failed on expression: 'pred(*previous, *i)'
Assertion failed on expression: 'pred(*previous, *i)'
Assertion failed on expression: 'pred(*previous, *i)'
Assertion failed on expression: 'pred(*previous, *i)'
Assertion failed on expression: 'pred(*previous, *i)'
Assertion failed on expression: 'pred(*previous, *i)'
Assertion failed on expression: 'pred(*previous, *i)'
Assertion failed on expression: 'pred(*previous, *i)'
Assertion failed on expression: 'pred(*previous, *i)'
Assertion failed on expression: 'pred(*previous, *i)'
Assertion failed on expression: 'pred(*previous, *i)'
Assertion failed on expression: 'pred(*previous, *i)'
Assertion failed on expression: 'pred(*previous, *i)'
Assertion failed on expression: 'pred(*previous, *i)'
Assertion failed on expression: 'pred(*previous, *i)'
Assertion failed on expression: 'pred(*previous, *i)'
Assertion failed on expression: 'pred(*previous, *i)'
Assertion failed on expression: 'pred(*previous, *i)'
Assertion failed on expression: 'pred(*previous, *i)'
Assertion failed on expression: 'pred(*previous, *i)'
Assertion failed on expression: 'pred(*previous, *i)'
Assertion failed on expression: 'pred(*previous, *i)'
Assertion failed on expression: 'pred(*previous, *i)'
Assertion failed on expression: 'pred(*previous, *i)'
Assertion failed on expression: 'pred(*previous, *i)'
Assertion failed on expression: 'pred(*previous, *i)'
Assertion failed on expression: 'pred(*previous, *i)'
Assertion failed on expression: 'pred(*previous, *i)'
Assertion failed on expression: 'pred(*previous, *i)'
Assertion failed on expression: 'pred(*previous, *i)'
Assertion failed on expression: 'pred(*previous, *i)'
Assertion failed on expression: 'pred(*previous, *i)'
Assertion failed on expression: 'pred(*previous, *i)'
Assertion failed on expression: 'pred(*previous, *i)'
Assertion failed on expression: 'pred(*previous, *i)'
Assertion failed on expression: 'pred(*previous, *i)'
Assertion failed on expression: 'pred(*previous, *i)'
Assertion failed on expression: 'pred(*previous, *i)'
Assertion failed on expression: 'pred(*previous, *i)'
Assertion failed on expression: 'pred(*previous, *i)'
Assertion failed on expression: 'pred(*previous, *i)'
Assertion failed on expression: 'pred(*previous, *i)'
Assertion failed on expression: 'pred(*previous, *i)'
Assertion failed on expression: 'pred(*previous, *i)'
Assertion failed on expression: 'pred(*previous, *i)'
Assertion failed on expression: 'pred(*previous, *i)'
Assertion failed on expression: 'pred(*previous, *i)'
Assertion failed on expression: 'pred(*previous, *i)'
Assertion failed on expression: 'pred(*previous, *i)'
Assertion failed on expression: 'pred(*previous, *i)'
Assertion failed on expression: 'pred(*previous, *i)'
Assertion failed on expression: 'pred(*previous, *i)'
Assertion failed on expression: 'pred(*previous, *i)'
Assertion failed on expression: 'pred(*previous, *i)'
Assertion failed on expression: 'pred(*previous, *i)'
Assertion failed on expression: 'pred(*previous, *i)'
Assertion failed on expression: 'pred(*previous, *i)'
Assertion failed on expression: 'pred(*previous, *i)'
Assertion failed on expression: 'pred(*previous, *i)'
Assertion failed on expression: 'pred(*previous, *i)'
Assertion failed on expression: 'pred(*previous, *i)'
Assertion failed on expression: 'pred(*previous, *i)'
Assertion failed on expression: 'pred(*previous, *i)'
Assertion failed on expression: 'pred(*previous, *i)'
Assertion failed on expression: 'pred(*previous, *i)'
Assertion failed on expression: 'pred(*previous, *i)'
Assertion failed on expression: 'pred(*previous, *i)'
Assertion failed on expression: 'pred(*previous, *i)'
Assertion failed on expression: 'pred(*previous, *i)'
Assertion failed on expression: 'pred(*previous, *i)'
Assertion failed on expression: 'pred(*previous, *i)'
Assertion failed on expression: 'pred(*previous, *i)'
Assertion failed on expression: 'pred(*previous, *i)'
Assertion failed on expression: 'pred(*previous, *i)'
Assertion failed on expression: 'pred(*previous, *i)'
Assertion failed on expression: 'pred(*previous, *i)'
Assertion failed on expression: 'pred(*previous, *i)'
Assertion failed on expression: 'pred(*previous, *i)'
Assertion failed on expression: 'pred(*previous, *i)'
Assertion failed on expression: 'pred(*previous, *i)'
Assertion failed on expression: 'pred(*previous, *i)'
Assertion failed on expression: 'pred(*previous, *i)'
Assertion failed on expression: 'pred(*previous, *i)'
Assertion failed on expression: 'pred(*previous, *i)'
Assertion failed on expression: 'pred(*previous, *i)'
Assertion failed on expression: 'pred(*previous, *i)'
Assertion failed on expression: 'pred(*previous, *i)'
Assertion failed on expression: 'pred(*previous, *i)'
Assertion failed on expression: 'pred(*previous, *i)'
Assertion failed on expression: 'pred(*previous, *i)'
Assertion failed on expression: 'pred(*previous, *i)'
Assertion failed on expression: 'pred(*previous, *i)'
Assertion failed on expression: 'pred(*previous, *i)'
Assertion failed on expression: 'pred(*previous, *i)'
Assertion failed on expression: 'pred(*previous, *i)'
Assertion failed on expression: 'pred(*previous, *i)'
Assertion failed on expression: 'pred(*previous, *i)'
Assertion failed on expression: 'pred(*previous, *i)'
Assertion failed on expression: 'pred(*previous, *i)'
Assertion failed on expression: 'pred(*previous, *i)'
Assertion failed on expression: 'pred(*previous, *i)'
Assertion failed on expression: 'pred(*previous, *i)'
Assertion failed on expression: 'pred(*previous, *i)'
Assertion failed on expression: 'pred(*previous, *i)'
Assertion failed on expression: 'pred(*previous, *i)'
Assertion failed on expression: 'pred(*previous, *i)'
Assertion failed on expression: 'pred(*previous, *i)'
Assertion failed on expression: 'pred(*previous, *i)'
Assertion failed on expression: 'pred(*previous, *i)'
Assertion failed on expression: 'pred(*previous, *i)'
Assertion failed on expression: 'pred(*previous, *i)'
Assertion failed on expression: 'pred(*previous, *i)'
Assertion failed on expression: 'pred(*previous, *i)'
Assertion failed on expression: 'pred(*previous, *i)'
Assertion failed on expression: 'pred(*previous, *i)'
Assertion failed on expression: 'pred(*previous, *i)'
Assertion failed on expression: 'pred(*previous, *i)'
Assertion failed on expression: 'pred(*previous, *i)'
Assertion failed on expression: 'pred(*previous, *i)'
Assertion failed on expression: 'pred(*previous, *i)'
Assertion failed on expression: 'pred(*previous, *i)'
Assertion failed on expression: 'pred(*previous, *i)'
Assertion failed on expression: 'pred(*previous, *i)'
Assertion failed on expression: 'pred(*previous, *i)'
Assertion failed on expression: 'pred(*previous, *i)'
Assertion failed on expression: 'pred(*previous, *i)'
Assertion failed on expression: 'pred(*previous, *i)'
Assertion failed on expression: 'pred(*previous, *i)'
Assertion failed on expression: 'pred(*previous, *i)'
Assertion failed on expression: 'pred(*previous, *i)'
Assertion failed on expression: 'pred(*previous, *i)'
Assertion failed on expression: 'pred(*previous, *i)'
Assertion failed on expression: 'pred(*previous, *i)'
Assertion failed on expression: 'pred(*previous, *i)'
Assertion failed on expression: 'pred(*previous, *i)'
Assertion failed on expression: 'pred(*previous, *i)'
Assertion failed on expression: 'pred(*previous, *i)'
Assertion failed on expression: 'pred(*previous, *i)'
Assertion failed on expression: 'pred(*previous, *i)'
Assertion failed on expression: 'pred(*previous, *i)'
Assertion failed on expression: 'pred(*previous, *i)'
Assertion failed on expression: 'pred(*previous, *i)'
Assertion failed on expression: 'pred(*previous, *i)'
Assertion failed on expression: 'pred(*previous, *i)'
Assertion failed on expression: 'pred(*previous, *i)'
Assertion failed on expression: 'pred(*previous, *i)'
Assertion failed on expression: 'pred(*previous, *i)'
Assertion failed on expression: 'pred(*previous, *i)'
Assertion failed on expression: 'pred(*previous, *i)'
Assertion failed on expression: 'pred(*previous, *i)'
Assertion failed on expression: 'pred(*previous, *i)'
Assertion failed on expression: 'pred(*previous, *i)'
Assertion failed on expression: 'pred(*previous, *i)'
Assertion failed on expression: 'pred(*previous, *i)'
Assertion failed on expression: 'pred(*previous, *i)'
Assertion failed on expression: 'pred(*previous, *i)'
Assertion failed on expression: 'pred(*previous, *i)'
Assertion failed on expression: 'pred(*previous, *i)'
Assertion failed on expression: 'pred(*previous, *i)'
Assertion failed on expression: 'pred(*previous, *i)'
Assertion failed on expression: 'pred(*previous, *i)'
Assertion failed on expression: 'pred(*previous, *i)'
Assertion failed on expression: 'pred(*previous, *i)'
Assertion failed on expression: 'pred(*previous, *i)'
Assertion failed on expression: 'pred(*previous, *i)'
Assertion failed on expression: 'pred(*previous, *i)'
Assertion failed on expression: 'pred(*previous, *i)'
Assertion failed on expression: 'pred(*previous, *i)'
Assertion failed on expression: 'pred(*previous, *i)'
Assertion failed on expression: 'pred(*previous, *i)'
Assertion failed on expression: 'pred(*previous, *i)'
Assertion failed on expression: 'pred(*previous, *i)'
Assertion failed on expression: 'pred(*previous, *i)'
Assertion failed on expression: 'pred(*previous, *i)'
Assertion failed on expression: 'pred(*previous, *i)'
Assertion failed on expression: 'pred(*previous, *i)'
Assertion failed on expression: 'pred(*previous, *i)'
Assertion failed on expression: 'pred(*previous, *i)'
Assertion failed on expression: 'pred(*previous, *i)'
Assertion failed on expression: 'pred(*previous, *i)'
Assertion failed on expression: 'pred(*previous, *i)'
Assertion failed on expression: 'pred(*previous, *i)'
Assertion failed on expression: 'pred(*previous, *i)'
Assertion failed on expression: 'pred(*previous, *i)'
Assertion failed on expression: 'pred(*previous, *i)'
Assertion failed on expression: 'pred(*previous, *i)'
Assertion failed on expression: 'pred(*previous, *i)'
Assertion failed on expression: 'pred(*previous, *i)'
Assertion failed on expression: 'pred(*previous, *i)'
Assertion failed on expression: 'pred(*previous, *i)'
Assertion failed on expression: 'pred(*previous, *i)'
Assertion failed on expression: 'pred(*previous, *i)'
Assertion failed on expression: 'pred(*previous, *i)'
Assertion failed on expression: 'pred(*previous, *i)'
Assertion failed on expression: 'pred(*previous, *i)'
Assertion failed on expression: 'pred(*previous, *i)'
Assertion failed on expression: 'pred(*previous, *i)'
Assertion failed on expression: 'pred(*previous, *i)'
Assertion failed on expression: 'pred(*previous, *i)'
Assertion failed on expression: 'pred(*previous, *i)'
Assertion failed on expression: 'pred(*previous, *i)'
Assertion failed on expression: 'pred(*previous, *i)'
Assertion failed on expression: 'pred(*previous, *i)'
Assertion failed on expression: 'pred(*previous, *i)'
Assertion failed on expression: 'pred(*previous, *i)'
Assertion failed on expression: 'pred(*previous, *i)'
Assertion failed on expression: 'pred(*previous, *i)'
Assertion failed on expression: 'pred(*previous, *i)'
Assertion failed on expression: 'pred(*previous, *i)'
Assertion failed on expression: 'pred(*previous, *i)'
Assertion failed on expression: 'pred(*previous, *i)'
Assertion failed on expression: 'pred(*previous, *i)'
Assertion failed on expression: 'pred(*previous, *i)'
Assertion failed on expression: 'pred(*previous, *i)'
Assertion failed on expression: 'pred(*previous, *i)'
Assertion failed on expression: 'pred(*previous, *i)'
Assertion failed on expression: 'pred(*previous, *i)'
Assertion failed on expression: 'pred(*previous, *i)'
Assertion failed on expression: 'pred(*previous, *i)'
Assertion failed on expression: 'pred(*previous, *i)'
Assertion failed on expression: 'pred(*previous, *i)'
Assertion failed on expression: 'pred(*previous, *i)'
Assertion failed on expression: 'pred(*previous, *i)'
Assertion failed on expression: 'pred(*previous, *i)'
Assertion failed on expression: 'pred(*previous, *i)'
Assertion failed on expression: 'pred(*previous, *i)'
Assertion failed on expression: 'pred(*previous, *i)'
Assertion failed on expression: 'pred(*previous, *i)'
Assertion failed on expression: 'pred(*previous, *i)'
Assertion failed on expression: 'pred(*previous, *i)'
Assertion failed on expression: 'pred(*previous, *i)'
Assertion failed on expression: 'pred(*previous, *i)'
Assertion failed on expression: 'pred(*previous, *i)'
Assertion failed on expression: 'pred(*previous, *i)'
Assertion failed on expression: 'pred(*previous, *i)'
Assertion failed on expression: 'pred(*previous, *i)'
Assertion failed on expression: 'pred(*previous, *i)'
Assertion failed on expression: 'pred(*previous, *i)'
Assertion failed on expression: 'pred(*previous, *i)'
Assertion failed on expression: 'pred(*previous, *i)'
Assertion failed on expression: 'pred(*previous, *i)'
Assertion failed on expression: 'pred(*previous, *i)'
Assertion failed on expression: 'pred(*previous, *i)'
Assertion failed on expression: 'pred(*previous, *i)'
Assertion failed on expression: 'pred(*previous, *i)'
Assertion failed on expression: 'pred(*previous, *i)'
Assertion failed on expression: 'pred(*previous, *i)'
Assertion failed on expression: 'pred(*previous, *i)'
Assertion failed on expression: 'pred(*previous, *i)'
Assertion failed on expression: 'pred(*previous, *i)'
Assertion failed on expression: 'pred(*previous, *i)'
Assertion failed on expression: 'pred(*previous, *i)'
Assertion failed on expression: 'pred(*previous, *i)'
Assertion failed on expression: 'pred(*previous, *i)'
Assertion failed on expression: 'pred(*previous, *i)'
Assertion failed on expression: 'pred(*previous, *i)'
Assertion failed on expression: 'pred(*previous, *i)'
Assertion failed on expression: 'pred(*previous, *i)'
Assertion failed on expression: 'pred(*previous, *i)'
Assertion failed on expression: 'pred(*previous, *i)'
Assertion failed on expression: 'pred(*previous, *i)'
Assertion failed on expression: 'pred(*previous, *i)'
Assertion failed on expression: 'pred(*previous, *i)'
Assertion failed on expression: 'pred(*previous, *i)'
Assertion failed on expression: 'pred(*previous, *i)'
Assertion failed on expression: 'pred(*previous, *i)'
Assertion failed on expression: 'pred(*previous, *i)'
Assertion failed on expression: 'pred(*previous, *i)'
Assertion failed on expression: 'pred(*previous, *i)'
Assertion failed on expression: 'pred(*previous, *i)'
Assertion failed on expression: 'pred(*previous, *i)'
Assertion failed on expression: 'pred(*previous, *i)'
Assertion failed on expression: 'pred(*previous, *i)'
Assertion failed on expression: 'pred(*previous, *i)'
Assertion failed on expression: 'pred(*previous, *i)'
Assertion failed on expression: 'pred(*previous, *i)'
Assertion failed on expression: 'pred(*previous, *i)'
Assertion failed on expression: 'pred(*previous, *i)'
Assertion failed on expression: 'pred(*previous, *i)'
Assertion failed on expression: 'pred(*previous, *i)'
Assertion failed on expression: 'pred(*previous, *i)'
Assertion failed on expression: 'pred(*previous, *i)'
Assertion failed on expression: 'pred(*previous, *i)'
Assertion failed on expression: 'pred(*previous, *i)'
Assertion failed on expression: 'pred(*previous, *i)'
Assertion failed on expression: 'pred(*previous, *i)'
Assertion failed on expression: 'pred(*previous, *i)'
Assertion failed on expression: 'pred(*previous, *i)'
Assertion failed on expression: 'pred(*previous, *i)'
Assertion failed on expression: 'pred(*previous, *i)'
Assertion failed on expression: 'pred(*previous, *i)'
Assertion failed on expression: 'pred(*previous, *i)'
Assertion failed on expression: 'pred(*previous, *i)'
Assertion failed on expression: 'pred(*previous, *i)'
Assertion failed on expression: 'pred(*previous, *i)'
Assertion failed on expression: 'pred(*previous, *i)'
Assertion failed on expression: 'pred(*previous, *i)'
Assertion failed on expression: 'pred(*previous, *i)'
Assertion failed on expression: 'pred(*previous, *i)'
Assertion failed on expression: 'pred(*previous, *i)'
Assertion failed on expression: 'pred(*previous, *i)'
Assertion failed on expression: 'pred(*previous, *i)'
Assertion failed on expression: 'pred(*previous, *i)'
Assertion failed on expression: 'pred(*previous, *i)'
Assertion failed on expression: 'pred(*previous, *i)'
Assertion failed on expression: 'pred(*previous, *i)'
Assertion failed on expression: 'pred(*previous, *i)'
Assertion failed on expression: 'pred(*previous, *i)'
Assertion failed on expression: 'pred(*previous, *i)'
Assertion failed on expression: 'pred(*previous, *i)'
Assertion failed on expression: 'pred(*previous, *i)'
Assertion failed on expression: 'pred(*previous, *i)'
Assertion failed on expression: 'pred(*previous, *i)'
Assertion failed on expression: 'pred(*previous, *i)'
Assertion failed on expression: 'pred(*previous, *i)'
Assertion failed on expression: 'pred(*previous, *i)'
Assertion failed on expression: 'pred(*previous, *i)'
Assertion failed on expression: 'pred(*previous, *i)'
Assertion failed on expression: 'pred(*previous, *i)'
Assertion failed on expression: 'pred(*previous, *i)'
Assertion failed on expression: 'pred(*previous, *i)'
Assertion failed on expression: 'pred(*previous, *i)'
Assertion failed on expression: 'pred(*previous, *i)'
Assertion failed on expression: 'pred(*previous, *i)'
Assertion failed on expression: 'pred(*previous, *i)'
Assertion failed on expression: 'pred(*previous, *i)'
Assertion failed on expression: 'pred(*previous, *i)'
Assertion failed on expression: 'pred(*previous, *i)'
Assertion failed on expression: 'pred(*previous, *i)'
Assertion failed on expression: 'pred(*previous, *i)'
Assertion failed on expression: 'pred(*previous, *i)'
Assertion failed on expression: 'pred(*previous, *i)'
Assertion failed on expression: 'pred(*previous, *i)'
Assertion failed on expression: 'pred(*previous, *i)'
Assertion failed on expression: 'pred(*previous, *i)'
Assertion failed on expression: 'pred(*previous, *i)'
Assertion failed on expression: 'pred(*previous, *i)'
Assertion failed on expression: 'pred(*previous, *i)'
Assertion failed on expression: 'pred(*previous, *i)'
Assertion failed on expression: 'pred(*previous, *i)'
Assertion failed on expression: 'pred(*previous, *i)'
Assertion failed on expression: 'pred(*previous, *i)'
Assertion failed on expression: 'pred(*previous, *i)'
Assertion failed on expression: 'pred(*previous, *i)'
Assertion failed on expression: 'pred(*previous, *i)'
Assertion failed on expression: 'pred(*previous, *i)'
Assertion failed on expression: 'pred(*previous, *i)'
Assertion failed on expression: 'pred(*previous, *i)'
Assertion failed on expression: 'pred(*previous, *i)'
Assertion failed on expression: 'pred(*previous, *i)'
Assertion failed on expression: 'pred(*previous, *i)'
Assertion failed on expression: 'pred(*previous, *i)'
Assertion failed on expression: 'pred(*previous, *i)'
Assertion failed on expression: 'pred(*previous, *i)'
Assertion failed on expression: 'pred(*previous, *i)'
Assertion failed on expression: 'pred(*previous, *i)'
Assertion failed on expression: 'pred(*previous, *i)'
Assertion failed on expression: 'pred(*previous, *i)'
Assertion failed on expression: 'pred(*previous, *i)'
Assertion failed on expression: 'pred(*previous, *i)'
Assertion failed on expression: 'pred(*previous, *i)'
Assertion failed on expression: 'pred(*previous, *i)'
Assertion failed on expression: 'pred(*previous, *i)'
Assertion failed on expression: 'pred(*previous, *i)'
Assertion failed on expression: 'pred(*previous, *i)'
Assertion failed on expression: 'pred(*previous, *i)'
Assertion failed on expression: 'pred(*previous, *i)'
Assertion failed on expression: 'pred(*previous, *i)'
Assertion failed on expression: 'pred(*previous, *i)'
Assertion failed on expression: 'pred(*previous, *i)'
Assertion failed on expression: 'pred(*previous, *i)'
Assertion failed on expression: 'pred(*previous, *i)'
Assertion failed on expression: 'pred(*previous, *i)'
Assertion failed on expression: 'pred(*previous, *i)'
Assertion failed on expression: 'pred(*previous, *i)'
Assertion failed on expression: 'pred(*previous, *i)'
Assertion failed on expression: 'pred(*previous, *i)'
Assertion failed on expression: 'pred(*previous, *i)'
Assertion failed on expression: 'pred(*previous, *i)'
Assertion failed on expression: 'pred(*previous, *i)'
Assertion failed on expression: 'pred(*previous, *i)'
Assertion failed on expression: 'pred(*previous, *i)'
Assertion failed on expression: 'pred(*previous, *i)'
Assertion failed on expression: 'pred(*previous, *i)'
Assertion failed on expression: 'pred(*previous, *i)'
Assertion failed on expression: 'pred(*previous, *i)'
Assertion failed on expression: 'pred(*previous, *i)'
Assertion failed on expression: 'pred(*previous, *i)'
Assertion failed on expression: 'pred(*previous, *i)'
Assertion failed on expression: 'pred(*previous, *i)'
Assertion failed on expression: 'pred(*previous, *i)'
Assertion failed on expression: 'pred(*previous, *i)'
Assertion failed on expression: 'pred(*previous, *i)'
Assertion failed on expression: 'pred(*previous, *i)'
Assertion failed on expression: 'pred(*previous, *i)'
Assertion failed on expression: 'pred(*previous, *i)'
Assertion failed on expression: 'pred(*previous, *i)'
Assertion failed on expression: 'pred(*previous, *i)'
Assertion failed on expression: 'pred(*previous, *i)'
Assertion failed on expression: 'pred(*previous, *i)'
Assertion failed on expression: 'pred(*previous, *i)'
Assertion failed on expression: 'pred(*previous, *i)'
Assertion failed on expression: 'pred(*previous, *i)'
Assertion failed on expression: 'pred(*previous, *i)'
Assertion failed on expression: 'pred(*previous, *i)'
Assertion failed on expression: 'pred(*previous, *i)'
Assertion failed on expression: 'pred(*previous, *i)'
Assertion failed on expression: 'pred(*previous, *i)'
Assertion failed on expression: 'pred(*previous, *i)'
Assertion failed on expression: 'pred(*previous, *i)'
Assertion failed on expression: 'pred(*previous, *i)'
Assertion failed on expression: 'pred(*previous, *i)'
Assertion failed on expression: 'pred(*previous, *i)'
Assertion failed on expression: 'pred(*previous, *i)'
Assertion failed on expression: 'pred(*previous, *i)'
Assertion failed on expression: 'pred(*previous, *i)'
Assertion failed on expression: 'pred(*previous, *i)'
Assertion failed on expression: 'pred(*previous, *i)'
Assertion failed on expression: 'pred(*previous, *i)'
Assertion failed on expression: 'pred(*previous, *i)'
Assertion failed on expression: 'pred(*previous, *i)'
Assertion failed on expression: 'pred(*previous, *i)'
Assertion failed on expression: 'pred(*previous, *i)'
Assertion failed on expression: 'pred(*previous, *i)'
Assertion failed on expression: 'pred(*previous, *i)'
Assertion failed on expression: 'pred(*previous, *i)'
Assertion failed on expression: 'pred(*previous, *i)'
Assertion failed on expression: 'pred(*previous, *i)'
Assertion failed on expression: 'pred(*previous, *i)'
Assertion failed on expression: 'pred(*previous, *i)'
Assertion failed on expression: 'pred(*previous, *i)'
Assertion failed on expression: 'pred(*previous, *i)'
Assertion failed on expression: 'pred(*previous, *i)'
Assertion failed on expression: 'pred(*previous, *i)'
Assertion failed on expression: 'pred(*previous, *i)'
Assertion failed on expression: 'pred(*previous, *i)'
Assertion failed on expression: 'pred(*previous, *i)'
Assertion failed on expression: 'pred(*previous, *i)'
Assertion failed on expression: 'pred(*previous, *i)'
Assertion failed on expression: 'pred(*previous, *i)'
Assertion failed on expression: 'pred(*previous, *i)'
Assertion failed on expression: 'pred(*previous, *i)'
Assertion failed on expression: 'pred(*previous, *i)'
Assertion failed on expression: 'pred(*previous, *i)'
Assertion failed on expression: 'pred(*previous, *i)'
Assertion failed on expression: 'pred(*previous, *i)'
Assertion failed on expression: 'pred(*previous, *i)'
Assertion failed on expression: 'pred(*previous, *i)'
Assertion failed on expression: 'pred(*previous, *i)'
Assertion failed on expression: 'pred(*previous, *i)'
Assertion failed on expression: 'pred(*previous, *i)'
Assertion failed on expression: 'pred(*previous, *i)'
Assertion failed on expression: 'pred(*previous, *i)'
Assertion failed on expression: 'pred(*previous, *i)'
Assertion failed on expression: 'pred(*previous, *i)'
Assertion failed on expression: 'pred(*previous, *i)'
Assertion failed on expression: 'pred(*previous, *i)'
Assertion failed on expression: 'pred(*previous, *i)'
Assertion failed on expression: 'pred(*previous, *i)'
Assertion failed on expression: 'pred(*previous, *i)'
Assertion failed on expression: 'pred(*previous, *i)'
Assertion failed on expression: 'pred(*previous, *i)'
Assertion failed on expression: 'pred(*previous, *i)'
Assertion failed on expression: 'pred(*previous, *i)'
Assertion failed on expression: 'pred(*previous, *i)'
Assertion failed on expression: 'pred(*previous, *i)'
Assertion failed on expression: 'pred(*previous, *i)'
Assertion failed on expression: 'pred(*previous, *i)'
Assertion failed on expression: 'pred(*previous, *i)'
Assertion failed on expression: 'pred(*previous, *i)'
Assertion failed on expression: 'pred(*previous, *i)'
Assertion failed on expression: 'pred(*previous, *i)'
Assertion failed on expression: 'pred(*previous, *i)'
Assertion failed on expression: 'pred(*previous, *i)'
Assertion failed on expression: 'pred(*previous, *i)'
Assertion failed on expression: 'pred(*previous, *i)'
Assertion failed on expression: 'pred(*previous, *i)'
Assertion failed on expression: 'pred(*previous, *i)'
Assertion failed on expression: 'pred(*previous, *i)'
Assertion failed on expression: 'pred(*previous, *i)'
Assertion failed on expression: 'pred(*previous, *i)'
Assertion failed on expression: 'pred(*previous, *i)'
Assertion failed on expression: 'pred(*previous, *i)'
Assertion failed on expression: 'pred(*previous, *i)'
Assertion failed on expression: 'pred(*previous, *i)'
Assertion failed on expression: 'pred(*previous, *i)'
Assertion failed on expression: 'pred(*previous, *i)'
Assertion failed on expression: 'pred(*previous, *i)'
Assertion failed on expression: 'pred(*previous, *i)'
Assertion failed on expression: 'pred(*previous, *i)'
Assertion failed on expression: 'pred(*previous, *i)'
Assertion failed on expression: 'pred(*previous, *i)'
Assertion failed on expression: 'pred(*previous, *i)'
Assertion failed on expression: 'pred(*previous, *i)'
Assertion failed on expression: 'pred(*previous, *i)'
Assertion failed on expression: 'pred(*previous, *i)'
Assertion failed on expression: 'pred(*previous, *i)'
Assertion failed on expression: 'pred(*previous, *i)'
Assertion failed on expression: 'pred(*previous, *i)'
Assertion failed on expression: 'pred(*previous, *i)'
Assertion failed on expression: 'pred(*previous, *i)'
Assertion failed on expression: 'pred(*previous, *i)'
Assertion failed on expression: 'pred(*previous, *i)'
Assertion failed on expression: 'pred(*previous, *i)'
Assertion failed on expression: 'pred(*previous, *i)'
Assertion failed on expression: 'pred(*previous, *i)'
Assertion failed on expression: 'pred(*previous, *i)'
Assertion failed on expression: 'pred(*previous, *i)'
Assertion failed on expression: 'pred(*previous, *i)'
Assertion failed on expression: 'pred(*previous, *i)'
Assertion failed on expression: 'pred(*previous, *i)'
Assertion failed on expression: 'pred(*previous, *i)'
Assertion failed on expression: 'pred(*previous, *i)'
Assertion failed on expression: 'pred(*previous, *i)'
Assertion failed on expression: 'pred(*previous, *i)'
Assertion failed on expression: 'pred(*previous, *i)'
Assertion failed on expression: 'pred(*previous, *i)'
Assertion failed on expression: 'pred(*previous, *i)'
Assertion failed on expression: 'pred(*previous, *i)'
Assertion failed on expression: 'pred(*previous, *i)'
Assertion failed on expression: 'pred(*previous, *i)'
Assertion failed on expression: 'pred(*previous, *i)'
Assertion failed on expression: 'pred(*previous, *i)'
Assertion failed on expression: 'pred(*previous, *i)'
Assertion failed on expression: 'pred(*previous, *i)'
Assertion failed on expression: 'pred(*previous, *i)'
Assertion failed on expression: 'pred(*previous, *i)'
Assertion failed on expression: 'pred(*previous, *i)'
Assertion failed on expression: 'pred(*previous, *i)'
Assertion failed on expression: 'pred(*previous, *i)'
Assertion failed on expression: 'pred(*previous, *i)'
Assertion failed on expression: 'pred(*previous, *i)'
Assertion failed on expression: 'pred(*previous, *i)'
Assertion failed on expression: 'pred(*previous, *i)'
Assertion failed on expression: 'pred(*previous, *i)'
Assertion failed on expression: 'pred(*previous, *i)'
Assertion failed on expression: 'pred(*previous, *i)'
Assertion failed on expression: 'pred(*previous, *i)'
Assertion failed on expression: 'pred(*previous, *i)'
Assertion failed on expression: 'pred(*previous, *i)'
Assertion failed on expression: 'pred(*previous, *i)'
Assertion failed on expression: 'pred(*previous, *i)'
Assertion failed on expression: 'pred(*previous, *i)'
Assertion failed on expression: 'pred(*previous, *i)'
Assertion failed on expression: 'pred(*previous, *i)'
Assertion failed on expression: 'pred(*previous, *i)'
Assertion failed on expression: 'pred(*previous, *i)'
Assertion failed on expression: 'pred(*previous, *i)'
Assertion failed on expression: 'pred(*previous, *i)'
Assertion failed on expression: 'pred(*previous, *i)'
Assertion failed on expression: 'pred(*previous, *i)'
Assertion failed on expression: 'pred(*previous, *i)'
Assertion failed on expression: 'pred(*previous, *i)'
Assertion failed on expression: 'pred(*previous, *i)'
Assertion failed on expression: 'pred(*previous, *i)'
Assertion failed on expression: 'pred(*previous, *i)'
Assertion failed on expression: 'pred(*previous, *i)'
Assertion failed on expression: 'pred(*previous, *i)'
Assertion failed on expression: 'pred(*previous, *i)'
Assertion failed on expression: 'pred(*previous, *i)'
Assertion failed on expression: 'pred(*previous, *i)'
Assertion failed on expression: 'pred(*previous, *i)'
Assertion failed on expression: 'pred(*previous, *i)'
Assertion failed on expression: 'pred(*previous, *i)'
Assertion failed on expression: 'pred(*previous, *i)'
Assertion failed on expression: 'pred(*previous, *i)'
Assertion failed on expression: 'pred(*previous, *i)'
Assertion failed on expression: 'pred(*previous, *i)'
Assertion failed on expression: 'pred(*previous, *i)'
Assertion failed on expression: 'pred(*previous, *i)'
Assertion failed on expression: 'pred(*previous, *i)'
Assertion failed on expression: 'pred(*previous, *i)'
Assertion failed on expression: 'pred(*previous, *i)'
Assertion failed on expression: 'pred(*previous, *i)'
Assertion failed on expression: 'pred(*previous, *i)'
Assertion failed on expression: 'pred(*previous, *i)'
Assertion failed on expression: 'pred(*previous, *i)'
Assertion failed on expression: 'pred(*previous, *i)'
Assertion failed on expression: 'pred(*previous, *i)'
Assertion failed on expression: 'pred(*previous, *i)'
Assertion failed on expression: 'pred(*previous, *i)'
Assertion failed on expression: 'pred(*previous, *i)'
Assertion failed on expression: 'pred(*previous, *i)'
Assertion failed on expression: 'pred(*previous, *i)'
Assertion failed on expression: 'pred(*previous, *i)'
Assertion failed on expression: 'pred(*previous, *i)'
Assertion failed on expression: 'pred(*previous, *i)'
Assertion failed on expression: 'pred(*previous, *i)'
Assertion failed on expression: 'pred(*previous, *i)'
Assertion failed on expression: 'pred(*previous, *i)'
Assertion failed on expression: 'pred(*previous, *i)'
Assertion failed on expression: 'pred(*previous, *i)'
Assertion failed on expression: 'pred(*previous, *i)'
Assertion failed on expression: 'pred(*previous, *i)'
Assertion failed on expression: 'pred(*previous, *i)'
Assertion failed on expression: 'pred(*previous, *i)'
Assertion failed on expression: 'pred(*previous, *i)'
Assertion failed on expression: 'pred(*previous, *i)'
Assertion failed on expression: 'pred(*previous, *i)'
Assertion failed on expression: 'pred(*previous, *i)'
Assertion failed on expression: 'pred(*previous, *i)'
Assertion failed on expression: 'pred(*previous, *i)'
Assertion failed on expression: 'pred(*previous, *i)'
Assertion failed on expression: 'pred(*previous, *i)'
Assertion failed on expression: 'pred(*previous, *i)'
Assertion failed on expression: 'pred(*previous, *i)'
Assertion failed on expression: 'pred(*previous, *i)'
Assertion failed on expression: 'pred(*previous, *i)'
Assertion failed on expression: 'pred(*previous, *i)'
Assertion failed on expression: 'pred(*previous, *i)'
Assertion failed on expression: 'pred(*previous, *i)'
Assertion failed on expression: 'pred(*previous, *i)'
Assertion failed on expression: 'pred(*previous, *i)'
Assertion failed on expression: 'pred(*previous, *i)'
Assertion failed on expression: 'pred(*previous, *i)'
Assertion failed on expression: 'pred(*previous, *i)'
Assertion failed on expression: 'pred(*previous, *i)'
Assertion failed on expression: 'pred(*previous, *i)'
Assertion failed on expression: 'pred(*previous, *i)'
Assertion failed on expression: 'pred(*previous, *i)'
Assertion failed on expression: 'pred(*previous, *i)'
Assertion failed on expression: 'pred(*previous, *i)'
Assertion failed on expression: 'pred(*previous, *i)'
Assertion failed on expression: 'pred(*previous, *i)'
Assertion failed on expression: 'pred(*previous, *i)'
Assertion failed on expression: 'pred(*previous, *i)'
Assertion failed on expression: 'pred(*previous, *i)'
Assertion failed on expression: 'pred(*previous, *i)'
Assertion failed on expression: 'pred(*previous, *i)'
Assertion failed on expression: 'pred(*previous, *i)'
Assertion failed on expression: 'pred(*previous, *i)'
Assertion failed on expression: 'pred(*previous, *i)'
Assertion failed on expression: 'pred(*previous, *i)'
Assertion failed on expression: 'pred(*previous, *i)'
Assertion failed on expression: 'pred(*previous, *i)'
Assertion failed on expression: 'pred(*previous, *i)'
Assertion failed on expression: 'pred(*previous, *i)'
Assertion failed on expression: 'pred(*previous, *i)'
Assertion failed on expression: 'pred(*previous, *i)'
Assertion failed on expression: 'pred(*previous, *i)'
Assertion failed on expression: 'pred(*previous, *i)'
Assertion failed on expression: 'pred(*previous, *i)'
Assertion failed on expression: 'pred(*previous, *i)'
Assertion failed on expression: 'pred(*previous, *i)'
Assertion failed on expression: 'pred(*previous, *i)'
Assertion failed on expression: 'pred(*previous, *i)'
Assertion failed on expression: 'pred(*previous, *i)'
Assertion failed on expression: 'pred(*previous, *i)'
Assertion failed on expression: 'pred(*previous, *i)'
Assertion failed on expression: 'pred(*previous, *i)'
Assertion failed on expression: 'pred(*previous, *i)'
Assertion failed on expression: 'pred(*previous, *i)'
Assertion failed on expression: 'pred(*previous, *i)'
Assertion failed on expression: 'pred(*previous, *i)'
Assertion failed on expression: 'pred(*previous, *i)'
Assertion failed on expression: 'pred(*previous, *i)'
Assertion failed on expression: 'pred(*previous, *i)'
Assertion failed on expression: 'pred(*previous, *i)'
Assertion failed on expression: 'pred(*previous, *i)'
Assertion failed on expression: 'pred(*previous, *i)'
Assertion failed on expression: 'pred(*previous, *i)'
Assertion failed on expression: 'pred(*previous, *i)'
Assertion failed on expression: 'pred(*previous, *i)'
Assertion failed on expression: 'pred(*previous, *i)'
Assertion failed on expression: 'pred(*previous, *i)'
Assertion failed on expression: 'pred(*previous, *i)'
Assertion failed on expression: 'pred(*previous, *i)'
Assertion failed on expression: 'pred(*previous, *i)'
Assertion failed on expression: 'pred(*previous, *i)'
Assertion failed on expression: 'pred(*previous, *i)'
Assertion failed on expression: 'pred(*previous, *i)'
Assertion failed on expression: 'pred(*previous, *i)'
Assertion failed on expression: 'pred(*previous, *i)'
Assertion failed on expression: 'pred(*previous, *i)'
Assertion failed on expression: 'pred(*previous, *i)'
Assertion failed on expression: 'pred(*previous, *i)'
Assertion failed on expression: 'pred(*previous, *i)'
Assertion failed on expression: 'pred(*previous, *i)'
Assertion failed on expression: 'pred(*previous, *i)'
Assertion failed on expression: 'pred(*previous, *i)'
Assertion failed on expression: 'pred(*previous, *i)'
Assertion failed on expression: 'pred(*previous, *i)'
Assertion failed on expression: 'pred(*previous, *i)'
Assertion failed on expression: 'pred(*previous, *i)'
Assertion failed on expression: 'pred(*previous, *i)'
Assertion failed on expression: 'pred(*previous, *i)'
Assertion failed on expression: 'pred(*previous, *i)'
Assertion failed on expression: 'pred(*previous, *i)'
Assertion failed on expression: 'pred(*previous, *i)'
Assertion failed on expression: 'pred(*previous, *i)'
Assertion failed on expression: 'pred(*previous, *i)'
Assertion failed on expression: 'pred(*previous, *i)'
Assertion failed on expression: 'pred(*previous, *i)'
Assertion failed on expression: 'pred(*previous, *i)'
Assertion failed on expression: 'pred(*previous, *i)'
Assertion failed on expression: 'pred(*previous, *i)'
Assertion failed on expression: 'pred(*previous, *i)'
Assertion failed on expression: 'pred(*previous, *i)'
Assertion failed on expression: 'pred(*previous, *i)'
Assertion failed on expression: 'pred(*previous, *i)'
Assertion failed on expression: 'pred(*previous, *i)'
Assertion failed on expression: 'pred(*previous, *i)'
Assertion failed on expression: 'pred(*previous, *i)'
Assertion failed on expression: 'pred(*previous, *i)'
Assertion failed on expression: 'pred(*previous, *i)'
Assertion failed on expression: 'pred(*previous, *i)'
Assertion failed on expression: 'pred(*previous, *i)'
Assertion failed on expression: 'pred(*previous, *i)'
Assertion failed on expression: 'pred(*previous, *i)'
Assertion failed on expression: 'pred(*previous, *i)'
Assertion failed on expression: 'pred(*previous, *i)'
Assertion failed on expression: 'pred(*previous, *i)'
Assertion failed on expression: 'pred(*previous, *i)'
Assertion failed on expression: 'pred(*previous, *i)'
Assertion failed on expression: 'pred(*previous, *i)'
Assertion failed on expression: 'pred(*previous, *i)'
Assertion failed on expression: 'pred(*previous, *i)'
Assertion failed on expression: 'pred(*previous, *i)'
Assertion failed on expression: 'pred(*previous, *i)'
Assertion failed on expression: 'pred(*previous, *i)'
Assertion failed on expression: 'pred(*previous, *i)'
Assertion failed on expression: 'pred(*previous, *i)'
Assertion failed on expression: 'pred(*previous, *i)'
Assertion failed on expression: 'pred(*previous, *i)'
Assertion failed on expression: 'pred(*previous, *i)'
Assertion failed on expression: 'pred(*previous, *i)'
Assertion failed on expression: 'pred(*previous, *i)'
Assertion failed on expression: 'pred(*previous, *i)'
Assertion failed on expression: 'pred(*previous, *i)'
Assertion failed on expression: 'pred(*previous, *i)'
Assertion failed on expression: 'pred(*previous, *i)'
Assertion failed on expression: 'pred(*previous, *i)'
Assertion failed on expression: 'pred(*previous, *i)'
Assertion failed on expression: 'pred(*previous, *i)'
Assertion failed on expression: 'pred(*previous, *i)'
Assertion failed on expression: 'pred(*previous, *i)'
Assertion failed on expression: 'pred(*previous, *i)'
Assertion failed on expression: 'pred(*previous, *i)'
Assertion failed on expression: 'pred(*previous, *i)'
Assertion failed on expression: 'pred(*previous, *i)'
Assertion failed on expression: 'pred(*previous, *i)'
Assertion failed on expression: 'pred(*previous, *i)'
Assertion failed on expression: 'pred(*previous, *i)'
Assertion failed on expression: 'pred(*previous, *i)'
Assertion failed on expression: 'pred(*previous, *i)'
Assertion failed on expression: 'pred(*previous, *i)'
Assertion failed on expression: 'pred(*previous, *i)'
Assertion failed on expression: 'pred(*previous, *i)'
Assertion failed on expression: 'pred(*previous, *i)'
Assertion failed on expression: 'pred(*previous, *i)'
Assertion failed on expression: 'pred(*previous, *i)'
Assertion failed on expression: 'pred(*previous, *i)'
Assertion failed on expression: 'pred(*previous, *i)'
Assertion failed on expression: 'pred(*previous, *i)'
Assertion failed on expression: 'pred(*previous, *i)'
Assertion failed on expression: 'pred(*previous, *i)'
Assertion failed on expression: 'pred(*previous, *i)'
Assertion failed on expression: 'pred(*previous, *i)'
Assertion failed on expression: 'pred(*previous, *i)'
Assertion failed on expression: 'pred(*previous, *i)'
Assertion failed on expression: 'pred(*previous, *i)'
Assertion failed on expression: 'pred(*previous, *i)'
Assertion failed on expression: 'pred(*previous, *i)'
Assertion failed on expression: 'pred(*previous, *i)'
Assertion failed on expression: 'pred(*previous, *i)'
Assertion failed on expression: 'pred(*previous, *i)'
Assertion failed on expression: 'pred(*previous, *i)'
Assertion failed on expression: 'pred(*previous, *i)'
Assertion failed on expression: 'pred(*previous, *i)'
Assertion failed on expression: 'pred(*previous, *i)'
Assertion failed on expression: 'pred(*previous, *i)'
Assertion failed on expression: 'pred(*previous, *i)'
Assertion failed on expression: 'pred(*previous, *i)'
Assertion failed on expression: 'pred(*previous, *i)'
Assertion failed on expression: 'pred(*previous, *i)'
Assertion failed on expression: 'pred(*previous, *i)'
Assertion failed on expression: 'pred(*previous, *i)'
Assertion failed on expression: 'pred(*previous, *i)'
Assertion failed on expression: 'pred(*previous, *i)'
Assertion failed on expression: 'pred(*previous, *i)'
Assertion failed on expression: 'pred(*previous, *i)'
Assertion failed on expression: 'pred(*previous, *i)'
Assertion failed on expression: 'pred(*previous, *i)'
Assertion failed on expression: 'pred(*previous, *i)'
Assertion failed on expression: 'pred(*previous, *i)'
Assertion failed on expression: 'pred(*previous, *i)'
Assertion failed on expression: 'pred(*previous, *i)'
Assertion failed on expression: 'pred(*previous, *i)'
Assertion failed on expression: 'pred(*previous, *i)'
Assertion failed on expression: 'pred(*previous, *i)'
Assertion failed on expression: 'pred(*previous, *i)'
Assertion failed on expression: 'pred(*previous, *i)'
Assertion failed on expression: 'pred(*previous, *i)'
Assertion failed on expression: 'pred(*previous, *i)'
Assertion failed on expression: 'pred(*previous, *i)'
Assertion failed on expression: 'pred(*previous, *i)'
Assertion failed on expression: 'pred(*previous, *i)'
Assertion failed on expression: 'pred(*previous, *i)'
Assertion failed on expression: 'pred(*previous, *i)'
Assertion failed on expression: 'pred(*previous, *i)'
Assertion failed on expression: 'pred(*previous, *i)'
Assertion failed on expression: 'pred(*previous, *i)'
Assertion failed on expression: 'pred(*previous, *i)'
Assertion failed on expression: 'pred(*previous, *i)'
Assertion failed on expression: 'pred(*previous, *i)'
Assertion failed on expression: 'pred(*previous, *i)'
Assertion failed on expression: 'pred(*previous, *i)'
Assertion failed on expression: 'pred(*previous, *i)'
Assertion failed on expression: 'pred(*previous, *i)'
Assertion failed on expression: 'pred(*previous, *i)'
Assertion failed on expression: 'pred(*previous, *i)'
Assertion failed on expression: 'pred(*previous, *i)'
Assertion failed on expression: 'pred(*previous, *i)'
Assertion failed on expression: 'pred(*previous, *i)'
Assertion failed on expression: 'pred(*previous, *i)'
Assertion failed on expression: 'pred(*previous, *i)'
Assertion failed on expression: 'pred(*previous, *i)'
Assertion failed on expression: 'pred(*previous, *i)'
Assertion failed on expression: 'pred(*previous, *i)'
Assertion failed on expression: 'pred(*previous, *i)'
Assertion failed on expression: 'pred(*previous, *i)'
Assertion failed on expression: 'pred(*previous, *i)'
Assertion failed on expression: 'pred(*previous, *i)'
Assertion failed on expression: 'pred(*previous, *i)'
Assertion failed on expression: 'pred(*previous, *i)'
Assertion failed on expression: 'pred(*previous, *i)'
Assertion failed on expression: 'pred(*previous, *i)'
Assertion failed on expression: 'pred(*previous, *i)'
Assertion failed on expression: 'pred(*previous, *i)'
Assertion failed on expression: 'pred(*previous, *i)'
Assertion failed on expression: 'pred(*previous, *i)'
Assertion failed on expression: 'pred(*previous, *i)'
Assertion failed on expression: 'pred(*previous, *i)'
Assertion failed on expression: 'pred(*previous, *i)'
Assertion failed on expression: 'pred(*previous, *i)'
Assertion failed on expression: 'pred(*previous, *i)'
Assertion failed on expression: 'pred(*previous, *i)'
Assertion failed on expression: 'pred(*previous, *i)'
Assertion failed on expression: 'pred(*previous, *i)'
Assertion failed on expression: 'pred(*previous, *i)'
Assertion failed on expression: 'pred(*previous, *i)'
Assertion failed on expression: 'pred(*previous, *i)'
Assertion failed on expression: 'pred(*previous, *i)'
Assertion failed on expression: 'pred(*previous, *i)'
Assertion failed on expression: 'pred(*previous, *i)'
Assertion failed on expression: 'pred(*previous, *i)'
Assertion failed on expression: 'pred(*previous, *i)'
Assertion failed on expression: 'pred(*previous, *i)'
Assertion failed on expression: 'pred(*previous, *i)'
Assertion failed on expression: 'pred(*previous, *i)'
Assertion failed on expression: 'pred(*previous, *i)'
Assertion failed on expression: 'pred(*previous, *i)'
Assertion failed on expression: 'pred(*previous, *i)'
Assertion failed on expression: 'pred(*previous, *i)'
Assertion failed on expression: 'pred(*previous, *i)'
Assertion failed on expression: 'pred(*previous, *i)'
Assertion failed on expression: 'pred(*previous, *i)'
Assertion failed on expression: 'pred(*previous, *i)'
Assertion failed on expression: 'pred(*previous, *i)'
Assertion failed on expression: 'pred(*previous, *i)'
Assertion failed on expression: 'pred(*previous, *i)'
Assertion failed on expression: 'pred(*previous, *i)'
Assertion failed on expression: 'pred(*previous, *i)'
Assertion failed on expression: 'pred(*previous, *i)'
Assertion failed on expression: 'pred(*previous, *i)'
Assertion failed on expression: 'pred(*previous, *i)'
Assertion failed on expression: 'pred(*previous, *i)'
Assertion failed on expression: 'pred(*previous, *i)'
Assertion failed on expression: 'pred(*previous, *i)'
Assertion failed on expression: 'pred(*previous, *i)'
Assertion failed on expression: 'pred(*previous, *i)'
Assertion failed on expression: 'pred(*previous, *i)'
Assertion failed on expression: 'pred(*previous, *i)'
Assertion failed on expression: 'pred(*previous, *i)'
Assertion failed on expression: 'pred(*previous, *i)'
Assertion failed on expression: 'pred(*previous, *i)'
Assertion failed on expression: 'pred(*previous, *i)'
Assertion failed on expression: 'pred(*previous, *i)'
Assertion failed on expression: 'pred(*previous, *i)'
Assertion failed on expression: 'pred(*previous, *i)'
Assertion failed on expression: 'pred(*previous, *i)'
Assertion failed on expression: 'pred(*previous, *i)'
Assertion failed on expression: 'pred(*previous, *i)'
Assertion failed on expression: 'pred(*previous, *i)'
Assertion failed on expression: 'pred(*previous, *i)'
Assertion failed on expression: 'pred(*previous, *i)'
Assertion failed on expression: 'pred(*previous, *i)'
Assertion failed on expression: 'pred(*previous, *i)'
Assertion failed on expression: 'pred(*previous, *i)'
Assertion failed on expression: 'pred(*previous, *i)'
Assertion failed on expression: 'pred(*previous, *i)'
Assertion failed on expression: 'pred(*previous, *i)'
Assertion failed on expression: 'pred(*previous, *i)'
Assertion failed on expression: 'pred(*previous, *i)'
Assertion failed on expression: 'pred(*previous, *i)'
Assertion failed on expression: 'pred(*previous, *i)'
Assertion failed on expression: 'pred(*previous, *i)'
Assertion failed on expression: 'pred(*previous, *i)'
Assertion failed on expression: 'pred(*previous, *i)'
Assertion failed on expression: 'pred(*previous, *i)'
Assertion failed on expression: 'pred(*previous, *i)'
Assertion failed on expression: 'pred(*previous, *i)'
Assertion failed on expression: 'pred(*previous, *i)'
Assertion failed on expression: 'pred(*previous, *i)'
Assertion failed on expression: 'pred(*previous, *i)'
Assertion failed on expression: 'pred(*previous, *i)'
Assertion failed on expression: 'pred(*previous, *i)'
Assertion failed on expression: 'pred(*previous, *i)'
Assertion failed on expression: 'pred(*previous, *i)'
Assertion failed on expression: 'pred(*previous, *i)'
Assertion failed on expression: 'pred(*previous, *i)'
Assertion failed on expression: 'pred(*previous, *i)'
Assertion failed on expression: 'pred(*previous, *i)'
Assertion failed on expression: 'pred(*previous, *i)'
Assertion failed on expression: 'pred(*previous, *i)'
Assertion failed on expression: 'pred(*previous, *i)'
Assertion failed on expression: 'pred(*previous, *i)'
Assertion failed on expression: 'pred(*previous, *i)'
Assertion failed on expression: 'pred(*previous, *i)'
Assertion failed on expression: 'pred(*previous, *i)'
Assertion failed on expression: 'pred(*previous, *i)'
Assertion failed on expression: 'pred(*previous, *i)'
Assertion failed on expression: 'pred(*previous, *i)'
Assertion failed on expression: 'pred(*previous, *i)'
Assertion failed on expression: 'pred(*previous, *i)'
Assertion failed on expression: 'pred(*previous, *i)'
Assertion failed on expression: 'pred(*previous, *i)'
Assertion failed on expression: 'pred(*previous, *i)'
Assertion failed on expression: 'pred(*previous, *i)'
Assertion failed on expression: 'pred(*previous, *i)'
Assertion failed on expression: 'pred(*previous, *i)'
Assertion failed on expression: 'pred(*previous, *i)'
Assertion failed on expression: 'pred(*previous, *i)'
Assertion failed on expression: 'pred(*previous, *i)'
Assertion failed on expression: 'pred(*previous, *i)'
Assertion failed on expression: 'pred(*previous, *i)'
Assertion failed on expression: 'pred(*previous, *i)'
Assertion failed on expression: 'pred(*previous, *i)'
Assertion failed on expression: 'pred(*previous, *i)'
Assertion failed on expression: 'pred(*previous, *i)'
Assertion failed on expression: 'pred(*previous, *i)'
Assertion failed on expression: 'pred(*previous, *i)'
Assertion failed on expression: 'pred(*previous, *i)'
Assertion failed on expression: 'pred(*previous, *i)'
Assertion failed on expression: 'pred(*previous, *i)'
Assertion failed on expression: 'pred(*previous, *i)'
Assertion failed on expression: 'pred(*previous, *i)'
Assertion failed on expression: 'pred(*previous, *i)'
Assertion failed on expression: 'pred(*previous, *i)'
Assertion failed on expression: 'pred(*previous, *i)'
Assertion failed on expression: 'pred(*previous, *i)'
Assertion failed on expression: 'pred(*previous, *i)'
Assertion failed on expression: 'pred(*previous, *i)'
Assertion failed on expression: 'pred(*previous, *i)'
Assertion failed on expression: 'pred(*previous, *i)'
Assertion failed on expression: 'pred(*previous, *i)'
Assertion failed on expression: 'pred(*previous, *i)'
Assertion failed on expression: 'pred(*previous, *i)'
Assertion failed on expression: 'pred(*previous, *i)'
Assertion failed on expression: 'pred(*previous, *i)'
Assertion failed on expression: 'pred(*previous, *i)'
Assertion failed on expression: 'pred(*previous, *i)'
Assertion failed on expression: 'pred(*previous, *i)'
Assertion failed on expression: 'pred(*previous, *i)'
Assertion failed on expression: 'pred(*previous, *i)'
Assertion failed on expression: 'pred(*previous, *i)'
Assertion failed on expression: 'pred(*previous, *i)'
Assertion failed on expression: 'pred(*previous, *i)'
Assertion failed on expression: 'pred(*previous, *i)'
Assertion failed on expression: 'pred(*previous, *i)'
Assertion failed on expression: 'pred(*previous, *i)'
Assertion failed on expression: 'pred(*previous, *i)'
Assertion failed on expression: 'pred(*previous, *i)'
Assertion failed on expression: 'pred(*previous, *i)'
Assertion failed on expression: 'pred(*previous, *i)'
Assertion failed on expression: 'pred(*previous, *i)'
Assertion failed on expression: 'pred(*previous, *i)'
Assertion failed on expression: 'pred(*previous, *i)'
Assertion failed on expression: 'pred(*previous, *i)'
Assertion failed on expression: 'pred(*previous, *i)'
Assertion failed on expression: 'pred(*previous, *i)'
Assertion failed on expression: 'pred(*previous, *i)'
Assertion failed on expression: 'pred(*previous, *i)'
Assertion failed on expression: 'pred(*previous, *i)'
Assertion failed on expression: 'pred(*previous, *i)'
Assertion failed on expression: 'pred(*previous, *i)'
Assertion failed on expression: 'pred(*previous, *i)'
Assertion failed on expression: 'pred(*previous, *i)'
Assertion failed on expression: 'pred(*previous, *i)'
Assertion failed on expression: 'pred(*previous, *i)'
Assertion failed on expression: 'pred(*previous, *i)'
Assertion failed on expression: 'pred(*previous, *i)'
Assertion failed on expression: 'pred(*previous, *i)'
Assertion failed on expression: 'pred(*previous, *i)'
Assertion failed on expression: 'pred(*previous, *i)'
Assertion failed on expression: 'pred(*previous, *i)'
Assertion failed on expression: 'pred(*previous, *i)'
Assertion failed on expression: 'pred(*previous, *i)'
Assertion failed on expression: 'pred(*previous, *i)'
Assertion failed on expression: 'pred(*previous, *i)'
Assertion failed on expression: 'pred(*previous, *i)'
Assertion failed on expression: 'pred(*previous, *i)'
Assertion failed on expression: 'pred(*previous, *i)'
Assertion failed on expression: 'pred(*previous, *i)'
Assertion failed on expression: 'pred(*previous, *i)'
Assertion failed on expression: 'pred(*previous, *i)'
Assertion failed on expression: 'pred(*previous, *i)'
Assertion failed on expression: 'pred(*previous, *i)'
Assertion failed on expression: 'pred(*previous, *i)'
Assertion failed on expression: 'pred(*previous, *i)'
Assertion failed on expression: 'pred(*previous, *i)'
Assertion failed on expression: 'pred(*previous, *i)'
Assertion failed on expression: 'pred(*previous, *i)'
Assertion failed on expression: 'pred(*previous, *i)'
Assertion failed on expression: 'pred(*previous, *i)'
Assertion failed on expression: 'pred(*previous, *i)'
Assertion failed on expression: 'pred(*previous, *i)'
Assertion failed on expression: 'pred(*previous, *i)'
Assertion failed on expression: 'pred(*previous, *i)'
Assertion failed on expression: 'pred(*previous, *i)'
Assertion failed on expression: 'pred(*previous, *i)'
Assertion failed on expression: 'pred(*previous, *i)'
Assertion failed on expression: 'pred(*previous, *i)'
Assertion failed on expression: 'pred(*previous, *i)'
Assertion failed on expression: 'pred(*previous, *i)'
Assertion failed on expression: 'pred(*previous, *i)'
Assertion failed on expression: 'pred(*previous, *i)'
Assertion failed on expression: 'pred(*previous, *i)'
Assertion failed on expression: 'pred(*previous, *i)'
Assertion failed on expression: 'pred(*previous, *i)'
Assertion failed on expression: 'pred(*previous, *i)'
Assertion failed on expression: 'pred(*previous, *i)'
Assertion failed on expression: 'pred(*previous, *i)'
Assertion failed on expression: 'pred(*previous, *i)'
Assertion failed on expression: 'pred(*previous, *i)'
Assertion failed on expression: 'pred(*previous, *i)'
Assertion failed on expression: 'pred(*previous, *i)'
Assertion failed on expression: 'pred(*previous, *i)'
Assertion failed on expression: 'pred(*previous, *i)'
Assertion failed on expression: 'pred(*previous, *i)'
Assertion failed on expression: 'pred(*previous, *i)'
Assertion failed on expression: 'pred(*previous, *i)'
Assertion failed on expression: 'pred(*previous, *i)'
Assertion failed on expression: 'pred(*previous, *i)'
Assertion failed on expression: 'pred(*previous, *i)'
Assertion failed on expression: 'pred(*previous, *i)'
Assertion failed on expression: 'pred(*previous, *i)'
Assertion failed on expression: 'pred(*previous, *i)'
Assertion failed on expression: 'pred(*previous, *i)'
Assertion failed on expression: 'pred(*previous, *i)'
Assertion failed on expression: 'pred(*previous, *i)'
Assertion failed on expression: 'pred(*previous, *i)'
Assertion failed on expression: 'pred(*previous, *i)'
Assertion failed on expression: 'pred(*previous, *i)'
Assertion failed on expression: 'pred(*previous, *i)'
Assertion failed on expression: 'pred(*previous, *i)'
Assertion failed on expression: 'pred(*previous, *i)'
Assertion failed on expression: 'pred(*previous, *i)'
Assertion failed on expression: 'pred(*previous, *i)'
Assertion failed on expression: 'pred(*previous, *i)'
Assertion failed on expression: 'pred(*previous, *i)'
Assertion failed on expression: 'pred(*previous, *i)'
Assertion failed on expression: 'pred(*previous, *i)'
Assertion failed on expression: 'pred(*previous, *i)'
Assertion failed on expression: 'pred(*previous, *i)'
Assertion failed on expression: 'pred(*previous, *i)'
Assertion failed on expression: 'pred(*previous, *i)'
Assertion failed on expression: 'pred(*previous, *i)'
Assertion failed on expression: 'pred(*previous, *i)'
Assertion failed on expression: 'pred(*previous, *i)'
Assertion failed on expression: 'pred(*previous, *i)'
Assertion failed on expression: 'pred(*previous, *i)'
Assertion failed on expression: 'pred(*previous, *i)'
Assertion failed on expression: 'pred(*previous, *i)'
Assertion failed on expression: 'pred(*previous, *i)'
Assertion failed on expression: 'pred(*previous, *i)'
Assertion failed on expression: 'pred(*previous, *i)'
Assertion failed on expression: 'pred(*previous, *i)'
Assertion failed on expression: 'pred(*previous, *i)'
Assertion failed on expression: 'pred(*previous, *i)'
Assertion failed on expression: 'pred(*previous, *i)'
Assertion failed on expression: 'pred(*previous, *i)'
Assertion failed on expression: 'pred(*previous, *i)'
Assertion failed on expression: 'pred(*previous, *i)'
Assertion failed on expression: 'pred(*previous, *i)'
Assertion failed on expression: 'pred(*previous, *i)'
Assertion failed on expression: 'pred(*previous, *i)'
Assertion failed on expression: 'pred(*previous, *i)'
Assertion failed on expression: 'pred(*previous, *i)'
Assertion failed on expression: 'pred(*previous, *i)'
Assertion failed on expression: 'pred(*previous, *i)'
Assertion failed on expression: 'pred(*previous, *i)'
Assertion failed on expression: 'pred(*previous, *i)'
Assertion failed on expression: 'pred(*previous, *i)'
Assertion failed on expression: 'pred(*previous, *i)'
Assertion failed on expression: 'pred(*previous, *i)'
Assertion failed on expression: 'pred(*previous, *i)'
Assertion failed on expression: 'pred(*previous, *i)'
Assertion failed on expression: 'pred(*previous, *i)'
Assertion failed on expression: 'pred(*previous, *i)'
Assertion failed on expression: 'pred(*previous, *i)'
Assertion failed on expression: 'pred(*previous, *i)'
Assertion failed on expression: 'pred(*previous, *i)'
Assertion failed on expression: 'pred(*previous, *i)'
Assertion failed on expression: 'pred(*previous, *i)'
Assertion failed on expression: 'pred(*previous, *i)'
Assertion failed on expression: 'pred(*previous, *i)'
Assertion failed on expression: 'pred(*previous, *i)'
Assertion failed on expression: 'pred(*previous, *i)'
Assertion failed on expression: 'pred(*previous, *i)'
Assertion failed on expression: 'pred(*previous, *i)'
Assertion failed on expression: 'pred(*previous, *i)'
Assertion failed on expression: 'pred(*previous, *i)'
Assertion failed on expression: 'pred(*previous, *i)'
Assertion failed on expression: 'pred(*previous, *i)'
Assertion failed on expression: 'pred(*previous, *i)'
Assertion failed on expression: 'pred(*previous, *i)'
Assertion failed on expression: 'pred(*previous, *i)'
Assertion failed on expression: 'pred(*previous, *i)'
Assertion failed on expression: 'pred(*previous, *i)'
Assertion failed on expression: 'pred(*previous, *i)'
Assertion failed on expression: 'pred(*previous, *i)'
Assertion failed on expression: 'pred(*previous, *i)'
Assertion failed on expression: 'pred(*previous, *i)'
Assertion failed on expression: 'pred(*previous, *i)'
Assertion failed on expression: 'pred(*previous, *i)'
Assertion failed on expression: 'pred(*previous, *i)'
Assertion failed on expression: 'pred(*previous, *i)'
Assertion failed on expression: 'pred(*previous, *i)'
Assertion failed on expression: 'pred(*previous, *i)'
Assertion failed on expression: 'pred(*previous, *i)'
Assertion failed on expression: 'pred(*previous, *i)'
Assertion failed on expression: 'pred(*previous, *i)'
Assertion failed on expression: 'pred(*previous, *i)'
Assertion failed on expression: 'pred(*previous, *i)'
Assertion failed on expression: 'pred(*previous, *i)'
Assertion failed on expression: 'pred(*previous, *i)'
Assertion failed on expression: 'pred(*previous, *i)'
Assertion failed on expression: 'pred(*previous, *i)'
Assertion failed on expression: 'pred(*previous, *i)'
Assertion failed on expression: 'pred(*previous, *i)'
Assertion failed on expression: 'pred(*previous, *i)'
Assertion failed on expression: 'pred(*previous, *i)'
Assertion failed on expression: 'pred(*previous, *i)'
Assertion failed on expression: 'pred(*previous, *i)'
Assertion failed on expression: 'pred(*previous, *i)'
Assertion failed on expression: 'pred(*previous, *i)'
Assertion failed on expression: 'pred(*previous, *i)'
Assertion failed on expression: 'pred(*previous, *i)'
Assertion failed on expression: 'pred(*previous, *i)'
Assertion failed on expression: 'pred(*previous, *i)'
Assertion failed on expression: 'pred(*previous, *i)'
Assertion failed on expression: 'pred(*previous, *i)'
Assertion failed on expression: 'pred(*previous, *i)'
Assertion failed on expression: 'pred(*previous, *i)'
Assertion failed on expression: 'pred(*previous, *i)'
Assertion failed on expression: 'pred(*previous, *i)'
Assertion failed on expression: 'pred(*previous, *i)'
Assertion failed on expression: 'pred(*previous, *i)'
Assertion failed on expression: 'pred(*previous, *i)'
Assertion failed on expression: 'pred(*previous, *i)'
Assertion failed on expression: 'pred(*previous, *i)'
Assertion failed on expression: 'pred(*previous, *i)'
Assertion failed on expression: 'pred(*previous, *i)'
Assertion failed on expression: 'pred(*previous, *i)'
Assertion failed on expression: 'pred(*previous, *i)'
Assertion failed on expression: 'pred(*previous, *i)'
Assertion failed on expression: 'pred(*previous, *i)'
Assertion failed on expression: 'pred(*previous, *i)'
Assertion failed on expression: 'pred(*previous, *i)'
Assertion failed on expression: 'pred(*previous, *i)'
Assertion failed on expression: 'pred(*previous, *i)'
Assertion failed on expression: 'pred(*previous, *i)'
Assertion failed on expression: 'pred(*previous, *i)'
Assertion failed on expression: 'pred(*previous, *i)'
Assertion failed on expression: 'pred(*previous, *i)'
Assertion failed on expression: 'pred(*previous, *i)'
Assertion failed on expression: 'pred(*previous, *i)'
Assertion failed on expression: 'pred(*previous, *i)'
Assertion failed on expression: 'pred(*previous, *i)'
Assertion failed on expression: 'pred(*previous, *i)'
Assertion failed on expression: 'pred(*previous, *i)'
Assertion failed on expression: 'pred(*previous, *i)'
Assertion failed on expression: 'pred(*previous, *i)'
Assertion failed on expression: 'pred(*previous, *i)'
Assertion failed on expression: 'pred(*previous, *i)'
Assertion failed on expression: 'pred(*previous, *i)'
Assertion failed on expression: 'pred(*previous, *i)'
Assertion failed on expression: 'pred(*previous, *i)'
Assertion failed on expression: 'pred(*previous, *i)'
Assertion failed on expression: 'pred(*previous, *i)'
Assertion failed on expression: 'pred(*previous, *i)'
Assertion failed on expression: 'pred(*previous, *i)'
Assertion failed on expression: 'pred(*previous, *i)'
Assertion failed on expression: 'pred(*previous, *i)'
Assertion failed on expression: 'pred(*previous, *i)'
Assertion failed on expression: 'pred(*previous, *i)'
Assertion failed on expression: 'pred(*previous, *i)'
Assertion failed on expression: 'pred(*previous, *i)'
Assertion failed on expression: 'pred(*previous, *i)'
Assertion failed on expression: 'pred(*previous, *i)'
Assertion failed on expression: 'pred(*previous, *i)'
Assertion failed on expression: 'pred(*previous, *i)'
Assertion failed on expression: 'pred(*previous, *i)'
Assertion failed on expression: 'pred(*previous, *i)'
Assertion failed on expression: 'pred(*previous, *i)'
Assertion failed on expression: 'pred(*previous, *i)'
Assertion failed on expression: 'pred(*previous, *i)'
Assertion failed on expression: 'pred(*previous, *i)'
Assertion failed on expression: 'pred(*previous, *i)'
Assertion failed on expression: 'pred(*previous, *i)'
Assertion failed on expression: 'pred(*previous, *i)'
Assertion failed on expression: 'pred(*previous, *i)'
Assertion failed on expression: 'pred(*previous, *i)'
Assertion failed on expression: 'pred(*previous, *i)'
Assertion failed on expression: 'pred(*previous, *i)'
Assertion failed on expression: 'pred(*previous, *i)'
Assertion failed on expression: 'pred(*previous, *i)'
Assertion failed on expression: 'pred(*previous, *i)'
Assertion failed on expression: 'pred(*previous, *i)'
Assertion failed on expression: 'pred(*previous, *i)'
Assertion failed on expression: 'pred(*previous, *i)'
Assertion failed on expression: 'pred(*previous, *i)'
Assertion failed on expression: 'pred(*previous, *i)'
Assertion failed on expression: 'pred(*previous, *i)'
Assertion failed on expression: 'pred(*previous, *i)'
Assertion failed on expression: 'pred(*previous, *i)'
Assertion failed on expression: 'pred(*previous, *i)'
Assertion failed on expression: 'pred(*previous, *i)'
Assertion failed on expression: 'pred(*previous, *i)'
Assertion failed on expression: 'pred(*previous, *i)'
Assertion failed on expression: 'pred(*previous, *i)'
Assertion failed on expression: 'pred(*previous, *i)'
Assertion failed on expression: 'pred(*previous, *i)'
Assertion failed on expression: 'pred(*previous, *i)'
Assertion failed on expression: 'pred(*previous, *i)'
Assertion failed on expression: 'pred(*previous, *i)'
Assertion failed on expression: 'pred(*previous, *i)'
Assertion failed on expression: 'pred(*previous, *i)'
Assertion failed on expression: 'pred(*previous, *i)'
Assertion failed on expression: 'pred(*previous, *i)'
Assertion failed on expression: 'pred(*previous, *i)'
Assertion failed on expression: 'pred(*previous, *i)'
Assertion failed on expression: 'pred(*previous, *i)'
Assertion failed on expression: 'pred(*previous, *i)'
Assertion failed on expression: 'pred(*previous, *i)'
Assertion failed on expression: 'pred(*previous, *i)'
Assertion failed on expression: 'pred(*previous, *i)'
Assertion failed on expression: 'pred(*previous, *i)'
Assertion failed on expression: 'pred(*previous, *i)'
Assertion failed on expression: 'pred(*previous, *i)'
Assertion failed on expression: 'pred(*previous, *i)'
Assertion failed on expression: 'pred(*previous, *i)'
Assertion failed on expression: 'pred(*previous, *i)'
Assertion failed on expression: 'pred(*previous, *i)'
Assertion failed on expression: 'pred(*previous, *i)'
Assertion failed on expression: 'pred(*previous, *i)'
Assertion failed on expression: 'pred(*previous, *i)'
Assertion failed on expression: 'pred(*previous, *i)'
Assertion failed on expression: 'pred(*previous, *i)'
Assertion failed on expression: 'pred(*previous, *i)'
Assertion failed on expression: 'pred(*previous, *i)'
Assertion failed on expression: 'pred(*previous, *i)'
Assertion failed on expression: 'pred(*previous, *i)'
Assertion failed on expression: 'pred(*previous, *i)'
Assertion failed on expression: 'pred(*previous, *i)'
Assertion failed on expression: 'pred(*previous, *i)'
Assertion failed on expression: 'pred(*previous, *i)'
Assertion failed on expression: 'pred(*previous, *i)'
Assertion failed on expression: 'pred(*previous, *i)'
Assertion failed on expression: 'pred(*previous, *i)'
Assertion failed on expression: 'pred(*previous, *i)'
Assertion failed on expression: 'pred(*previous, *i)'
Assertion failed on expression: 'pred(*previous, *i)'
Assertion failed on expression: 'pred(*previous, *i)'
Assertion failed on expression: 'pred(*previous, *i)'
Assertion failed on expression: 'pred(*previous, *i)'
Assertion failed on expression: 'pred(*previous, *i)'
Assertion failed on expression: 'pred(*previous, *i)'
Assertion failed on expression: 'pred(*previous, *i)'
Assertion failed on expression: 'pred(*previous, *i)'
Assertion failed on expression: 'pred(*previous, *i)'
Assertion failed on expression: 'pred(*previous, *i)'
Assertion failed on expression: 'pred(*previous, *i)'
Assertion failed on expression: 'pred(*previous, *i)'
Assertion failed on expression: 'pred(*previous, *i)'
Assertion failed on expression: 'pred(*previous, *i)'
Assertion failed on expression: 'pred(*previous, *i)'
Assertion failed on expression: 'pred(*previous, *i)'
Assertion failed on expression: 'pred(*previous, *i)'
Assertion failed on expression: 'pred(*previous, *i)'
Assertion failed on expression: 'pred(*previous, *i)'
Assertion failed on expression: 'pred(*previous, *i)'
Assertion failed on expression: 'pred(*previous, *i)'
Assertion failed on expression: 'pred(*previous, *i)'
Assertion failed on expression: 'pred(*previous, *i)'
Assertion failed on expression: 'pred(*previous, *i)'
Assertion failed on expression: 'pred(*previous, *i)'
Assertion failed on expression: 'pred(*previous, *i)'
Assertion failed on expression: 'pred(*previous, *i)'
Assertion failed on expression: 'pred(*previous, *i)'
Assertion failed on expression: 'pred(*previous, *i)'
Assertion failed on expression: 'pred(*previous, *i)'
Assertion failed on expression: 'pred(*previous, *i)'
Assertion failed on expression: 'pred(*previous, *i)'
Assertion failed on expression: 'pred(*previous, *i)'
Assertion failed on expression: 'pred(*previous, *i)'
Assertion failed on expression: 'pred(*previous, *i)'
Assertion failed on expression: 'pred(*previous, *i)'
Assertion failed on expression: 'pred(*previous, *i)'
Assertion failed on expression: 'pred(*previous, *i)'
Assertion failed on expression: 'pred(*previous, *i)'
Assertion failed on expression: 'pred(*previous, *i)'
Assertion failed on expression: 'pred(*previous, *i)'
Assertion failed on expression: 'pred(*previous, *i)'
Assertion failed on expression: 'pred(*previous, *i)'
Assertion failed on expression: 'pred(*previous, *i)'
Assertion failed on expression: 'pred(*previous, *i)'
Assertion failed on expression: 'pred(*previous, *i)'
Assertion failed on expression: 'pred(*previous, *i)'
Assertion failed on expression: 'pred(*previous, *i)'
Assertion failed on expression: 'pred(*previous, *i)'
Assertion failed on expression: 'pred(*previous, *i)'
Assertion failed on expression: 'pred(*previous, *i)'
Assertion failed on expression: 'pred(*previous, *i)'
Assertion failed on expression: 'pred(*previous, *i)'
Assertion failed on expression: 'pred(*previous, *i)'
Assertion failed on expression: 'pred(*previous, *i)'
Assertion failed on expression: 'pred(*previous, *i)'
Assertion failed on expression: 'pred(*previous, *i)'
Assertion failed on expression: 'pred(*previous, *i)'
Assertion failed on expression: 'pred(*previous, *i)'
Assertion failed on expression: 'pred(*previous, *i)'
Assertion failed on expression: 'pred(*previous, *i)'
Assertion failed on expression: 'pred(*previous, *i)'
Assertion failed on expression: 'pred(*previous, *i)'
Assertion failed on expression: 'pred(*previous, *i)'
Assertion failed on expression: 'pred(*previous, *i)'
Assertion failed on expression: 'pred(*previous, *i)'
Assertion failed on expression: 'pred(*previous, *i)'
Assertion failed on expression: 'pred(*previous, *i)'
Assertion failed on expression: 'pred(*previous, *i)'
Assertion failed on expression: 'pred(*previous, *i)'
Assertion failed on expression: 'pred(*previous, *i)'
Assertion failed on expression: 'pred(*previous, *i)'
Assertion failed on expression: 'pred(*previous, *i)'
Assertion failed on expression: 'pred(*previous, *i)'
Assertion failed on expression: 'pred(*previous, *i)'
Assertion failed on expression: 'pred(*previous, *i)'
Assertion failed on expression: 'pred(*previous, *i)'
Assertion failed on expression: 'pred(*previous, *i)'
Assertion failed on expression: 'pred(*previous, *i)'
Assertion failed on expression: 'pred(*previous, *i)'
Assertion failed on expression: 'pred(*previous, *i)'
Assertion failed on expression: 'pred(*previous, *i)'
Assertion failed on expression: 'pred(*previous, *i)'
Assertion failed on expression: 'pred(*previous, *i)'
Assertion failed on expression: 'pred(*previous, *i)'
Assertion failed on expression: 'pred(*previous, *i)'
Assertion failed on expression: 'pred(*previous, *i)'
Assertion failed on expression: 'pred(*previous, *i)'
Assertion failed on expression: 'pred(*previous, *i)'
Assertion failed on expression: 'pred(*previous, *i)'
Assertion failed on expression: 'pred(*previous, *i)'
Assertion failed on expression: 'pred(*previous, *i)'
Assertion failed on expression: 'pred(*previous, *i)'
Assertion failed on expression: 'pred(*previous, *i)'
Assertion failed on expression: 'pred(*previous, *i)'
Assertion failed on expression: 'pred(*previous, *i)'
Assertion failed on expression: 'pred(*previous, *i)'
Assertion failed on expression: 'pred(*previous, *i)'
Assertion failed on expression: 'pred(*previous, *i)'
Assertion failed on expression: 'pred(*previous, *i)'
Assertion failed on expression: 'pred(*previous, *i)'
Assertion failed on expression: 'pred(*previous, *i)'
Assertion failed on expression: 'pred(*previous, *i)'
Assertion failed on expression: 'pred(*previous, *i)'
Assertion failed on expression: 'pred(*previous, *i)'
Assertion failed on expression: 'pred(*previous, *i)'
Assertion failed on expression: 'pred(*previous, *i)'
Assertion failed on expression: 'pred(*previous, *i)'
Assertion failed on expression: 'pred(*previous, *i)'
Assertion failed on expression: 'pred(*previous, *i)'
Assertion failed on expression: 'pred(*previous, *i)'
Assertion failed on expression: 'pred(*previous, *i)'
Assertion failed on expression: 'pred(*previous, *i)'
Assertion failed on expression: 'pred(*previous, *i)'
Assertion failed on expression: 'pred(*previous, *i)'
Assertion failed on expression: 'pred(*previous, *i)'
Assertion failed on expression: 'pred(*previous, *i)'
Assertion failed on expression: 'pred(*previous, *i)'
Assertion failed on expression: 'pred(*previous, *i)'
Assertion failed on expression: 'pred(*previous, *i)'
Assertion failed on expression: 'pred(*previous, *i)'
Assertion failed on expression: 'pred(*previous, *i)'
Assertion failed on expression: 'pred(*previous, *i)'
Assertion failed on expression: 'pred(*previous, *i)'
Assertion failed on expression: 'pred(*previous, *i)'
Assertion failed on expression: 'pred(*previous, *i)'
Assertion failed on expression: 'pred(*previous, *i)'
Assertion failed on expression: 'pred(*previous, *i)'
Assertion failed on expression: 'pred(*previous, *i)'
Assertion failed on expression: 'pred(*previous, *i)'
Assertion failed on expression: 'pred(*previous, *i)'
Assertion failed on expression: 'pred(*previous, *i)'
Assertion failed on expression: 'pred(*previous, *i)'
Assertion failed on expression: 'pred(*previous, *i)'
Assertion failed on expression: 'pred(*previous, *i)'
Assertion failed on expression: 'pred(*previous, *i)'
Assertion failed on expression: 'pred(*previous, *i)'
Assertion failed on expression: 'pred(*previous, *i)'
Assertion failed on expression: 'pred(*previous, *i)'
Assertion failed on expression: 'pred(*previous, *i)'
Assertion failed on expression: 'pred(*previous, *i)'
Assertion failed on expression: 'pred(*previous, *i)'
Assertion failed on expression: 'pred(*previous, *i)'
Assertion failed on expression: 'pred(*previous, *i)'
Assertion failed on expression: 'pred(*previous, *i)'
Assertion failed on expression: 'pred(*previous, *i)'
Assertion failed on expression: 'pred(*previous, *i)'
Assertion failed on expression: 'pred(*previous, *i)'
Assertion failed on expression: 'pred(*previous, *i)'
Assertion failed on expression: 'pred(*previous, *i)'
Assertion failed on expression: 'pred(*previous, *i)'
Assertion failed on expression: 'pred(*previous, *i)'
Assertion failed on expression: 'pred(*previous, *i)'
Assertion failed on expression: 'pred(*previous, *i)'
Assertion failed on expression: 'pred(*previous, *i)'
Assertion failed on expression: 'pred(*previous, *i)'
Assertion failed on expression: 'pred(*previous, *i)'
Assertion failed on expression: 'pred(*previous, *i)'
Assertion failed on expression: 'pred(*previous, *i)'
Assertion failed on expression: 'pred(*previous, *i)'
Assertion failed on expression: 'pred(*previous, *i)'
Assertion failed on expression: 'pred(*previous, *i)'
Assertion failed on expression: 'pred(*previous, *i)'
Assertion failed on expression: 'pred(*previous, *i)'
Assertion failed on expression: 'pred(*previous, *i)'
Assertion failed on expression: 'pred(*previous, *i)'
Assertion failed on expression: 'pred(*previous, *i)'
Assertion failed on expression: 'pred(*previous, *i)'
Assertion failed on expression: 'pred(*previous, *i)'
Assertion failed on expression: 'pred(*previous, *i)'
Assertion failed on expression: 'pred(*previous, *i)'
Assertion failed on expression: 'pred(*previous, *i)'
Assertion failed on expression: 'pred(*previous, *i)'
Assertion failed on expression: 'pred(*previous, *i)'
Assertion failed on expression: 'pred(*previous, *i)'
Assertion failed on expression: 'pred(*previous, *i)'
Assertion failed on expression: 'pred(*previous, *i)'
Assertion failed on expression: 'pred(*previous, *i)'
Assertion failed on expression: 'pred(*previous, *i)'
Assertion failed on expression: 'pred(*previous, *i)'
Assertion failed on expression: 'pred(*previous, *i)'
Assertion failed on expression: 'pred(*previous, *i)'
Assertion failed on expression: 'pred(*previous, *i)'
Assertion failed on expression: 'pred(*previous, *i)'
Assertion failed on expression: 'pred(*previous, *i)'
Assertion failed on expression: 'pred(*previous, *i)'
Assertion failed on expression: 'pred(*previous, *i)'
Assertion failed on expression: 'pred(*previous, *i)'
Assertion failed on expression: 'pred(*previous, *i)'
Assertion failed on expression: 'pred(*previous, *i)'
Assertion failed on expression: 'pred(*previous, *i)'
Assertion failed on expression: 'pred(*previous, *i)'
Assertion failed on expression: 'pred(*previous, *i)'
Assertion failed on expression: 'pred(*previous, *i)'
Assertion failed on expression: 'pred(*previous, *i)'
Assertion failed on expression: 'pred(*previous, *i)'
Assertion failed on expression: 'pred(*previous, *i)'
Assertion failed on expression: 'pred(*previous, *i)'
Assertion failed on expression: 'pred(*previous, *i)'
Assertion failed on expression: 'pred(*previous, *i)'
Assertion failed on expression: 'pred(*previous, *i)'
Assertion failed on expression: 'pred(*previous, *i)'
Assertion failed on expression: 'pred(*previous, *i)'
Assertion failed on expression: 'pred(*previous, *i)'
Assertion failed on expression: 'pred(*previous, *i)'
Assertion failed on expression: 'pred(*previous, *i)'
Assertion failed on expression: 'pred(*previous, *i)'
Assertion failed on expression: 'pred(*previous, *i)'
Assertion failed on expression: 'pred(*previous, *i)'
Assertion failed on expression: 'pred(*previous, *i)'
Assertion failed on expression: 'pred(*previous, *i)'
Assertion failed on expression: 'pred(*previous, *i)'
Assertion failed on expression: 'pred(*previous, *i)'
Assertion failed on expression: 'pred(*previous, *i)'
Assertion failed on expression: 'pred(*previous, *i)'
Assertion failed on expression: 'pred(*previous, *i)'
Assertion failed on expression: 'pred(*previous, *i)'
Assertion failed on expression: 'pred(*previous, *i)'
Assertion failed on expression: 'pred(*previous, *i)'
Assertion failed on expression: 'pred(*previous, *i)'
Assertion failed on expression: 'pred(*previous, *i)'
Assertion failed on expression: 'pred(*previous, *i)'
Assertion failed on expression: 'pred(*previous, *i)'
Assertion failed on expression: 'pred(*previous, *i)'
Assertion failed on expression: 'pred(*previous, *i)'
Assertion failed on expression: 'pred(*previous, *i)'
Assertion failed on expression: 'pred(*previous, *i)'
Assertion failed on expression: 'pred(*previous, *i)'
Assertion failed on expression: 'pred(*previous, *i)'
Assertion failed on expression: 'pred(*previous, *i)'
Assertion failed on expression: 'pred(*previous, *i)'
Assertion failed on expression: 'pred(*previous, *i)'
Assertion failed on expression: 'pred(*previous, *i)'
Assertion failed on expression: 'pred(*previous, *i)'
Assertion failed on expression: 'pred(*previous, *i)'
Assertion failed on expression: 'pred(*previous, *i)'
Assertion failed on expression: 'pred(*previous, *i)'
Assertion failed on expression: 'pred(*previous, *i)'
Assertion failed on expression: 'pred(*previous, *i)'
Assertion failed on expression: 'pred(*previous, *i)'
Assertion failed on expression: 'pred(*previous, *i)'
Assertion failed on expression: 'pred(*previous, *i)'
Assertion failed on expression: 'pred(*previous, *i)'
Assertion failed on expression: 'pred(*previous, *i)'
Assertion failed on expression: 'pred(*previous, *i)'
Assertion failed on expression: 'pred(*previous, *i)'
Assertion failed on expression: 'pred(*previous, *i)'
Assertion failed on expression: 'pred(*previous, *i)'
Assertion failed on expression: 'pred(*previous, *i)'
Assertion failed on expression: 'pred(*previous, *i)'
Assertion failed on expression: 'pred(*previous, *i)'
Assertion failed on expression: 'pred(*previous, *i)'
Assertion failed on expression: 'pred(*previous, *i)'
Assertion failed on expression: 'pred(*previous, *i)'
Assertion failed on expression: 'pred(*previous, *i)'
Assertion failed on expression: 'pred(*previous, *i)'
Assertion failed on expression: 'pred(*previous, *i)'
Assertion failed on expression: 'pred(*previous, *i)'
Assertion failed on expression: 'pred(*previous, *i)'
Assertion failed on expression: 'pred(*previous, *i)'
Assertion failed on expression: 'pred(*previous, *i)'
Assertion failed on expression: 'pred(*previous, *i)'
Assertion failed on expression: 'pred(*previous, *i)'
Assertion failed on expression: 'pred(*previous, *i)'
Assertion failed on expression: 'pred(*previous, *i)'
Assertion failed on expression: 'pred(*previous, *i)'
Assertion failed on expression: 'pred(*previous, *i)'
Assertion failed on expression: 'pred(*previous, *i)'
Assertion failed on expression: 'pred(*previous, *i)'
Assertion failed on expression: 'pred(*previous, *i)'
Assertion failed on expression: 'pred(*previous, *i)'
Assertion failed on expression: 'pred(*previous, *i)'
Assertion failed on expression: 'pred(*previous, *i)'
Assertion failed on expression: 'pred(*previous, *i)'
Assertion failed on expression: 'pred(*previous, *i)'
Assertion failed on expression: 'pred(*previous, *i)'
Assertion failed on expression: 'pred(*previous, *i)'
Assertion failed on expression: 'pred(*previous, *i)'
Assertion failed on expression: 'pred(*previous, *i)'
Assertion failed on expression: 'pred(*previous, *i)'
Assertion failed on expression: 'pred(*previous, *i)'
Assertion failed on expression: 'pred(*previous, *i)'
Assertion failed on expression: 'pred(*previous, *i)'
Assertion failed on expression: 'pred(*previous, *i)'
Assertion failed on expression: 'pred(*previous, *i)'
Assertion failed on expression: 'pred(*previous, *i)'
Assertion failed on expression: 'pred(*previous, *i)'
Assertion failed on expression: 'pred(*previous, *i)'
Assertion failed on expression: 'pred(*previous, *i)'
Assertion failed on expression: 'pred(*previous, *i)'
Assertion failed on expression: 'pred(*previous, *i)'
Assertion failed on expression: 'pred(*previous, *i)'
Assertion failed on expression: 'pred(*previous, *i)'
Assertion failed on expression: 'pred(*previous, *i)'
Assertion failed on expression: 'pred(*previous, *i)'
Assertion failed on expression: 'pred(*previous, *i)'
Assertion failed on expression: 'pred(*previous, *i)'
Assertion failed on expression: 'pred(*previous, *i)'
Assertion failed on expression: 'pred(*previous, *i)'
Assertion failed on expression: 'pred(*previous, *i)'
Assertion failed on expression: 'pred(*previous, *i)'
Assertion failed on expression: 'pred(*previous, *i)'
Assertion failed on expression: 'pred(*previous, *i)'
Assertion failed on expression: 'pred(*previous, *i)'
Assertion failed on expression: 'pred(*previous, *i)'
Assertion failed on expression: 'pred(*previous, *i)'
Assertion failed on expression: 'pred(*previous, *i)'
Assertion failed on expression: 'pred(*previous, *i)'
Assertion failed on expression: 'pred(*previous, *i)'
Assertion failed on expression: 'pred(*previous, *i)'
Assertion failed on expression: 'pred(*previous, *i)'
Assertion failed on expression: 'pred(*previous, *i)'
Assertion failed on expression: 'pred(*previous, *i)'
Assertion failed on expression: 'pred(*previous, *i)'
Assertion failed on expression: 'pred(*previous, *i)'
Assertion failed on expression: 'pred(*previous, *i)'
Assertion failed on expression: 'pred(*previous, *i)'
Assertion failed on expression: 'pred(*previous, *i)'
Assertion failed on expression: 'pred(*previous, *i)'
Assertion failed on expression: 'pred(*previous, *i)'
Assertion failed on expression: 'pred(*previous, *i)'
Assertion failed on expression: 'pred(*previous, *i)'
Assertion failed on expression: 'pred(*previous, *i)'
Assertion failed on expression: 'pred(*previous, *i)'
Assertion failed on expression: 'pred(*previous, *i)'
Assertion failed on expression: 'pred(*previous, *i)'
Assertion failed on expression: 'pred(*previous, *i)'
Assertion failed on expression: 'pred(*previous, *i)'
Assertion failed on expression: 'pred(*previous, *i)'
Assertion failed on expression: 'pred(*previous, *i)'
Assertion failed on expression: 'pred(*previous, *i)'
Assertion failed on expression: 'pred(*previous, *i)'
Assertion failed on expression: 'pred(*previous, *i)'
Assertion failed on expression: 'pred(*previous, *i)'
Assertion failed on expression: 'pred(*previous, *i)'
Assertion failed on expression: 'pred(*previous, *i)'
Assertion failed on expression: 'pred(*previous, *i)'
Assertion failed on expression: 'pred(*previous, *i)'
Assertion failed on expression: 'pred(*previous, *i)'
Assertion failed on expression: 'pred(*previous, *i)'
Assertion failed on expression: 'pred(*previous, *i)'
Assertion failed on expression: 'pred(*previous, *i)'
Assertion failed on expression: 'pred(*previous, *i)'
Assertion failed on expression: 'pred(*previous, *i)'
Assertion failed on expression: 'pred(*previous, *i)'
Assertion failed on expression: 'pred(*previous, *i)'
Assertion failed on expression: 'pred(*previous, *i)'
Assertion failed on expression: 'pred(*previous, *i)'
Assertion failed on expression: 'pred(*previous, *i)'
Assertion failed on expression: 'pred(*previous, *i)'
Assertion failed on expression: 'pred(*previous, *i)'
Assertion failed on expression: 'pred(*previous, *i)'
Assertion failed on expression: 'pred(*previous, *i)'
Assertion failed on expression: 'pred(*previous, *i)'
Assertion failed on expression: 'pred(*previous, *i)'
Assertion failed on expression: 'pred(*previous, *i)'
Assertion failed on expression: 'pred(*previous, *i)'
Assertion failed on expression: 'pred(*previous, *i)'
Assertion failed on expression: 'pred(*previous, *i)'
Assertion failed on expression: 'pred(*previous, *i)'
Assertion failed on expression: 'pred(*previous, *i)'
Assertion failed on expression: 'pred(*previous, *i)'
Assertion failed on expression: 'pred(*previous, *i)'
Assertion failed on expression: 'pred(*previous, *i)'
Assertion failed on expression: 'pred(*previous, *i)'
Assertion failed on expression: 'pred(*previous, *i)'
Assertion failed on expression: 'pred(*previous, *i)'
Assertion failed on expression: 'pred(*previous, *i)'
Assertion failed on expression: 'pred(*previous, *i)'
Assertion failed on expression: 'pred(*previous, *i)'
Assertion failed on expression: 'pred(*previous, *i)'
Assertion failed on expression: 'pred(*previous, *i)'
Assertion failed on expression: 'pred(*previous, *i)'
Assertion failed on expression: 'pred(*previous, *i)'
Assertion failed on expression: 'pred(*previous, *i)'
Assertion failed on expression: 'pred(*previous, *i)'
Assertion failed on expression: 'pred(*previous, *i)'
Assertion failed on expression: 'pred(*previous, *i)'
Assertion failed on expression: 'pred(*previous, *i)'
Assertion failed on expression: 'pred(*previous, *i)'
Assertion failed on expression: 'pred(*previous, *i)'
Assertion failed on expression: 'pred(*previous, *i)'
Assertion failed on expression: 'pred(*previous, *i)'
Assertion failed on expression: 'pred(*previous, *i)'
Assertion failed on expression: 'pred(*previous, *i)'
Assertion failed on expression: 'pred(*previous, *i)'
Assertion failed on expression: 'pred(*previous, *i)'
Assertion failed on expression: 'pred(*previous, *i)'
Assertion failed on expression: 'pred(*previous, *i)'
Assertion failed on expression: 'pred(*previous, *i)'
Assertion failed on expression: 'pred(*previous, *i)'
Assertion failed on expression: 'pred(*previous, *i)'
Assertion failed on expression: 'pred(*previous, *i)'
Assertion failed on expression: 'pred(*previous, *i)'
Assertion failed on expression: 'pred(*previous, *i)'
Assertion failed on expression: 'pred(*previous, *i)'
Assertion failed on expression: 'pred(*previous, *i)'
Assertion failed on expression: 'pred(*previous, *i)'
Assertion failed on expression: 'pred(*previous, *i)'
Assertion failed on expression: 'pred(*previous, *i)'
Assertion failed on expression: 'pred(*previous, *i)'
Assertion failed on expression: 'pred(*previous, *i)'
Assertion failed on expression: 'pred(*previous, *i)'
Assertion failed on expression: 'pred(*previous, *i)'
Assertion failed on expression: 'pred(*previous, *i)'
Assertion failed on expression: 'pred(*previous, *i)'
Assertion failed on expression: 'pred(*previous, *i)'
Assertion failed on expression: 'pred(*previous, *i)'
Assertion failed on expression: 'pred(*previous, *i)'
Assertion failed on expression: 'pred(*previous, *i)'
Assertion failed on expression: 'pred(*previous, *i)'
Assertion failed on expression: 'pred(*previous, *i)'
Assertion failed on expression: 'pred(*previous, *i)'
Assertion failed on expression: 'pred(*previous, *i)'
Assertion failed on expression: 'pred(*previous, *i)'
Assertion failed on expression: 'pred(*previous, *i)'
Assertion failed on expression: 'pred(*previous, *i)'
Assertion failed on expression: 'pred(*previous, *i)'
Assertion failed on expression: 'pred(*previous, *i)'
Assertion failed on expression: 'pred(*previous, *i)'
Assertion failed on expression: 'pred(*previous, *i)'
Assertion failed on expression: 'pred(*previous, *i)'
Assertion failed on expression: 'pred(*previous, *i)'
Assertion failed on expression: 'pred(*previous, *i)'
Assertion failed on expression: 'pred(*previous, *i)'
Assertion failed on expression: 'pred(*previous, *i)'
Assertion failed on expression: 'pred(*previous, *i)'
Assertion failed on expression: 'pred(*previous, *i)'
Assertion failed on expression: 'pred(*previous, *i)'
Assertion failed on expression: 'pred(*previous, *i)'
Assertion failed on expression: 'pred(*previous, *i)'
Assertion failed on expression: 'pred(*previous, *i)'
Assertion failed on expression: 'pred(*previous, *i)'
Assertion failed on expression: 'pred(*previous, *i)'
Assertion failed on expression: 'pred(*previous, *i)'
Assertion failed on expression: 'pred(*previous, *i)'
Assertion failed on expression: 'pred(*previous, *i)'
Assertion failed on expression: 'pred(*previous, *i)'
Assertion failed on expression: 'pred(*previous, *i)'
Assertion failed on expression: 'pred(*previous, *i)'
Assertion failed on expression: 'pred(*previous, *i)'
Assertion failed on expression: 'pred(*previous, *i)'
Assertion failed on expression: 'pred(*previous, *i)'
Assertion failed on expression: 'pred(*previous, *i)'
Assertion failed on expression: 'pred(*previous, *i)'
Assertion failed on expression: 'pred(*previous, *i)'
Assertion failed on expression: 'pred(*previous, *i)'
Assertion failed on expression: 'pred(*previous, *i)'
Assertion failed on expression: 'pred(*previous, *i)'
Assertion failed on expression: 'pred(*previous, *i)'
Assertion failed on expression: 'pred(*previous, *i)'
Assertion failed on expression: 'pred(*previous, *i)'
Assertion failed on expression: 'pred(*previous, *i)'
Assertion failed on expression: 'pred(*previous, *i)'
Assertion failed on expression: 'pred(*previous, *i)'
Assertion failed on expression: 'pred(*previous, *i)'
Assertion failed on expression: 'pred(*previous, *i)'
Assertion failed on expression: 'pred(*previous, *i)'
Assertion failed on expression: 'pred(*previous, *i)'
Assertion failed on expression: 'pred(*previous, *i)'
Assertion failed on expression: 'pred(*previous, *i)'
Assertion failed on expression: 'pred(*previous, *i)'
Assertion failed on expression: 'pred(*previous, *i)'
Assertion failed on expression: 'pred(*previous, *i)'
Assertion failed on expression: 'pred(*previous, *i)'
Assertion failed on expression: 'pred(*previous, *i)'
Assertion failed on expression: 'pred(*previous, *i)'
Assertion failed on expression: 'pred(*previous, *i)'
Assertion failed on expression: 'pred(*previous, *i)'
Assertion failed on expression: 'pred(*previous, *i)'
Assertion failed on expression: 'pred(*previous, *i)'
Assertion failed on expression: 'pred(*previous, *i)'
Assertion failed on expression: 'pred(*previous, *i)'
Assertion failed on expression: 'pred(*previous, *i)'
Assertion failed on expression: 'pred(*previous, *i)'
Assertion failed on expression: 'pred(*previous, *i)'
Assertion failed on expression: 'pred(*previous, *i)'
Assertion failed on expression: 'pred(*previous, *i)'
Assertion failed on expression: 'pred(*previous, *i)'
Assertion failed on expression: 'pred(*previous, *i)'
Assertion failed on expression: 'pred(*previous, *i)'
Assertion failed on expression: 'pred(*previous, *i)'
Assertion failed on expression: 'pred(*previous, *i)'
Assertion failed on expression: 'pred(*previous, *i)'
Assertion failed on expression: 'pred(*previous, *i)'
Assertion failed on expression: 'pred(*previous, *i)'
Assertion failed on expression: 'pred(*previous, *i)'
Assertion failed on expression: 'pred(*previous, *i)'
Assertion failed on expression: 'pred(*previous, *i)'
Assertion failed on expression: 'pred(*previous, *i)'
Assertion failed on expression: 'pred(*previous, *i)'
Assertion failed on expression: 'pred(*previous, *i)'
Assertion failed on expression: 'pred(*previous, *i)'
Assertion failed on expression: 'pred(*previous, *i)'
Assertion failed on expression: 'pred(*previous, *i)'
Assertion failed on expression: 'pred(*previous, *i)'
Assertion failed on expression: 'pred(*previous, *i)'
Assertion failed on expression: 'pred(*previous, *i)'
Assertion failed on expression: 'pred(*previous, *i)'
Assertion failed on expression: 'pred(*previous, *i)'
Assertion failed on expression: 'pred(*previous, *i)'
Assertion failed on expression: 'pred(*previous, *i)'
Assertion failed on expression: 'pred(*previous, *i)'
Assertion failed on expression: 'pred(*previous, *i)'
Assertion failed on expression: 'pred(*previous, *i)'
Assertion failed on expression: 'pred(*previous, *i)'
Assertion failed on expression: 'pred(*previous, *i)'
Assertion failed on expression: 'pred(*previous, *i)'
Assertion failed on expression: 'pred(*previous, *i)'
Assertion failed on expression: 'pred(*previous, *i)'
Assertion failed on expression: 'pred(*previous, *i)'
Assertion failed on expression: 'pred(*previous, *i)'
Assertion failed on expression: 'pred(*previous, *i)'
Assertion failed on expression: 'pred(*previous, *i)'
Assertion failed on expression: 'pred(*previous, *i)'
Assertion failed on expression: 'pred(*previous, *i)'
Assertion failed on expression: 'pred(*previous, *i)'
Assertion failed on expression: 'pred(*previous, *i)'
Assertion failed on expression: 'pred(*previous, *i)'
Assertion failed on expression: 'pred(*previous, *i)'
Assertion failed on expression: 'pred(*previous, *i)'
Assertion failed on expression: 'pred(*previous, *i)'
Assertion failed on expression: 'pred(*previous, *i)'
Assertion failed on expression: 'pred(*previous, *i)'
Assertion failed on expression: 'pred(*previous, *i)'
Assertion failed on expression: 'pred(*previous, *i)'
Assertion failed on expression: 'pred(*previous, *i)'
Assertion failed on expression: 'pred(*previous, *i)'
Assertion failed on expression: 'pred(*previous, *i)'
Assertion failed on expression: 'pred(*previous, *i)'
Assertion failed on expression: 'pred(*previous, *i)'
Assertion failed on expression: 'pred(*previous, *i)'
Assertion failed on expression: 'pred(*previous, *i)'
Assertion failed on expression: 'pred(*previous, *i)'
Assertion failed on expression: 'pred(*previous, *i)'
Assertion failed on expression: 'pred(*previous, *i)'
Assertion failed on expression: 'pred(*previous, *i)'
Assertion failed on expression: 'pred(*previous, *i)'
Assertion failed on expression: 'pred(*previous, *i)'
Assertion failed on expression: 'pred(*previous, *i)'
Assertion failed on expression: 'pred(*previous, *i)'
Assertion failed on expression: 'pred(*previous, *i)'
Assertion failed on expression: 'pred(*previous, *i)'
Assertion failed on expression: 'pred(*previous, *i)'
Assertion failed on expression: 'pred(*previous, *i)'
Assertion failed on expression: 'pred(*previous, *i)'
Assertion failed on expression: 'pred(*previous, *i)'
Assertion failed on expression: 'pred(*previous, *i)'
Assertion failed on expression: 'pred(*previous, *i)'
Assertion failed on expression: 'pred(*previous, *i)'
Assertion failed on expression: 'pred(*previous, *i)'
Assertion failed on expression: 'pred(*previous, *i)'
Assertion failed on expression: 'pred(*previous, *i)'
Assertion failed on expression: 'pred(*previous, *i)'
Assertion failed on expression: 'pred(*previous, *i)'
Assertion failed on expression: 'pred(*previous, *i)'
Assertion failed on expression: 'pred(*previous, *i)'
Assertion failed on expression: 'pred(*previous, *i)'
Assertion failed on expression: 'pred(*previous, *i)'
Assertion failed on expression: 'pred(*previous, *i)'
Assertion failed on expression: 'pred(*previous, *i)'
Assertion failed on expression: 'pred(*previous, *i)'
Assertion failed on expression: 'pred(*previous, *i)'
Assertion failed on expression: 'pred(*previous, *i)'
Assertion failed on expression: 'pred(*previous, *i)'
Assertion failed on expression: 'pred(*previous, *i)'
Assertion failed on expression: 'pred(*previous, *i)'
Assertion failed on expression: 'pred(*previous, *i)'
Assertion failed on expression: 'pred(*previous, *i)'
Assertion failed on expression: 'pred(*previous, *i)'
Assertion failed on expression: 'pred(*previous, *i)'
Assertion failed on expression: 'pred(*previous, *i)'
Assertion failed on expression: 'pred(*previous, *i)'
Assertion failed on expression: 'pred(*previous, *i)'
Assertion failed on expression: 'pred(*previous, *i)'
Assertion failed on expression: 'pred(*previous, *i)'
Assertion failed on expression: 'pred(*previous, *i)'
Assertion failed on expression: 'pred(*previous, *i)'
Assertion failed on expression: 'pred(*previous, *i)'
Assertion failed on expression: 'pred(*previous, *i)'
Assertion failed on expression: 'pred(*previous, *i)'
Assertion failed on expression: 'pred(*previous, *i)'
Assertion failed on expression: 'pred(*previous, *i)'
Assertion failed on expression: 'pred(*previous, *i)'
Assertion failed on expression: 'pred(*previous, *i)'
Assertion failed on expression: 'pred(*previous, *i)'
Assertion failed on expression: 'pred(*previous, *i)'
Assertion failed on expression: 'pred(*previous, *i)'
Assertion failed on expression: 'pred(*previous, *i)'
Assertion failed on expression: 'pred(*previous, *i)'
Assertion failed on expression: 'pred(*previous, *i)'
Assertion failed on expression: 'pred(*previous, *i)'
Assertion failed on expression: 'pred(*previous, *i)'
Assertion failed on expression: 'pred(*previous, *i)'
Assertion failed on expression: 'pred(*previous, *i)'
Assertion failed on expression: 'pred(*previous, *i)'
Assertion failed on expression: 'pred(*previous, *i)'
Assertion failed on expression: 'pred(*previous, *i)'
Assertion failed on expression: 'pred(*previous, *i)'
Assertion failed on expression: 'pred(*previous, *i)'
Assertion failed on expression: 'pred(*previous, *i)'
Assertion failed on expression: 'pred(*previous, *i)'
Assertion failed on expression: 'pred(*previous, *i)'
Assertion failed on expression: 'pred(*previous, *i)'
Assertion failed on expression: 'pred(*previous, *i)'
Assertion failed on expression: 'pred(*previous, *i)'
Assertion failed on expression: 'pred(*previous, *i)'
Assertion failed on expression: 'pred(*previous, *i)'
Assertion failed on expression: 'pred(*previous, *i)'
Assertion failed on expression: 'pred(*previous, *i)'
Assertion failed on expression: 'pred(*previous, *i)'
Assertion failed on expression: 'pred(*previous, *i)'
Assertion failed on expression: 'pred(*previous, *i)'
Assertion failed on expression: 'pred(*previous, *i)'
Assertion failed on expression: 'pred(*previous, *i)'
Assertion failed on expression: 'pred(*previous, *i)'
Assertion failed on expression: 'pred(*previous, *i)'
Assertion failed on expression: 'pred(*previous, *i)'
Assertion failed on expression: 'pred(*previous, *i)'
Assertion failed on expression: 'pred(*previous, *i)'
Assertion failed on expression: 'pred(*previous, *i)'
Assertion failed on expression: 'pred(*previous, *i)'
Assertion failed on expression: 'pred(*previous, *i)'
Assertion failed on expression: 'pred(*previous, *i)'
Assertion failed on expression: 'pred(*previous, *i)'
Assertion failed on expression: 'pred(*previous, *i)'
Assertion failed on expression: 'pred(*previous, *i)'
Assertion failed on expression: 'pred(*previous, *i)'
Assertion failed on expression: 'pred(*previous, *i)'
Assertion failed on expression: 'pred(*previous, *i)'
Assertion failed on expression: 'pred(*previous, *i)'
Assertion failed on expression: 'pred(*previous, *i)'
Assertion failed on expression: 'pred(*previous, *i)'
Assertion failed on expression: 'pred(*previous, *i)'
Assertion failed on expression: 'pred(*previous, *i)'
Assertion failed on expression: 'pred(*previous, *i)'
Assertion failed on expression: 'pred(*previous, *i)'
Assertion failed on expression: 'pred(*previous, *i)'
Assertion failed on expression: 'pred(*previous, *i)'
Assertion failed on expression: 'pred(*previous, *i)'
Assertion failed on expression: 'pred(*previous, *i)'
Assertion failed on expression: 'pred(*previous, *i)'
Assertion failed on expression: 'pred(*previous, *i)'
Assertion failed on expression: 'pred(*previous, *i)'
Assertion failed on expression: 'pred(*previous, *i)'
Assertion failed on expression: 'pred(*previous, *i)'
Assertion failed on expression: 'pred(*previous, *i)'
Assertion failed on expression: 'pred(*previous, *i)'
Assertion failed on expression: 'pred(*previous, *i)'
Assertion failed on expression: 'pred(*previous, *i)'
Assertion failed on expression: 'pred(*previous, *i)'
Assertion failed on expression: 'pred(*previous, *i)'
Assertion failed on expression: 'pred(*previous, *i)'
Assertion failed on expression: 'pred(*previous, *i)'
Assertion failed on expression: 'pred(*previous, *i)'
Assertion failed on expression: 'pred(*previous, *i)'
Assertion failed on expression: 'pred(*previous, *i)'
Assertion failed on expression: 'pred(*previous, *i)'
Assertion failed on expression: 'pred(*previous, *i)'
Assertion failed on expression: 'pred(*previous, *i)'
Assertion failed on expression: 'pred(*previous, *i)'
Assertion failed on expression: 'pred(*previous, *i)'
Assertion failed on expression: 'pred(*previous, *i)'
Assertion failed on expression: 'pred(*previous, *i)'
Assertion failed on expression: 'pred(*previous, *i)'
Assertion failed on expression: 'pred(*previous, *i)'
Assertion failed on expression: 'pred(*previous, *i)'
Assertion failed on expression: 'pred(*previous, *i)'
Assertion failed on expression: 'pred(*previous, *i)'
Assertion failed on expression: 'pred(*previous, *i)'
Assertion failed on expression: 'pred(*previous, *i)'
Assertion failed on expression: 'pred(*previous, *i)'
Assertion failed on expression: 'pred(*previous, *i)'
Assertion failed on expression: 'pred(*previous, *i)'
Assertion failed on expression: 'pred(*previous, *i)'
Assertion failed on expression: 'pred(*previous, *i)'
Assertion failed on expression: 'pred(*previous, *i)'
Assertion failed on expression: 'pred(*previous, *i)'
Assertion failed on expression: 'pred(*previous, *i)'
Assertion failed on expression: 'pred(*previous, *i)'
Assertion failed on expression: 'pred(*previous, *i)'
Assertion failed on expression: 'pred(*previous, *i)'
Assertion failed on expression: 'pred(*previous, *i)'
Assertion failed on expression: 'pred(*previous, *i)'
Assertion failed on expression: 'pred(*previous, *i)'
Assertion failed on expression: 'pred(*previous, *i)'
Assertion failed on expression: 'pred(*previous, *i)'
Assertion failed on expression: 'pred(*previous, *i)'
Assertion failed on expression: 'pred(*previous, *i)'
Assertion failed on expression: 'pred(*previous, *i)'
Assertion failed on expression: 'pred(*previous, *i)'
Assertion failed on expression: 'pred(*previous, *i)'
Assertion failed on expression: 'pred(*previous, *i)'
Assertion failed on expression: 'pred(*previous, *i)'
Assertion failed on expression: 'pred(*previous, *i)'
Assertion failed on expression: 'pred(*previous, *i)'
Assertion failed on expression: 'pred(*previous, *i)'
Assertion failed on expression: 'pred(*previous, *i)'
Assertion failed on expression: 'pred(*previous, *i)'
Assertion failed on expression: 'pred(*previous, *i)'
Assertion failed on expression: 'pred(*previous, *i)'
Assertion failed on expression: 'pred(*previous, *i)'
Assertion failed on expression: 'pred(*previous, *i)'
Assertion failed on expression: 'pred(*previous, *i)'
Assertion failed on expression: 'pred(*previous, *i)'
Assertion failed on expression: 'pred(*previous, *i)'
Assertion failed on expression: 'pred(*previous, *i)'
Assertion failed on expression: 'pred(*previous, *i)'
Assertion failed on expression: 'pred(*previous, *i)'
Assertion failed on expression: 'pred(*previous, *i)'
Assertion failed on expression: 'pred(*previous, *i)'
Assertion failed on expression: 'pred(*previous, *i)'
Assertion failed on expression: 'pred(*previous, *i)'
Assertion failed on expression: 'pred(*previous, *i)'
Assertion failed on expression: 'pred(*previous, *i)'
Assertion failed on expression: 'pred(*previous, *i)'
Assertion failed on expression: 'pred(*previous, *i)'
Assertion failed on expression: 'pred(*previous, *i)'
Assertion failed on expression: 'pred(*previous, *i)'
Assertion failed on expression: 'pred(*previous, *i)'
Assertion failed on expression: 'pred(*previous, *i)'
Assertion failed on expression: 'pred(*previous, *i)'
Assertion failed on expression: 'pred(*previous, *i)'
Assertion failed on expression: 'pred(*previous, *i)'
Assertion failed on expression: 'pred(*previous, *i)'
Assertion failed on expression: 'pred(*previous, *i)'
Assertion failed on expression: 'pred(*previous, *i)'
Assertion failed on expression: 'pred(*previous, *i)'
Assertion failed on expression: 'pred(*previous, *i)'
Assertion failed on expression: 'pred(*previous, *i)'
Assertion failed on expression: 'pred(*previous, *i)'
Assertion failed on expression: 'pred(*previous, *i)'
Assertion failed on expression: 'pred(*previous, *i)'
Assertion failed on expression: 'pred(*previous, *i)'
Assertion failed on expression: 'pred(*previous, *i)'
Assertion failed on expression: 'pred(*previous, *i)'
Assertion failed on expression: 'pred(*previous, *i)'
Assertion failed on expression: 'pred(*previous, *i)'
Assertion failed on expression: 'pred(*previous, *i)'
Assertion failed on expression: 'pred(*previous, *i)'
Assertion failed on expression: 'pred(*previous, *i)'
Assertion failed on expression: 'pred(*previous, *i)'
Assertion failed on expression: 'pred(*previous, *i)'
Assertion failed on expression: 'pred(*previous, *i)'
Assertion failed on expression: 'pred(*previous, *i)'
Assertion failed on expression: 'pred(*previous, *i)'
Assertion failed on expression: 'pred(*previous, *i)'
Assertion failed on expression: 'pred(*previous, *i)'
Assertion failed on expression: 'pred(*previous, *i)'
Assertion failed on expression: 'pred(*previous, *i)'
Assertion failed on expression: 'pred(*previous, *i)'
Assertion failed on expression: 'pred(*previous, *i)'
Assertion failed on expression: 'pred(*previous, *i)'
Assertion failed on expression: 'pred(*previous, *i)'
Assertion failed on expression: 'pred(*previous, *i)'
Assertion failed on expression: 'pred(*previous, *i)'
Assertion failed on expression: 'pred(*previous, *i)'
Assertion failed on expression: 'pred(*previous, *i)'
Assertion failed on expression: 'pred(*previous, *i)'
Assertion failed on expression: 'pred(*previous, *i)'
Assertion failed on expression: 'pred(*previous, *i)'
Assertion failed on expression: 'pred(*previous, *i)'
Assertion failed on expression: 'pred(*previous, *i)'
Assertion failed on expression: 'pred(*previous, *i)'
Assertion failed on expression: 'pred(*previous, *i)'
Assertion failed on expression: 'pred(*previous, *i)'
Assertion failed on expression: 'pred(*previous, *i)'
Assertion failed on expression: 'pred(*previous, *i)'
Assertion failed on expression: 'pred(*previous, *i)'
Assertion failed on expression: 'pred(*previous, *i)'
Assertion failed on expression: 'pred(*previous, *i)'
Assertion failed on expression: 'pred(*previous, *i)'
Assertion failed on expression: 'pred(*previous, *i)'
Assertion failed on expression: 'pred(*previous, *i)'
Assertion failed on expression: 'pred(*previous, *i)'
Assertion failed on expression: 'pred(*previous, *i)'
Assertion failed on expression: 'pred(*previous, *i)'
Assertion failed on expression: 'pred(*previous, *i)'
Assertion failed on expression: 'pred(*previous, *i)'
Assertion failed on expression: 'pred(*previous, *i)'
Assertion failed on expression: 'pred(*previous, *i)'
Assertion failed on expression: 'pred(*previous, *i)'
Assertion failed on expression: 'pred(*previous, *i)'
Assertion failed on expression: 'pred(*previous, *i)'
Assertion failed on expression: 'pred(*previous, *i)'
Assertion failed on expression: 'pred(*previous, *i)'
Assertion failed on expression: 'pred(*previous, *i)'
Assertion failed on expression: 'pred(*previous, *i)'
Assertion failed on expression: 'pred(*previous, *i)'
Assertion failed on expression: 'pred(*previous, *i)'
Assertion failed on expression: 'pred(*previous, *i)'
Assertion failed on expression: 'pred(*previous, *i)'
Assertion failed on expression: 'pred(*previous, *i)'
Assertion failed on expression: 'pred(*previous, *i)'
Assertion failed on expression: 'pred(*previous, *i)'
Assertion failed on expression: 'pred(*previous, *i)'
Assertion failed on expression: 'pred(*previous, *i)'
Assertion failed on expression: 'pred(*previous, *i)'
Assertion failed on expression: 'pred(*previous, *i)'
Assertion failed on expression: 'pred(*previous, *i)'
Assertion failed on expression: 'pred(*previous, *i)'
Assertion failed on expression: 'pred(*previous, *i)'
Assertion failed on expression: 'pred(*previous, *i)'
Assertion failed on expression: 'pred(*previous, *i)'
Assertion failed on expression: 'pred(*previous, *i)'
Assertion failed on expression: 'pred(*previous, *i)'
Assertion failed on expression: 'pred(*previous, *i)'
Assertion failed on expression: 'pred(*previous, *i)'
Assertion failed on expression: 'pred(*previous, *i)'
Assertion failed on expression: 'pred(*previous, *i)'
Assertion failed on expression: 'pred(*previous, *i)'
Assertion failed on expression: 'pred(*previous, *i)'
Assertion failed on expression: 'pred(*previous, *i)'
Assertion failed on expression: 'pred(*previous, *i)'
Assertion failed on expression: 'pred(*previous, *i)'
Assertion failed on expression: 'pred(*previous, *i)'
Assertion failed on expression: 'pred(*previous, *i)'
Assertion failed on expression: 'pred(*previous, *i)'
Assertion failed on expression: 'pred(*previous, *i)'
Assertion failed on expression: 'pred(*previous, *i)'
Assertion failed on expression: 'pred(*previous, *i)'
Assertion failed on expression: 'pred(*previous, *i)'
Assertion failed on expression: 'pred(*previous, *i)'
Assertion failed on expression: 'pred(*previous, *i)'
Assertion failed on expression: 'pred(*previous, *i)'
Assertion failed on expression: 'pred(*previous, *i)'
Assertion failed on expression: 'pred(*previous, *i)'
Assertion failed on expression: 'pred(*previous, *i)'
Assertion failed on expression: 'pred(*previous, *i)'
Assertion failed on expression: 'pred(*previous, *i)'
Assertion failed on expression: 'pred(*previous, *i)'
Assertion failed on expression: 'pred(*previous, *i)'
Assertion failed on expression: 'pred(*previous, *i)'
Assertion failed on expression: 'pred(*previous, *i)'
Assertion failed on expression: 'pred(*previous, *i)'
Assertion failed on expression: 'pred(*previous, *i)'
Assertion failed on expression: 'pred(*previous, *i)'
Assertion failed on expression: 'pred(*previous, *i)'
Assertion failed on expression: 'pred(*previous, *i)'
Assertion failed on expression: 'pred(*previous, *i)'
Assertion failed on expression: 'pred(*previous, *i)'
Assertion failed on expression: 'pred(*previous, *i)'
Assertion failed on expression: 'pred(*previous, *i)'
Assertion failed on expression: 'pred(*previous, *i)'
Assertion failed on expression: 'pred(*previous, *i)'
Assertion failed on expression: 'pred(*previous, *i)'
Assertion failed on expression: 'pred(*previous, *i)'
Assertion failed on expression: 'pred(*previous, *i)'
Assertion failed on expression: 'pred(*previous, *i)'
Assertion failed on expression: 'pred(*previous, *i)'
Assertion failed on expression: 'pred(*previous, *i)'
Assertion failed on expression: 'pred(*previous, *i)'
Assertion failed on expression: 'pred(*previous, *i)'
Assertion failed on expression: 'pred(*previous, *i)'
Assertion failed on expression: 'pred(*previous, *i)'
Assertion failed on expression: 'pred(*previous, *i)'
Assertion failed on expression: 'pred(*previous, *i)'
Assertion failed on expression: 'pred(*previous, *i)'
Assertion failed on expression: 'pred(*previous, *i)'
Assertion failed on expression: 'pred(*previous, *i)'
Assertion failed on expression: 'pred(*previous, *i)'
Assertion failed on expression: 'pred(*previous, *i)'
Assertion failed on expression: 'pred(*previous, *i)'
Assertion failed on expression: 'pred(*previous, *i)'
Assertion failed on expression: 'pred(*previous, *i)'
Assertion failed on expression: 'pred(*previous, *i)'
Assertion failed on expression: 'pred(*previous, *i)'
Assertion failed on expression: 'pred(*previous, *i)'
Assertion failed on expression: 'pred(*previous, *i)'
Assertion failed on expression: 'pred(*previous, *i)'
Assertion failed on expression: 'pred(*previous, *i)'
Assertion failed on expression: 'pred(*previous, *i)'
Assertion failed on expression: 'pred(*previous, *i)'
Assertion failed on expression: 'pred(*previous, *i)'
Assertion failed on expression: 'pred(*previous, *i)'
Assertion failed on expression: 'pred(*previous, *i)'
Assertion failed on expression: 'pred(*previous, *i)'
Assertion failed on expression: 'pred(*previous, *i)'
Assertion failed on expression: 'pred(*previous, *i)'
Assertion failed on expression: 'pred(*previous, *i)'
Assertion failed on expression: 'pred(*previous, *i)'
Assertion failed on expression: 'pred(*previous, *i)'
Assertion failed on expression: 'pred(*previous, *i)'
Assertion failed on expression: 'pred(*previous, *i)'
Assertion failed on expression: 'pred(*previous, *i)'
Assertion failed on expression: 'pred(*previous, *i)'
Assertion failed on expression: 'pred(*previous, *i)'
Assertion failed on expression: 'pred(*previous, *i)'
Assertion failed on expression: 'pred(*previous, *i)'
Assertion failed on expression: 'pred(*previous, *i)'
Assertion failed on expression: 'pred(*previous, *i)'
Assertion failed on expression: 'pred(*previous, *i)'
Assertion failed on expression: 'pred(*previous, *i)'
Assertion failed on expression: 'pred(*previous, *i)'
Assertion failed on expression: 'pred(*previous, *i)'
Assertion failed on expression: 'pred(*previous, *i)'
Assertion failed on expression: 'pred(*previous, *i)'
Assertion failed on expression: 'pred(*previous, *i)'
Assertion failed on expression: 'pred(*previous, *i)'
Assertion failed on expression: 'pred(*previous, *i)'
Assertion failed on expression: 'pred(*previous, *i)'
Assertion failed on expression: 'pred(*previous, *i)'
Assertion failed on expression: 'pred(*previous, *i)'
Assertion failed on expression: 'pred(*previous, *i)'
Assertion failed on expression: 'pred(*previous, *i)'
Assertion failed on expression: 'pred(*previous, *i)'
Assertion failed on expression: 'pred(*previous, *i)'
Assertion failed on expression: 'pred(*previous, *i)'
Assertion failed on expression: 'pred(*previous, *i)'
Assertion failed on expression: 'pred(*previous, *i)'
Assertion failed on expression: 'pred(*previous, *i)'
Assertion failed on expression: 'pred(*previous, *i)'
Assertion failed on expression: 'pred(*previous, *i)'
Assertion failed on expression: 'pred(*previous, *i)'
Assertion failed on expression: 'pred(*previous, *i)'
Assertion failed on expression: 'pred(*previous, *i)'
Assertion failed on expression: 'pred(*previous, *i)'
Assertion failed on expression: 'pred(*previous, *i)'
Assertion failed on expression: 'pred(*previous, *i)'
Assertion failed on expression: 'pred(*previous, *i)'
Assertion failed on expression: 'pred(*previous, *i)'
Assertion failed on expression: 'pred(*previous, *i)'
Assertion failed on expression: 'pred(*previous, *i)'
Assertion failed on expression: 'pred(*previous, *i)'
Assertion failed on expression: 'pred(*previous, *i)'
Assertion failed on expression: 'pred(*previous, *i)'
Assertion failed on expression: 'pred(*previous, *i)'
Assertion failed on expression: 'pred(*previous, *i)'
Assertion failed on expression: 'pred(*previous, *i)'
Assertion failed on expression: 'pred(*previous, *i)'
Assertion failed on expression: 'pred(*previous, *i)'
Assertion failed on expression: 'pred(*previous, *i)'
Assertion failed on expression: 'pred(*previous, *i)'
Assertion failed on expression: 'pred(*previous, *i)'
Assertion failed on expression: 'pred(*previous, *i)'
Assertion failed on expression: 'pred(*previous, *i)'
Assertion failed on expression: 'pred(*previous, *i)'
Assertion failed on expression: 'pred(*previous, *i)'
Assertion failed on expression: 'pred(*previous, *i)'
Assertion failed on expression: 'pred(*previous, *i)'
Assertion failed on expression: 'pred(*previous, *i)'
Assertion failed on expression: 'pred(*previous, *i)'
Assertion failed on expression: 'pred(*previous, *i)'
Assertion failed on expression: 'pred(*previous, *i)'
Assertion failed on expression: 'pred(*previous, *i)'
Assertion failed on expression: 'pred(*previous, *i)'
Assertion failed on expression: 'pred(*previous, *i)'
Assertion failed on expression: 'pred(*previous, *i)'
Assertion failed on expression: 'pred(*previous, *i)'
Assertion failed on expression: 'pred(*previous, *i)'
Assertion failed on expression: 'pred(*previous, *i)'
Assertion failed on expression: 'pred(*previous, *i)'
Assertion failed on expression: 'pred(*previous, *i)'
Assertion failed on expression: 'pred(*previous, *i)'
Assertion failed on expression: 'pred(*previous, *i)'
Assertion failed on expression: 'pred(*previous, *i)'
Assertion failed on expression: 'pred(*previous, *i)'
Assertion failed on expression: 'pred(*previous, *i)'
Assertion failed on expression: 'pred(*previous, *i)'
Assertion failed on expression: 'pred(*previous, *i)'
Assertion failed on expression: 'pred(*previous, *i)'
Assertion failed on expression: 'pred(*previous, *i)'
Assertion failed on expression: 'pred(*previous, *i)'
Assertion failed on expression: 'pred(*previous, *i)'
Assertion failed on expression: 'pred(*previous, *i)'
Assertion failed on expression: 'pred(*previous, *i)'
Assertion failed on expression: 'pred(*previous, *i)'
Assertion failed on expression: 'pred(*previous, *i)'
Assertion failed on expression: 'pred(*previous, *i)'
Assertion failed on expression: 'pred(*previous, *i)'
Assertion failed on expression: 'pred(*previous, *i)'
Assertion failed on expression: 'pred(*previous, *i)'
Assertion failed on expression: 'pred(*previous, *i)'
Assertion failed on expression: 'pred(*previous, *i)'
Assertion failed on expression: 'pred(*previous, *i)'
Assertion failed on expression: 'pred(*previous, *i)'
Assertion failed on expression: 'pred(*previous, *i)'
Assertion failed on expression: 'pred(*previous, *i)'
Assertion failed on expression: 'pred(*previous, *i)'
Assertion failed on expression: 'pred(*previous, *i)'
Assertion failed on expression: 'pred(*previous, *i)'
Assertion failed on expression: 'pred(*previous, *i)'
Assertion failed on expression: 'pred(*previous, *i)'
Assertion failed on expression: 'pred(*previous, *i)'
Assertion failed on expression: 'pred(*previous, *i)'
Assertion failed on expression: 'pred(*previous, *i)'
Assertion failed on expression: 'pred(*previous, *i)'
Assertion failed on expression: 'pred(*previous, *i)'
Assertion failed on expression: 'pred(*previous, *i)'
Assertion failed on expression: 'pred(*previous, *i)'
Assertion failed on expression: 'pred(*previous, *i)'
Assertion failed on expression: 'pred(*previous, *i)'
Assertion failed on expression: 'pred(*previous, *i)'
Assertion failed on expression: 'pred(*previous, *i)'
Assertion failed on expression: 'pred(*previous, *i)'
Assertion failed on expression: 'pred(*previous, *i)'
Assertion failed on expression: 'pred(*previous, *i)'
Assertion failed on expression: 'pred(*previous, *i)'
Assertion failed on expression: 'pred(*previous, *i)'
Assertion failed on expression: 'pred(*previous, *i)'
Assertion failed on expression: 'pred(*previous, *i)'
Assertion failed on expression: 'pred(*previous, *i)'
Assertion failed on expression: 'pred(*previous, *i)'
Assertion failed on expression: 'pred(*previous, *i)'
Assertion failed on expression: 'pred(*previous, *i)'
Assertion failed on expression: 'pred(*previous, *i)'
Assertion failed on expression: 'pred(*previous, *i)'
Assertion failed on expression: 'pred(*previous, *i)'
Assertion failed on expression: 'pred(*previous, *i)'
Assertion failed on expression: 'pred(*previous, *i)'
Assertion failed on expression: 'pred(*previous, *i)'
Assertion failed on expression: 'pred(*previous, *i)'
Assertion failed on expression: 'pred(*previous, *i)'
Assertion failed on expression: 'pred(*previous, *i)'
Assertion failed on expression: 'pred(*previous, *i)'
Assertion failed on expression: 'pred(*previous, *i)'
Assertion failed on expression: 'pred(*previous, *i)'
Assertion failed on expression: 'pred(*previous, *i)'
Assertion failed on expression: 'pred(*previous, *i)'
Assertion failed on expression: 'pred(*previous, *i)'
Assertion failed on expression: 'pred(*previous, *i)'
Assertion failed on expression: 'pred(*previous, *i)'
Assertion failed on expression: 'pred(*previous, *i)'
Assertion failed on expression: 'pred(*previous, *i)'
Assertion failed on expression: 'pred(*previous, *i)'
Assertion failed on expression: 'pred(*previous, *i)'
Assertion failed on expression: 'pred(*previous, *i)'
Assertion failed on expression: 'pred(*previous, *i)'
Assertion failed on expression: 'pred(*previous, *i)'
Assertion failed on expression: 'pred(*previous, *i)'
Assertion failed on expression: 'pred(*previous, *i)'
Assertion failed on expression: 'pred(*previous, *i)'
Assertion failed on expression: 'pred(*previous, *i)'
Assertion failed on expression: 'pred(*previous, *i)'
Assertion failed on expression: 'pred(*previous, *i)'
Assertion failed on expression: 'pred(*previous, *i)'
Assertion failed on expression: 'pred(*previous, *i)'
Assertion failed on expression: 'pred(*previous, *i)'
Assertion failed on expression: 'pred(*previous, *i)'
Assertion failed on expression: 'pred(*previous, *i)'
Assertion failed on expression: 'pred(*previous, *i)'
Assertion failed on expression: 'pred(*previous, *i)'
Assertion failed on expression: 'pred(*previous, *i)'
Assertion failed on expression: 'pred(*previous, *i)'
Assertion failed on expression: 'pred(*previous, *i)'
Assertion failed on expression: 'pred(*previous, *i)'
Assertion failed on expression: 'pred(*previous, *i)'
Assertion failed on expression: 'pred(*previous, *i)'
Assertion failed on expression: 'pred(*previous, *i)'
Assertion failed on expression: 'pred(*previous, *i)'
Assertion failed on expression: 'pred(*previous, *i)'
Assertion failed on expression: 'pred(*previous, *i)'
Assertion failed on expression: 'pred(*previous, *i)'
Assertion failed on expression: 'pred(*previous, *i)'
Assertion failed on expression: 'pred(*previous, *i)'
Assertion failed on expression: 'pred(*previous, *i)'
Assertion failed on expression: 'pred(*previous, *i)'
Assertion failed on expression: 'pred(*previous, *i)'
Assertion failed on expression: 'pred(*previous, *i)'
Assertion failed on expression: 'pred(*previous, *i)'
Assertion failed on expression: 'pred(*previous, *i)'
Assertion failed on expression: 'pred(*previous, *i)'
Assertion failed on expression: 'pred(*previous, *i)'
Assertion failed on expression: 'pred(*previous, *i)'
Assertion failed on expression: 'pred(*previous, *i)'
Assertion failed on expression: 'pred(*previous, *i)'
Assertion failed on expression: 'pred(*previous, *i)'
Assertion failed on expression: 'pred(*previous, *i)'
Assertion failed on expression: 'pred(*previous, *i)'
Assertion failed on expression: 'pred(*previous, *i)'
Assertion failed on expression: 'pred(*previous, *i)'
Assertion failed on expression: 'pred(*previous, *i)'
Assertion failed on expression: 'pred(*previous, *i)'
Assertion failed on expression: 'pred(*previous, *i)'
Assertion failed on expression: 'pred(*previous, *i)'
Assertion failed on expression: 'pred(*previous, *i)'
Assertion failed on expression: 'pred(*previous, *i)'
Assertion failed on expression: 'pred(*previous, *i)'
Assertion failed on expression: 'pred(*previous, *i)'
Assertion failed on expression: 'pred(*previous, *i)'
Assertion failed on expression: 'pred(*previous, *i)'
Assertion failed on expression: 'pred(*previous, *i)'
Assertion failed on expression: 'pred(*previous, *i)'
Assertion failed on expression: 'pred(*previous, *i)'
Assertion failed on expression: 'pred(*previous, *i)'
Assertion failed on expression: 'pred(*previous, *i)'
Assertion failed on expression: 'pred(*previous, *i)'
Assertion failed on expression: 'pred(*previous, *i)'
Assertion failed on expression: 'pred(*previous, *i)'
Assertion failed on expression: 'pred(*previous, *i)'
Assertion failed on expression: 'pred(*previous, *i)'
Assertion failed on expression: 'pred(*previous, *i)'
Assertion failed on expression: 'pred(*previous, *i)'
Assertion failed on expression: 'pred(*previous, *i)'
Assertion failed on expression: 'pred(*previous, *i)'
Assertion failed on expression: 'pred(*previous, *i)'
Assertion failed on expression: 'pred(*previous, *i)'
Assertion failed on expression: 'pred(*previous, *i)'
Assertion failed on expression: 'pred(*previous, *i)'
Assertion failed on expression: 'pred(*previous, *i)'
Assertion failed on expression: 'pred(*previous, *i)'
Assertion failed on expression: 'pred(*previous, *i)'
Assertion failed on expression: 'pred(*previous, *i)'
Assertion failed on expression: 'pred(*previous, *i)'
Assertion failed on expression: 'pred(*previous, *i)'
Assertion failed on expression: 'pred(*previous, *i)'
Assertion failed on expression: 'pred(*previous, *i)'
Assertion failed on expression: 'pred(*previous, *i)'
Assertion failed on expression: 'pred(*previous, *i)'
Assertion failed on expression: 'pred(*previous, *i)'
Assertion failed on expression: 'pred(*previous, *i)'
Assertion failed on expression: 'pred(*previous, *i)'
Assertion failed on expression: 'pred(*previous, *i)'
Assertion failed on expression: 'pred(*previous, *i)'
Assertion failed on expression: 'pred(*previous, *i)'
Assertion failed on expression: 'pred(*previous, *i)'
Assertion failed on expression: 'pred(*previous, *i)'
Assertion failed on expression: 'pred(*previous, *i)'
Assertion failed on expression: 'pred(*previous, *i)'
Assertion failed on expression: 'pred(*previous, *i)'
Assertion failed on expression: 'pred(*previous, *i)'
Assertion failed on expression: 'pred(*previous, *i)'
Assertion failed on expression: 'pred(*previous, *i)'
Assertion failed on expression: 'pred(*previous, *i)'
Assertion failed on expression: 'pred(*previous, *i)'
Assertion failed on expression: 'pred(*previous, *i)'
Assertion failed on expression: 'pred(*previous, *i)'
Assertion failed on expression: 'pred(*previous, *i)'
Assertion failed on expression: 'pred(*previous, *i)'
Assertion failed on expression: 'pred(*previous, *i)'
Assertion failed on expression: 'pred(*previous, *i)'
Assertion failed on expression: 'pred(*previous, *i)'
Assertion failed on expression: 'pred(*previous, *i)'
Assertion failed on expression: 'pred(*previous, *i)'
Assertion failed on expression: 'pred(*previous, *i)'
Assertion failed on expression: 'pred(*previous, *i)'
Assertion failed on expression: 'pred(*previous, *i)'
Assertion failed on expression: 'pred(*previous, *i)'
Assertion failed on expression: 'pred(*previous, *i)'
Assertion failed on expression: 'pred(*previous, *i)'
Assertion failed on expression: 'pred(*previous, *i)'
Assertion failed on expression: 'pred(*previous, *i)'
Assertion failed on expression: 'pred(*previous, *i)'
Assertion failed on expression: 'pred(*previous, *i)'
Assertion failed on expression: 'pred(*previous, *i)'
Assertion failed on expression: 'pred(*previous, *i)'
Assertion failed on expression: 'pred(*previous, *i)'
Assertion failed on expression: 'pred(*previous, *i)'
Assertion failed on expression: 'pred(*previous, *i)'
Assertion failed on expression: 'pred(*previous, *i)'
Assertion failed on expression: 'pred(*previous, *i)'
Assertion failed on expression: 'pred(*previous, *i)'
Assertion failed on expression: 'pred(*previous, *i)'
Assertion failed on expression: 'pred(*previous, *i)'
Assertion failed on expression: 'pred(*previous, *i)'
Assertion failed on expression: 'pred(*previous, *i)'
Assertion failed on expression: 'pred(*previous, *i)'
Assertion failed on expression: 'pred(*previous, *i)'
Assertion failed on expression: 'pred(*previous, *i)'
Assertion failed on expression: 'pred(*previous, *i)'
Assertion failed on expression: 'pred(*previous, *i)'
Assertion failed on expression: 'pred(*previous, *i)'
Assertion failed on expression: 'pred(*previous, *i)'
Assertion failed on expression: 'pred(*previous, *i)'
Assertion failed on expression: 'pred(*previous, *i)'
Assertion failed on expression: 'pred(*previous, *i)'
Assertion failed on expression: 'pred(*previous, *i)'
Assertion failed on expression: 'pred(*previous, *i)'
Assertion failed on expression: 'pred(*previous, *i)'
Assertion failed on expression: 'pred(*previous, *i)'
Assertion failed on expression: 'pred(*previous, *i)'
Assertion failed on expression: 'pred(*previous, *i)'
Assertion failed on expression: 'pred(*previous, *i)'
Assertion failed on expression: 'pred(*previous, *i)'
Assertion failed on expression: 'pred(*previous, *i)'
Assertion failed on expression: 'pred(*previous, *i)'
Assertion failed on expression: 'pred(*previous, *i)'
Assertion failed on expression: 'pred(*previous, *i)'
Assertion failed on expression: 'pred(*previous, *i)'
Assertion failed on expression: 'pred(*previous, *i)'
Assertion failed on expression: 'pred(*previous, *i)'
Assertion failed on expression: 'pred(*previous, *i)'
Assertion failed on expression: 'pred(*previous, *i)'
Assertion failed on expression: 'pred(*previous, *i)'
Assertion failed on expression: 'pred(*previous, *i)'
Assertion failed on expression: 'pred(*previous, *i)'
Assertion failed on expression: 'pred(*previous, *i)'
Assertion failed on expression: 'pred(*previous, *i)'
Assertion failed on expression: 'pred(*previous, *i)'
Assertion failed on expression: 'pred(*previous, *i)'
Assertion failed on expression: 'pred(*previous, *i)'
Assertion failed on expression: 'pred(*previous, *i)'
Assertion failed on expression: 'pred(*previous, *i)'
Assertion failed on expression: 'pred(*previous, *i)'
Assertion failed on expression: 'pred(*previous, *i)'
Assertion failed on expression: 'pred(*previous, *i)'
Assertion failed on expression: 'pred(*previous, *i)'
Assertion failed on expression: 'pred(*previous, *i)'
Assertion failed on expression: 'pred(*previous, *i)'
Assertion failed on expression: 'pred(*previous, *i)'
Assertion failed on expression: 'pred(*previous, *i)'
Assertion failed on expression: 'pred(*previous, *i)'
Assertion failed on expression: 'pred(*previous, *i)'
Assertion failed on expression: 'pred(*previous, *i)'
Assertion failed on expression: 'pred(*previous, *i)'
Assertion failed on expression: 'pred(*previous, *i)'
Assertion failed on expression: 'pred(*previous, *i)'
Assertion failed on expression: 'pred(*previous, *i)'
Assertion failed on expression: 'pred(*previous, *i)'
Assertion failed on expression: 'pred(*previous, *i)'
Assertion failed on expression: 'pred(*previous, *i)'
Assertion failed on expression: 'pred(*previous, *i)'
Assertion failed on expression: 'pred(*previous, *i)'
Assertion failed on expression: 'pred(*previous, *i)'
Assertion failed on expression: 'pred(*previous, *i)'
Assertion failed on expression: 'pred(*previous, *i)'
Assertion failed on expression: 'pred(*previous, *i)'
Assertion failed on expression: 'pred(*previous, *i)'
Assertion failed on expression: 'pred(*previous, *i)'
Assertion failed on expression: 'pred(*previous, *i)'
Assertion failed on expression: 'pred(*previous, *i)'
Assertion failed on expression: 'pred(*previous, *i)'
Assertion failed on expression: 'pred(*previous, *i)'
Assertion failed on expression: 'pred(*previous, *i)'
Assertion failed on expression: 'pred(*previous, *i)'
Assertion failed on expression: 'pred(*previous, *i)'
Assertion failed on expression: 'pred(*previous, *i)'
Assertion failed on expression: 'pred(*previous, *i)'
Assertion failed on expression: 'pred(*previous, *i)'
Assertion failed on expression: 'pred(*previous, *i)'
Assertion failed on expression: 'pred(*previous, *i)'
Assertion failed on expression: 'pred(*previous, *i)'
Assertion failed on expression: 'pred(*previous, *i)'
Assertion failed on expression: 'pred(*previous, *i)'
Assertion failed on expression: 'pred(*previous, *i)'
Assertion failed on expression: 'pred(*previous, *i)'
Assertion failed on expression: 'pred(*previous, *i)'
Assertion failed on expression: 'pred(*previous, *i)'
Assertion failed on expression: 'pred(*previous, *i)'
Assertion failed on expression: 'pred(*previous, *i)'
Assertion failed on expression: 'pred(*previous, *i)'
Assertion failed on expression: 'pred(*previous, *i)'
Assertion failed on expression: 'pred(*previous, *i)'
Assertion failed on expression: 'pred(*previous, *i)'
Assertion failed on expression: 'pred(*previous, *i)'
Assertion failed on expression: 'pred(*previous, *i)'
Assertion failed on expression: 'pred(*previous, *i)'
Assertion failed on expression: 'pred(*previous, *i)'
Assertion failed on expression: 'pred(*previous, *i)'
Assertion failed on expression: 'pred(*previous, *i)'
Assertion failed on expression: 'pred(*previous, *i)'
Assertion failed on expression: 'pred(*previous, *i)'
Assertion failed on expression: 'pred(*previous, *i)'
Assertion failed on expression: 'pred(*previous, *i)'
Assertion failed on expression: 'pred(*previous, *i)'
Assertion failed on expression: 'pred(*previous, *i)'
Assertion failed on expression: 'pred(*previous, *i)'
Assertion failed on expression: 'pred(*previous, *i)'
Assertion failed on expression: 'pred(*previous, *i)'
Assertion failed on expression: 'pred(*previous, *i)'
Assertion failed on expression: 'pred(*previous, *i)'
Assertion failed on expression: 'pred(*previous, *i)'
Assertion failed on expression: 'pred(*previous, *i)'
Assertion failed on expression: 'pred(*previous, *i)'
Assertion failed on expression: 'pred(*previous, *i)'
Assertion failed on expression: 'pred(*previous, *i)'
Assertion failed on expression: 'pred(*previous, *i)'
Assertion failed on expression: 'pred(*previous, *i)'
Assertion failed on expression: 'pred(*previous, *i)'
Assertion failed on expression: 'pred(*previous, *i)'
Assertion failed on expression: 'pred(*previous, *i)'
Assertion failed on expression: 'pred(*previous, *i)'
Assertion failed on expression: 'pred(*previous, *i)'
Assertion failed on expression: 'pred(*previous, *i)'
Assertion failed on expression: 'pred(*previous, *i)'
Assertion failed on expression: 'pred(*previous, *i)'
Assertion failed on expression: 'pred(*previous, *i)'
Assertion failed on expression: 'pred(*previous, *i)'
Assertion failed on expression: 'pred(*previous, *i)'
Assertion failed on expression: 'pred(*previous, *i)'
Assertion failed on expression: 'pred(*previous, *i)'
Assertion failed on expression: 'pred(*previous, *i)'
Assertion failed on expression: 'pred(*previous, *i)'
Assertion failed on expression: 'pred(*previous, *i)'
Assertion failed on expression: 'pred(*previous, *i)'
Assertion failed on expression: 'pred(*previous, *i)'
Assertion failed on expression: 'pred(*previous, *i)'
Assertion failed on expression: 'pred(*previous, *i)'
Assertion failed on expression: 'pred(*previous, *i)'
Assertion failed on expression: 'pred(*previous, *i)'
Assertion failed on expression: 'pred(*previous, *i)'
Assertion failed on expression: 'pred(*previous, *i)'
Assertion failed on expression: 'pred(*previous, *i)'
Assertion failed on expression: 'pred(*previous, *i)'
Assertion failed on expression: 'pred(*previous, *i)'
Assertion failed on expression: 'pred(*previous, *i)'
Assertion failed on expression: 'pred(*previous, *i)'
Assertion failed on expression: 'pred(*previous, *i)'
Assertion failed on expression: 'pred(*previous, *i)'
Assertion failed on expression: 'pred(*previous, *i)'
Assertion failed on expression: 'pred(*previous, *i)'
Assertion failed on expression: 'pred(*previous, *i)'
Assertion failed on expression: 'pred(*previous, *i)'
Assertion failed on expression: 'pred(*previous, *i)'
Assertion failed on expression: 'pred(*previous, *i)'
Assertion failed on expression: 'pred(*previous, *i)'
Assertion failed on expression: 'pred(*previous, *i)'
Assertion failed on expression: 'pred(*previous, *i)'
Assertion failed on expression: 'pred(*previous, *i)'
Assertion failed on expression: 'pred(*previous, *i)'
Assertion failed on expression: 'pred(*previous, *i)'
Assertion failed on expression: 'pred(*previous, *i)'
Assertion failed on expression: 'pred(*previous, *i)'
Assertion failed on expression: 'pred(*previous, *i)'
Assertion failed on expression: 'pred(*previous, *i)'
Assertion failed on expression: 'pred(*previous, *i)'
Assertion failed on expression: 'pred(*previous, *i)'
Assertion failed on expression: 'pred(*previous, *i)'
Assertion failed on expression: 'pred(*previous, *i)'
Assertion failed on expression: 'pred(*previous, *i)'
Assertion failed on expression: 'pred(*previous, *i)'
Assertion failed on expression: 'pred(*previous, *i)'
Assertion failed on expression: 'pred(*previous, *i)'
Assertion failed on expression: 'pred(*previous, *i)'
Assertion failed on expression: 'pred(*previous, *i)'
Assertion failed on expression: 'pred(*previous, *i)'
Assertion failed on expression: 'pred(*previous, *i)'
Assertion failed on expression: 'pred(*previous, *i)'
Assertion failed on expression: 'pred(*previous, *i)'
Assertion failed on expression: 'pred(*previous, *i)'
Assertion failed on expression: 'pred(*previous, *i)'
Assertion failed on expression: 'pred(*previous, *i)'
Assertion failed on expression: 'pred(*previous, *i)'
Assertion failed on expression: 'pred(*previous, *i)'
Assertion failed on expression: 'pred(*previous, *i)'
Assertion failed on expression: 'pred(*previous, *i)'
Assertion failed on expression: 'pred(*previous, *i)'
Assertion failed on expression: 'pred(*previous, *i)'
Assertion failed on expression: 'pred(*previous, *i)'
Assertion failed on expression: 'pred(*previous, *i)'
Assertion failed on expression: 'pred(*previous, *i)'
Assertion failed on expression: 'pred(*previous, *i)'
Assertion failed on expression: 'pred(*previous, *i)'
Assertion failed on expression: 'pred(*previous, *i)'
Assertion failed on expression: 'pred(*previous, *i)'
Assertion failed on expression: 'pred(*previous, *i)'
Assertion failed on expression: 'pred(*previous, *i)'
Assertion failed on expression: 'pred(*previous, *i)'
Assertion failed on expression: 'pred(*previous, *i)'
Assertion failed on expression: 'pred(*previous, *i)'
Assertion failed on expression: 'pred(*previous, *i)'
Assertion failed on expression: 'pred(*previous, *i)'
Assertion failed on expression: 'pred(*previous, *i)'
Assertion failed on expression: 'pred(*previous, *i)'
Assertion failed on expression: 'pred(*previous, *i)'
Assertion failed on expression: 'pred(*previous, *i)'
Assertion failed on expression: 'pred(*previous, *i)'
Assertion failed on expression: 'pred(*previous, *i)'
Assertion failed on expression: 'pred(*previous, *i)'
Assertion failed on expression: 'pred(*previous, *i)'
Assertion failed on expression: 'pred(*previous, *i)'
Assertion failed on expression: 'pred(*previous, *i)'
Assertion failed on expression: 'pred(*previous, *i)'
Assertion failed on expression: 'pred(*previous, *i)'
Assertion failed on expression: 'pred(*previous, *i)'
Assertion failed on expression: 'pred(*previous, *i)'
Assertion failed on expression: 'pred(*previous, *i)'
Assertion failed on expression: 'pred(*previous, *i)'
Assertion failed on expression: 'pred(*previous, *i)'
Assertion failed on expression: 'pred(*previous, *i)'
Assertion failed on expression: 'pred(*previous, *i)'
Assertion failed on expression: 'pred(*previous, *i)'
Assertion failed on expression: 'pred(*previous, *i)'
Assertion failed on expression: 'pred(*previous, *i)'
Assertion failed on expression: 'pred(*previous, *i)'
Assertion failed on expression: 'pred(*previous, *i)'
Assertion failed on expression: 'pred(*previous, *i)'
Assertion failed on expression: 'pred(*previous, *i)'
Assertion failed on expression: 'pred(*previous, *i)'
Assertion failed on expression: 'pred(*previous, *i)'
Assertion failed on expression: 'pred(*previous, *i)'
Assertion failed on expression: 'pred(*previous, *i)'
Assertion failed on expression: 'pred(*previous, *i)'
Assertion failed on expression: 'pred(*previous, *i)'
Assertion failed on expression: 'pred(*previous, *i)'
Assertion failed on expression: 'pred(*previous, *i)'
Assertion failed on expression: 'pred(*previous, *i)'
Assertion failed on expression: 'pred(*previous, *i)'
Assertion failed on expression: 'pred(*previous, *i)'
Assertion failed on expression: 'pred(*previous, *i)'
Assertion failed on expression: 'pred(*previous, *i)'
Assertion failed on expression: 'pred(*previous, *i)'
Assertion failed on expression: 'pred(*previous, *i)'
Assertion failed on expression: 'pred(*previous, *i)'
Assertion failed on expression: 'pred(*previous, *i)'
Assertion failed on expression: 'pred(*previous, *i)'
Assertion failed on expression: 'pred(*previous, *i)'
Assertion failed on expression: 'pred(*previous, *i)'
Assertion failed on expression: 'pred(*previous, *i)'
Assertion failed on expression: 'pred(*previous, *i)'
Assertion failed on expression: 'pred(*previous, *i)'
Assertion failed on expression: 'pred(*previous, *i)'
Assertion failed on expression: 'pred(*previous, *i)'
Assertion failed on expression: 'pred(*previous, *i)'
Assertion failed on expression: 'pred(*previous, *i)'
Assertion failed on expression: 'pred(*previous, *i)'
Assertion failed on expression: 'pred(*previous, *i)'
Assertion failed on expression: 'pred(*previous, *i)'
Assertion failed on expression: 'pred(*previous, *i)'
Assertion failed on expression: 'pred(*previous, *i)'
Assertion failed on expression: 'pred(*previous, *i)'
Assertion failed on expression: 'pred(*previous, *i)'
Assertion failed on expression: 'pred(*previous, *i)'
Assertion failed on expression: 'pred(*previous, *i)'
Assertion failed on expression: 'pred(*previous, *i)'
Assertion failed on expression: 'pred(*previous, *i)'
Assertion failed on expression: 'pred(*previous, *i)'
Assertion failed on expression: 'pred(*previous, *i)'
Assertion failed on expression: 'pred(*previous, *i)'
Assertion failed on expression: 'pred(*previous, *i)'
Assertion failed on expression: 'pred(*previous, *i)'
Assertion failed on expression: 'pred(*previous, *i)'
Assertion failed on expression: 'pred(*previous, *i)'
Assertion failed on expression: 'pred(*previous, *i)'
Assertion failed on expression: 'pred(*previous, *i)'
Assertion failed on expression: 'pred(*previous, *i)'
Assertion failed on expression: 'pred(*previous, *i)'
Assertion failed on expression: 'pred(*previous, *i)'
Assertion failed on expression: 'pred(*previous, *i)'
Assertion failed on expression: 'pred(*previous, *i)'
Assertion failed on expression: 'pred(*previous, *i)'
Assertion failed on expression: 'pred(*previous, *i)'
Assertion failed on expression: 'pred(*previous, *i)'
Assertion failed on expression: 'pred(*previous, *i)'
Assertion failed on expression: 'pred(*previous, *i)'
Assertion failed on expression: 'pred(*previous, *i)'
Assertion failed on expression: 'pred(*previous, *i)'
Assertion failed on expression: 'pred(*previous, *i)'
Assertion failed on expression: 'pred(*previous, *i)'
Assertion failed on expression: 'pred(*previous, *i)'
Assertion failed on expression: 'pred(*previous, *i)'
Assertion failed on expression: 'pred(*previous, *i)'
Assertion failed on expression: 'pred(*previous, *i)'
Assertion failed on expression: 'pred(*previous, *i)'
Assertion failed on expression: 'pred(*previous, *i)'
Assertion failed on expression: 'pred(*previous, *i)'
Assertion failed on expression: 'pred(*previous, *i)'
Assertion failed on expression: 'pred(*previous, *i)'
Assertion failed on expression: 'pred(*previous, *i)'
Assertion failed on expression: 'pred(*previous, *i)'
Assertion failed on expression: 'pred(*previous, *i)'
Assertion failed on expression: 'pred(*previous, *i)'
Assertion failed on expression: 'pred(*previous, *i)'
Assertion failed on expression: 'pred(*previous, *i)'
Assertion failed on expression: 'pred(*previous, *i)'
Assertion failed on expression: 'pred(*previous, *i)'
Assertion failed on expression: 'pred(*previous, *i)'
Assertion failed on expression: 'pred(*previous, *i)'
Assertion failed on expression: 'pred(*previous, *i)'
Assertion failed on expression: 'pred(*previous, *i)'
Assertion failed on expression: 'pred(*previous, *i)'
Assertion failed on expression: 'pred(*previous, *i)'
Assertion failed on expression: 'pred(*previous, *i)'
Assertion failed on expression: 'pred(*previous, *i)'
Assertion failed on expression: 'pred(*previous, *i)'
Assertion failed on expression: 'pred(*previous, *i)'
Assertion failed on expression: 'pred(*previous, *i)'
Assertion failed on expression: 'pred(*previous, *i)'
Assertion failed on expression: 'pred(*previous, *i)'
Assertion failed on expression: 'pred(*previous, *i)'
Assertion failed on expression: 'pred(*previous, *i)'
Assertion failed on expression: 'pred(*previous, *i)'
Assertion failed on expression: 'pred(*previous, *i)'
Assertion failed on expression: 'pred(*previous, *i)'
Assertion failed on expression: 'pred(*previous, *i)'
Assertion failed on expression: 'pred(*previous, *i)'
Assertion failed on expression: 'pred(*previous, *i)'
Assertion failed on expression: 'pred(*previous, *i)'
Assertion failed on expression: 'pred(*previous, *i)'
Assertion failed on expression: 'pred(*previous, *i)'
Assertion failed on expression: 'pred(*previous, *i)'
Assertion failed on expression: 'pred(*previous, *i)'
Assertion failed on expression: 'pred(*previous, *i)'
Assertion failed on expression: 'pred(*previous, *i)'
Assertion failed on expression: 'pred(*previous, *i)'
Assertion failed on expression: 'pred(*previous, *i)'
Assertion failed on expression: 'pred(*previous, *i)'
Assertion failed on expression: 'pred(*previous, *i)'
Assertion failed on expression: 'pred(*previous, *i)'
Native extension for WindowsStandalone target not found
[Package Manager] Failed to launch server process. Reason: Unity was launched with the -noUpm command-line argument
[Package Manager] Unable to send message (not connected to server process).
[Package Manager] Cannot connect to Unity Package Manager local server
[MODES] ModeService[none].Initialize
[MODES] ModeService[none].LoadModes
[Package Manager] Failed to launch server process. Reason: Unity was launched with the -noUpm command-line argument
[Package Manager] Unable to send message (not connected to server process).
[Package Manager] Cannot connect to Unity Package Manager local server
ScheduleIndexationOnStartup MainProcess:False IndexOnStartup:True
Mono: successfully reloaded assembly
- Finished resetting the current domain, in  1.972 seconds
Domain Reload Profiling: 3692ms
	BeginReloadAssembly (460ms)
		DisableScriptedObjects (49ms)
		CreateAndSetChildDomain (117ms)
	RebuildCommonClasses (64ms)
	RebuildNativeTypeToScriptingClass (22ms)
	initialDomainReloadingComplete (116ms)
	LoadAllAssembliesAndSetupDomain (1058ms)
		LoadAssemblies (834ms)
		AnalyzeDomain (397ms)
			TypeCache.Refresh (11ms)
			BuildScriptInfoCaches (359ms)
			ResolveRequiredComponents (25ms)
	FinalizeReload (1973ms)
		SetupLoadedEditorAssemblies (0ms)
			InitializePlatformSupportModulesInManaged (3ms)
			BeforeProcessingInitializeOnLoad (412ms)
			ProcessInitializeOnLoadAttributes (956ms)
			ProcessInitializeOnLoadMethodAttributes (142ms)
			AfterProcessingInitializeOnLoad (13ms)
		AwakeInstancesAfterBackupRestoration (35ms)
Refreshing native plugins compatible for Editor in 2.79 ms, found 4 plugins.
Unloading 42 Unused Serialized files (Serialized files now loaded: 0)
Unloading 6658 unused Assets / (8.8 MB). Loaded Objects now: 7629.
Memory consumption went from 196.8 MB to 188.0 MB.
Total: 14.081500 ms (FindLiveObjects: 1.203000 ms CreateObjectMapping: 0.588000 ms MarkObjects: 7.429800 ms  DeleteObjects: 4.858300 ms)

Prepare: number of updated asset objects reloaded= 0
========================================================================
Received Import Request.
  Time since last request: 527.377185 seconds.
  path: Assets/BOXOPHOBIC/Skybox Cubemap Extended/Core/Editor/Boxophobic.SkyboxCubemapExtended.Editor.asmdef
  importAddress: Guid(29bc400970c5066438cbde7676418b75) Importer(815301076,1909f56bfc062723c751e8b465ee728b)
Start importing Assets/BOXOPHOBIC/Skybox Cubemap Extended/Core/Editor/Boxophobic.SkyboxCubemapExtended.Editor.asmdef using Guid(29bc400970c5066438cbde7676418b75) Importer(815301076,1909f56bfc062723c751e8b465ee728b) (PreviewImporter) -> (Import Result ID: 'e59fa6c144c01dba50ed7218525a0e76') in 0.0038425 seconds [static and dynamic dependencies]. Details - ImportResultOutputID=ae9ff85c6ee01429ecba80ed8e15ffb3 DependenciesID=d8ad710f533b26988dbaca1d624fbb04 StaticDependenciesID=f65a22f49d2ce21b7fd9f6934d91c915 
Number of updated asset objects reloaded before import = 0Number of asset objects unloaded after import = 0

========================================================================
Received Import Request.
  Time since last request: 0.000035 seconds.
  path: Assets/Imports/LPWeapons/Models/Furniture_01.fbx
  importAddress: Guid(76437dde85b553a448feac48309ee249) Importer(815301076,1909f56bfc062723c751e8b465ee728b)
Start importing Assets/Imports/LPWeapons/Models/Furniture_01.fbx using Guid(76437dde85b553a448feac48309ee249) Importer(815301076,1909f56bfc062723c751e8b465ee728b) (PreviewImporter) -> (Import Result ID: '61a277e877e522c4c2f7b6b3d2c72238') in 0.855511 seconds [static and dynamic dependencies]. Details - ImportResultOutputID=93d2ca319a7b2c39cbab498368abf03f DependenciesID=36d08ef9b7ba4509a80b16136f821c67 StaticDependenciesID=33df8cc3af76b666b51a431e6847bd94 
Number of updated asset objects reloaded before import = 0Number of asset objects unloaded after import = 8

========================================================================
Received Import Request.
  Time since last request: 0.000073 seconds.
  path: Assets/UI Elements/Assets/UI Elements/White/1x/exit left.png
  importAddress: Guid(7c62fee6fc0b36546a0dd0dfa8e9d55a) Importer(815301076,1909f56bfc062723c751e8b465ee728b)
Start importing Assets/UI Elements/Assets/UI Elements/White/1x/exit left.png using Guid(7c62fee6fc0b36546a0dd0dfa8e9d55a) Importer(815301076,1909f56bfc062723c751e8b465ee728b) (PreviewImporter) -> (Import Result ID: '4c16491ec26388159064b1b29e9d42ab') in 0.0516675 seconds [static and dynamic dependencies]. Details - ImportResultOutputID=0e67d68e3ca9477a866dcadb2cf78c59 DependenciesID=031e5539d7cd4bec179427efc8122ace StaticDependenciesID=d6cadb178e98dbd31e51e79e14827f5a 
Number of updated asset objects reloaded before import = 0Number of asset objects unloaded after import = 3

========================================================================
Received Import Request.
  Time since last request: 0.000041 seconds.
  path: Assets/Imports/LPAnimals/LOW POLY CUBIC - Goat and Sheep Pack/Animation/Goat&Sheep/GoatSheep_Sit_to_Stand.fbx
  importAddress: Guid(652e40a0bdd7f8042a17f933cdd49666) Importer(815301076,1909f56bfc062723c751e8b465ee728b)
Start importing Assets/Imports/LPAnimals/LOW POLY CUBIC - Goat and Sheep Pack/Animation/Goat&Sheep/GoatSheep_Sit_to_Stand.fbx using Guid(652e40a0bdd7f8042a17f933cdd49666) Importer(815301076,1909f56bfc062723c751e8b465ee728b) (PreviewImporter) -> (Import Result ID: '916045ed24cae67dc95b3be1ad8f39a5') in 0.0092402 seconds [static and dynamic dependencies]. Details - ImportResultOutputID=1162773f12768932b46ea623a2570f37 DependenciesID=96d03f901c59d67ebb09f29b323c138d StaticDependenciesID=c18cbc4359e1da97b00855579e2388ac 
Number of updated asset objects reloaded before import = 0Number of asset objects unloaded after import = 81

========================================================================
Received Import Request.
  Time since last request: 0.000039 seconds.
  path: Assets/TextMesh Pro/Examples & Extras/Sprites/Default Sprites.png
  importAddress: Guid(a0fc465d6cf04254a2938578735e2383) Importer(815301076,1909f56bfc062723c751e8b465ee728b)
Start importing Assets/TextMesh Pro/Examples & Extras/Sprites/Default Sprites.png using Guid(a0fc465d6cf04254a2938578735e2383) Importer(815301076,1909f56bfc062723c751e8b465ee728b) (PreviewImporter) -> (Import Result ID: '1d01a6bdaadbbfcb3617a3ff9580134f') in 0.0211723 seconds [static and dynamic dependencies]. Details - ImportResultOutputID=1f8ba4c8ee4df384d0d794a8abe8d19d DependenciesID=9ac133a139aa047585214df469537258 StaticDependenciesID=e8e4f3271c566a75ef35e647c8da2276 
Number of updated asset objects reloaded before import = 0Number of asset objects unloaded after import = 2

========================================================================
Received Import Request.
  Time since last request: 0.000026 seconds.
  path: Assets/Imports/LPAnimals/LOW POLY CUBIC - Goat and Sheep Pack/Animation/Goat&Sheep/GoatSheep_Hit_Reaction.fbx
  importAddress: Guid(831240f18fe8d9a488c354036ca5f045) Importer(815301076,1909f56bfc062723c751e8b465ee728b)
Start importing Assets/Imports/LPAnimals/LOW POLY CUBIC - Goat and Sheep Pack/Animation/Goat&Sheep/GoatSheep_Hit_Reaction.fbx using Guid(831240f18fe8d9a488c354036ca5f045) Importer(815301076,1909f56bfc062723c751e8b465ee728b) (PreviewImporter) -> (Import Result ID: '192e28400fb74e5afbc7d702fc117424') in 0.0044646 seconds [static and dynamic dependencies]. Details - ImportResultOutputID=ce853c43e2e5d5f9d718751c2ad04e9c DependenciesID=5f378013e7e5c96241a2784ff0af882c StaticDependenciesID=5e4703f33e3bb74c33fb1ebaa8998ed0 
Number of updated asset objects reloaded before import = 0Number of asset objects unloaded after import = 81

========================================================================
Received Import Request.
  Time since last request: 0.000045 seconds.
  path: Assets/TextMesh Pro/Examples & Extras/Resources/Sprite Assets/Default Sprite Asset.asset
  importAddress: Guid(fbef3c704dce48f08a44612d6c856c8d) Importer(815301076,1909f56bfc062723c751e8b465ee728b)
Start importing Assets/TextMesh Pro/Examples & Extras/Resources/Sprite Assets/Default Sprite Asset.asset using Guid(fbef3c704dce48f08a44612d6c856c8d) Importer(815301076,1909f56bfc062723c751e8b465ee728b) (PreviewImporter) -> (Import Result ID: '88f707245feb9d67124316fb8dcd7a5d') in 0.0067569 seconds [static and dynamic dependencies]. Details - ImportResultOutputID=7878b835904c5954024122686050ec4a DependenciesID=52249fbd11ddae33797a29cbad0f8163 StaticDependenciesID=5edae7083c870be9059d3304d0d6c186 
Number of updated asset objects reloaded before import = 0Number of asset objects unloaded after import = 3

========================================================================
Received Import Request.
  Time since last request: 0.000040 seconds.
  path: Assets/UI Elements/Assets/UI Elements/Black/1x/exit left.png
  importAddress: Guid(e12772358f96dbf4ebe1b874adca6028) Importer(815301076,1909f56bfc062723c751e8b465ee728b)
Start importing Assets/UI Elements/Assets/UI Elements/Black/1x/exit left.png using Guid(e12772358f96dbf4ebe1b874adca6028) Importer(815301076,1909f56bfc062723c751e8b465ee728b) (PreviewImporter) -> (Import Result ID: '81904633b61fb5a4812e7a22f4c32884') in 0.0232907 seconds [static and dynamic dependencies]. Details - ImportResultOutputID=e9f5ae1e19a77647a4daa361ba530cd3 DependenciesID=ed084ca381b1856c1b97733de1582d88 StaticDependenciesID=12157e02414a01f5e24ae2c4b6b2c773 
Number of updated asset objects reloaded before import = 0Number of asset objects unloaded after import = 3

========================================================================
Received Import Request.
  Time since last request: 0.000045 seconds.
  path: Assets/Imports/LPWeapons/Models/Furniture_02.fbx
  importAddress: Guid(8f9007a17c3ecd34d8df64f86745c329) Importer(815301076,1909f56bfc062723c751e8b465ee728b)
Start importing Assets/Imports/LPWeapons/Models/Furniture_02.fbx using Guid(8f9007a17c3ecd34d8df64f86745c329) Importer(815301076,1909f56bfc062723c751e8b465ee728b) (PreviewImporter) -> (Import Result ID: 'e834be9a875cde109a8830bd284ac356') in 0.0374056 seconds [static and dynamic dependencies]. Details - ImportResultOutputID=0357c88713c1ed0d81ae5c24ef13cb92 DependenciesID=e2e3426edbf1a46f47127d24eee16d9f StaticDependenciesID=6f23fd39202db4f9774dedad5076a618 
Number of updated asset objects reloaded before import = 0Number of asset objects unloaded after import = 7

========================================================================
Received Import Request.
  Time since last request: 0.000031 seconds.
  path: Assets/Imports/LPWeapons/Models/Furniture_03.fbx
  importAddress: Guid(5bd5826050924dd409e479e212a4eeb4) Importer(815301076,1909f56bfc062723c751e8b465ee728b)
Start importing Assets/Imports/LPWeapons/Models/Furniture_03.fbx using Guid(5bd5826050924dd409e479e212a4eeb4) Importer(815301076,1909f56bfc062723c751e8b465ee728b) (PreviewImporter) -> (Import Result ID: '22a08935c00decdcd31ff04ff5efc06d') in 0.0345361 seconds [static and dynamic dependencies]. Details - ImportResultOutputID=65a275f2185c11cb7282b9f56f4d1595 DependenciesID=62e8305d1b391c8d98d7b6f018d8cbb5 StaticDependenciesID=f59415826bfbf194166ead74fe3df45e 
Number of updated asset objects reloaded before import = 0Number of asset objects unloaded after import = 7

========================================================================
Received Import Request.
  Time since last request: 0.000043 seconds.
  path: Assets/Imports/LPAnimals/LOW POLY CUBIC - Goat and Sheep Pack/Animation/Goat&Sheep/GoatSheep_Stand_to_Sit.fbx
  importAddress: Guid(c81ff0882f483e64885b11ca9bcdd1c2) Importer(815301076,1909f56bfc062723c751e8b465ee728b)
Start importing Assets/Imports/LPAnimals/LOW POLY CUBIC - Goat and Sheep Pack/Animation/Goat&Sheep/GoatSheep_Stand_to_Sit.fbx using Guid(c81ff0882f483e64885b11ca9bcdd1c2) Importer(815301076,1909f56bfc062723c751e8b465ee728b) (PreviewImporter) -> (Import Result ID: '8c6817b6ca67fee0336cb97c3563847c') in 0.0084114 seconds [static and dynamic dependencies]. Details - ImportResultOutputID=23c85e46e15a891a6f195e72042171e3 DependenciesID=2de825d66cfe19553280afad8886ff47 StaticDependenciesID=a765295568c17a011785c5ca7493f560 
Number of updated asset objects reloaded before import = 0Number of asset objects unloaded after import = 81

========================================================================
Received Import Request.
  Time since last request: 0.000041 seconds.
  path: Assets/UI Elements/Assets/UI Elements/White/1x/exit right.png
  importAddress: Guid(e11d3330e5e316e43b980432fab67f97) Importer(815301076,1909f56bfc062723c751e8b465ee728b)
Start importing Assets/UI Elements/Assets/UI Elements/White/1x/exit right.png using Guid(e11d3330e5e316e43b980432fab67f97) Importer(815301076,1909f56bfc062723c751e8b465ee728b) (PreviewImporter) -> (Import Result ID: '3f4385d080d469603ca11c94d772f140') in 0.0289189 seconds [static and dynamic dependencies]. Details - ImportResultOutputID=ba3fb91b6e9bd787e6b148425893bd5c DependenciesID=b275144db0ce39b4e1fa479e48bd9af6 StaticDependenciesID=813f87a9e28e13fd61600581cb0994ed 
Number of updated asset objects reloaded before import = 0Number of asset objects unloaded after import = 3

========================================================================
Received Import Request.
  Time since last request: 0.000029 seconds.
  path: Assets/UI Elements/Assets/UI Elements/Black/1x/exit right.png
  importAddress: Guid(00f38cdbd9e16764b86c22427cc80bea) Importer(815301076,1909f56bfc062723c751e8b465ee728b)
Start importing Assets/UI Elements/Assets/UI Elements/Black/1x/exit right.png using Guid(00f38cdbd9e16764b86c22427cc80bea) Importer(815301076,1909f56bfc062723c751e8b465ee728b) (PreviewImporter) -> (Import Result ID: 'b25a1c920e55109f2fae9ea478f22c8f') in 0.0259591 seconds [static and dynamic dependencies]. Details - ImportResultOutputID=d17952315c9e35891476eefa6471181d DependenciesID=f27e9e51b34d5b2c80960da469d8009b StaticDependenciesID=bd7d8c2d6a6af2d13e933387b7fdd64d 
Number of updated asset objects reloaded before import = 0Number of asset objects unloaded after import = 3

========================================================================
Received Import Request.
  Time since last request: 0.000053 seconds.
  path: Assets/TextMesh Pro/Examples & Extras/Textures/Fruit Jelly (B&W).jpg
  importAddress: Guid(1cdc5b506b1a4a33a53c30669ced1f51) Importer(815301076,1909f56bfc062723c751e8b465ee728b)
Start importing Assets/TextMesh Pro/Examples & Extras/Textures/Fruit Jelly (B&W).jpg using Guid(1cdc5b506b1a4a33a53c30669ced1f51) Importer(815301076,1909f56bfc062723c751e8b465ee728b) (PreviewImporter) -> (Import Result ID: '7c9c0085863b86da46ae3930bc9800e2') in 0.0253719 seconds [static and dynamic dependencies]. Details - ImportResultOutputID=8c5b945354c47e91ca92958423e98acf DependenciesID=fd2f3c3a926c0c0adb212750f8b26c13 StaticDependenciesID=7a924440bf743d1b39a74a6cfeae3580 
Number of updated asset objects reloaded before import = 0Number of asset objects unloaded after import = 2

========================================================================
Received Prepare
Begin MonoManager ReloadAssembly
[Licensing::Client] Successfully resolved entitlement details
[Licensing::Module] License group:
  Id: F4-QRE9-8MP4-8W6G-CU99-XXXX
  Product: Unity Personal
  Type: ULF
  Expiration: Unlimited
[Licensing::Module] License group:
  Id: 115982-UnityPersXXXX
  Product: Unity Personal
  Type: Assigned
  Expiration: Unlimited
Assembly Assembly-CSharp-Editor-firstpass.dll at Library/ScriptAssemblies/Assembly-CSharp-Editor-firstpass.dll not valid. Loading of assembly skipped.
Assembly DocCodeExamples.dll at Library/ScriptAssemblies/DocCodeExamples.dll not valid. Loading of assembly skipped.
Assembly TestNewCustomAssembly.dll at Library/ScriptAssemblies/TestNewCustomAssembly.dll not valid. Loading of assembly skipped.
Assembly Unity.Collections.BurstCompatibilityGen.dll at Library/ScriptAssemblies/Unity.Collections.BurstCompatibilityGen.dll not valid. Loading of assembly skipped.
Assembly Unity.Collections.DocCodeSamples.dll at Library/ScriptAssemblies/Unity.Collections.DocCodeSamples.dll not valid. Loading of assembly skipped.
Assembly Unity.Collections.PerformanceTests.dll at Library/ScriptAssemblies/Unity.Collections.PerformanceTests.dll not valid. Loading of assembly skipped.
Assembly Unity.Collections.Tests.dll at Library/ScriptAssemblies/Unity.Collections.Tests.dll not valid. Loading of assembly skipped.
Assembly Unity.Collections.Tests.Playmode.dll at Library/ScriptAssemblies/Unity.Collections.Tests.Playmode.dll not valid. Loading of assembly skipped.
Assembly Unity.Mathematics.Tests.dll at Library/ScriptAssemblies/Unity.Mathematics.Tests.dll not valid. Loading of assembly skipped.
Assembly Unity.Multiplayer.Center.Editor.Tests.dll at Library/ScriptAssemblies/Unity.Multiplayer.Center.Editor.Tests.dll not valid. Loading of assembly skipped.
Assembly Unity.Multiplayer.Center.Tests.dll at Library/ScriptAssemblies/Unity.Multiplayer.Center.Tests.dll not valid. Loading of assembly skipped.
Assembly Unity.Nuget.Mono-Cecil.dll at Library/ScriptAssemblies/Unity.Nuget.Mono-Cecil.dll not valid. Loading of assembly skipped.
Assembly Unity.PathTracing.Editor.Tests.dll at Library/ScriptAssemblies/Unity.PathTracing.Editor.Tests.dll not valid. Loading of assembly skipped.
Assembly Unity.PathTracing.Runtime.Tests.dll at Library/ScriptAssemblies/Unity.PathTracing.Runtime.Tests.dll not valid. Loading of assembly skipped.
Assembly Unity.Performance.Profile-Analyzer.EditorTests.dll at Library/ScriptAssemblies/Unity.Performance.Profile-Analyzer.EditorTests.dll not valid. Loading of assembly skipped.
Assembly Unity.Postprocessing.Editor.Tests.dll at Library/ScriptAssemblies/Unity.Postprocessing.Editor.Tests.dll not valid. Loading of assembly skipped.
Assembly Unity.Postprocessing.Runtime.Tests.dll at Library/ScriptAssemblies/Unity.Postprocessing.Runtime.Tests.dll not valid. Loading of assembly skipped.
Assembly Unity.RenderPipelines.Core.Editor.Tests.dll at Library/ScriptAssemblies/Unity.RenderPipelines.Core.Editor.Tests.dll not valid. Loading of assembly skipped.
Assembly Unity.RenderPipelines.Core.Runtime.Tests.dll at Library/ScriptAssemblies/Unity.RenderPipelines.Core.Runtime.Tests.dll not valid. Loading of assembly skipped.
Assembly Unity.RenderPipelines.Universal.Config.Editor.Tests.dll at Library/ScriptAssemblies/Unity.RenderPipelines.Universal.Config.Editor.Tests.dll not valid. Loading of assembly skipped.
Assembly Unity.RenderPipelines.Universal.Editor.Tests.dll at Library/ScriptAssemblies/Unity.RenderPipelines.Universal.Editor.Tests.dll not valid. Loading of assembly skipped.
Assembly Unity.RenderPipelines.Universal.Runtime.Tests.dll at Library/ScriptAssemblies/Unity.RenderPipelines.Universal.Runtime.Tests.dll not valid. Loading of assembly skipped.
Assembly Unity.Searcher.EditorTests.dll at Library/ScriptAssemblies/Unity.Searcher.EditorTests.dll not valid. Loading of assembly skipped.
Assembly Unity.Settings.Tests.dll at Library/ScriptAssemblies/Unity.Settings.Tests.dll not valid. Loading of assembly skipped.
Assembly Unity.ShaderGraph.Editor.Tests.dll at Library/ScriptAssemblies/Unity.ShaderGraph.Editor.Tests.dll not valid. Loading of assembly skipped.
Assembly Unity.TestTools.CodeCoverage.Editor.Compatibility.dll at Library/ScriptAssemblies/Unity.TestTools.CodeCoverage.Editor.Compatibility.dll not valid. Loading of assembly skipped.
Assembly Unity.TextMeshPro.Editor.Tests.dll at Library/ScriptAssemblies/Unity.TextMeshPro.Editor.Tests.dll not valid. Loading of assembly skipped.
Assembly Unity.TextMeshPro.Tests.dll at Library/ScriptAssemblies/Unity.TextMeshPro.Tests.dll not valid. Loading of assembly skipped.
Assembly Unity.UnifiedRayTracing.Editor.Tests.dll at Library/ScriptAssemblies/Unity.UnifiedRayTracing.Editor.Tests.dll not valid. Loading of assembly skipped.
Assembly UnityEditor.UI.Common.Tests.dll at Library/ScriptAssemblies/UnityEditor.UI.Common.Tests.dll not valid. Loading of assembly skipped.
Assembly UnityEditor.UI.EditorTests.dll at Library/ScriptAssemblies/UnityEditor.UI.EditorTests.dll not valid. Loading of assembly skipped.
Assembly UnityEngine.UI.Tests.dll at Library/ScriptAssemblies/UnityEngine.UI.Tests.dll not valid. Loading of assembly skipped.
Script 'Tree' has the same name as built-in Unity component.
AddComponent and GetComponent will not work with this script.
Assertion failed on expression: 'pred(*previous, *i)'
Assertion failed on expression: 'pred(*previous, *i)'
Assertion failed on expression: 'pred(*previous, *i)'
Assertion failed on expression: 'pred(*previous, *i)'
Assertion failed on expression: 'pred(*previous, *i)'
Assertion failed on expression: 'pred(*previous, *i)'
Assertion failed on expression: 'pred(*previous, *i)'
Assertion failed on expression: 'pred(*previous, *i)'
Assertion failed on expression: 'pred(*previous, *i)'
Assertion failed on expression: 'pred(*previous, *i)'
Assertion failed on expression: 'pred(*previous, *i)'
Assertion failed on expression: 'pred(*previous, *i)'
Assertion failed on expression: 'pred(*previous, *i)'
Assertion failed on expression: 'pred(*previous, *i)'
Assertion failed on expression: 'pred(*previous, *i)'
Assertion failed on expression: 'pred(*previous, *i)'
Assertion failed on expression: 'pred(*previous, *i)'
Assertion failed on expression: 'pred(*previous, *i)'
Assertion failed on expression: 'pred(*previous, *i)'
Assertion failed on expression: 'pred(*previous, *i)'
Assertion failed on expression: 'pred(*previous, *i)'
Assertion failed on expression: 'pred(*previous, *i)'
Assertion failed on expression: 'pred(*previous, *i)'
Assertion failed on expression: 'pred(*previous, *i)'
Assertion failed on expression: 'pred(*previous, *i)'
Assertion failed on expression: 'pred(*previous, *i)'
Assertion failed on expression: 'pred(*previous, *i)'
Assertion failed on expression: 'pred(*previous, *i)'
Assertion failed on expression: 'pred(*previous, *i)'
Assertion failed on expression: 'pred(*previous, *i)'
Assertion failed on expression: 'pred(*previous, *i)'
Assertion failed on expression: 'pred(*previous, *i)'
Assertion failed on expression: 'pred(*previous, *i)'
Assertion failed on expression: 'pred(*previous, *i)'
Assertion failed on expression: 'pred(*previous, *i)'
Assertion failed on expression: 'pred(*previous, *i)'
Assertion failed on expression: 'pred(*previous, *i)'
Assertion failed on expression: 'pred(*previous, *i)'
Assertion failed on expression: 'pred(*previous, *i)'
Assertion failed on expression: 'pred(*previous, *i)'
Assertion failed on expression: 'pred(*previous, *i)'
Assertion failed on expression: 'pred(*previous, *i)'
Assertion failed on expression: 'pred(*previous, *i)'
Assertion failed on expression: 'pred(*previous, *i)'
Assertion failed on expression: 'pred(*previous, *i)'
Assertion failed on expression: 'pred(*previous, *i)'
Assertion failed on expression: 'pred(*previous, *i)'
Assertion failed on expression: 'pred(*previous, *i)'
Assertion failed on expression: 'pred(*previous, *i)'
Assertion failed on expression: 'pred(*previous, *i)'
Assertion failed on expression: 'pred(*previous, *i)'
Assertion failed on expression: 'pred(*previous, *i)'
Assertion failed on expression: 'pred(*previous, *i)'
Assertion failed on expression: 'pred(*previous, *i)'
Assertion failed on expression: 'pred(*previous, *i)'
Assertion failed on expression: 'pred(*previous, *i)'
Assertion failed on expression: 'pred(*previous, *i)'
Assertion failed on expression: 'pred(*previous, *i)'
Assertion failed on expression: 'pred(*previous, *i)'
Assertion failed on expression: 'pred(*previous, *i)'
Assertion failed on expression: 'pred(*previous, *i)'
Assertion failed on expression: 'pred(*previous, *i)'
Assertion failed on expression: 'pred(*previous, *i)'
Assertion failed on expression: 'pred(*previous, *i)'
Assertion failed on expression: 'pred(*previous, *i)'
Assertion failed on expression: 'pred(*previous, *i)'
Assertion failed on expression: 'pred(*previous, *i)'
Assertion failed on expression: 'pred(*previous, *i)'
Assertion failed on expression: 'pred(*previous, *i)'
Assertion failed on expression: 'pred(*previous, *i)'
Assertion failed on expression: 'pred(*previous, *i)'
Assertion failed on expression: 'pred(*previous, *i)'
Assertion failed on expression: 'pred(*previous, *i)'
Assertion failed on expression: 'pred(*previous, *i)'
Assertion failed on expression: 'pred(*previous, *i)'
Assertion failed on expression: 'pred(*previous, *i)'
Assertion failed on expression: 'pred(*previous, *i)'
Assertion failed on expression: 'pred(*previous, *i)'
Assertion failed on expression: 'pred(*previous, *i)'
Assertion failed on expression: 'pred(*previous, *i)'
Assertion failed on expression: 'pred(*previous, *i)'
Assertion failed on expression: 'pred(*previous, *i)'
Assertion failed on expression: 'pred(*previous, *i)'
Assertion failed on expression: 'pred(*previous, *i)'
Assertion failed on expression: 'pred(*previous, *i)'
Assertion failed on expression: 'pred(*previous, *i)'
Assertion failed on expression: 'pred(*previous, *i)'
Assertion failed on expression: 'pred(*previous, *i)'
Assertion failed on expression: 'pred(*previous, *i)'
Assertion failed on expression: 'pred(*previous, *i)'
Assertion failed on expression: 'pred(*previous, *i)'
Assertion failed on expression: 'pred(*previous, *i)'
Assertion failed on expression: 'pred(*previous, *i)'
Assertion failed on expression: 'pred(*previous, *i)'
Assertion failed on expression: 'pred(*previous, *i)'
Assertion failed on expression: 'pred(*previous, *i)'
Assertion failed on expression: 'pred(*previous, *i)'
Assertion failed on expression: 'pred(*previous, *i)'
Assertion failed on expression: 'pred(*previous, *i)'
Assertion failed on expression: 'pred(*previous, *i)'
Assertion failed on expression: 'pred(*previous, *i)'
Assertion failed on expression: 'pred(*previous, *i)'
Assertion failed on expression: 'pred(*previous, *i)'
Assertion failed on expression: 'pred(*previous, *i)'
Assertion failed on expression: 'pred(*previous, *i)'
Assertion failed on expression: 'pred(*previous, *i)'
Assertion failed on expression: 'pred(*previous, *i)'
Assertion failed on expression: 'pred(*previous, *i)'
Assertion failed on expression: 'pred(*previous, *i)'
Assertion failed on expression: 'pred(*previous, *i)'
Assertion failed on expression: 'pred(*previous, *i)'
Assertion failed on expression: 'pred(*previous, *i)'
Assertion failed on expression: 'pred(*previous, *i)'
Assertion failed on expression: 'pred(*previous, *i)'
Assertion failed on expression: 'pred(*previous, *i)'
Assertion failed on expression: 'pred(*previous, *i)'
Assertion failed on expression: 'pred(*previous, *i)'
Assertion failed on expression: 'pred(*previous, *i)'
Assertion failed on expression: 'pred(*previous, *i)'
Assertion failed on expression: 'pred(*previous, *i)'
Assertion failed on expression: 'pred(*previous, *i)'
Assertion failed on expression: 'pred(*previous, *i)'
Assertion failed on expression: 'pred(*previous, *i)'
Assertion failed on expression: 'pred(*previous, *i)'
Assertion failed on expression: 'pred(*previous, *i)'
Assertion failed on expression: 'pred(*previous, *i)'
Assertion failed on expression: 'pred(*previous, *i)'
Assertion failed on expression: 'pred(*previous, *i)'
Assertion failed on expression: 'pred(*previous, *i)'
Assertion failed on expression: 'pred(*previous, *i)'
Assertion failed on expression: 'pred(*previous, *i)'
Assertion failed on expression: 'pred(*previous, *i)'
Assertion failed on expression: 'pred(*previous, *i)'
Assertion failed on expression: 'pred(*previous, *i)'
Assertion failed on expression: 'pred(*previous, *i)'
Assertion failed on expression: 'pred(*previous, *i)'
Assertion failed on expression: 'pred(*previous, *i)'
Assertion failed on expression: 'pred(*previous, *i)'
Assertion failed on expression: 'pred(*previous, *i)'
Assertion failed on expression: 'pred(*previous, *i)'
Assertion failed on expression: 'pred(*previous, *i)'
Assertion failed on expression: 'pred(*previous, *i)'
Assertion failed on expression: 'pred(*previous, *i)'
Assertion failed on expression: 'pred(*previous, *i)'
Assertion failed on expression: 'pred(*previous, *i)'
Assertion failed on expression: 'pred(*previous, *i)'
Assertion failed on expression: 'pred(*previous, *i)'
Assertion failed on expression: 'pred(*previous, *i)'
Assertion failed on expression: 'pred(*previous, *i)'
Assertion failed on expression: 'pred(*previous, *i)'
Assertion failed on expression: 'pred(*previous, *i)'
Assertion failed on expression: 'pred(*previous, *i)'
Assertion failed on expression: 'pred(*previous, *i)'
Assertion failed on expression: 'pred(*previous, *i)'
Assertion failed on expression: 'pred(*previous, *i)'
Assertion failed on expression: 'pred(*previous, *i)'
Assertion failed on expression: 'pred(*previous, *i)'
Assertion failed on expression: 'pred(*previous, *i)'
Assertion failed on expression: 'pred(*previous, *i)'
Assertion failed on expression: 'pred(*previous, *i)'
Assertion failed on expression: 'pred(*previous, *i)'
Assertion failed on expression: 'pred(*previous, *i)'
Assertion failed on expression: 'pred(*previous, *i)'
Assertion failed on expression: 'pred(*previous, *i)'
Assertion failed on expression: 'pred(*previous, *i)'
Assertion failed on expression: 'pred(*previous, *i)'
Assertion failed on expression: 'pred(*previous, *i)'
Assertion failed on expression: 'pred(*previous, *i)'
Assertion failed on expression: 'pred(*previous, *i)'
Assertion failed on expression: 'pred(*previous, *i)'
Assertion failed on expression: 'pred(*previous, *i)'
Assertion failed on expression: 'pred(*previous, *i)'
Assertion failed on expression: 'pred(*previous, *i)'
Assertion failed on expression: 'pred(*previous, *i)'
Assertion failed on expression: 'pred(*previous, *i)'
Assertion failed on expression: 'pred(*previous, *i)'
Assertion failed on expression: 'pred(*previous, *i)'
Assertion failed on expression: 'pred(*previous, *i)'
Assertion failed on expression: 'pred(*previous, *i)'
Assertion failed on expression: 'pred(*previous, *i)'
Assertion failed on expression: 'pred(*previous, *i)'
Assertion failed on expression: 'pred(*previous, *i)'
Assertion failed on expression: 'pred(*previous, *i)'
Assertion failed on expression: 'pred(*previous, *i)'
Assertion failed on expression: 'pred(*previous, *i)'
Assertion failed on expression: 'pred(*previous, *i)'
Assertion failed on expression: 'pred(*previous, *i)'
Assertion failed on expression: 'pred(*previous, *i)'
Assertion failed on expression: 'pred(*previous, *i)'
Assertion failed on expression: 'pred(*previous, *i)'
Assertion failed on expression: 'pred(*previous, *i)'
Assertion failed on expression: 'pred(*previous, *i)'
Assertion failed on expression: 'pred(*previous, *i)'
Assertion failed on expression: 'pred(*previous, *i)'
Assertion failed on expression: 'pred(*previous, *i)'
Assertion failed on expression: 'pred(*previous, *i)'
Assertion failed on expression: 'pred(*previous, *i)'
Assertion failed on expression: 'pred(*previous, *i)'
Assertion failed on expression: 'pred(*previous, *i)'
Assertion failed on expression: 'pred(*previous, *i)'
Assertion failed on expression: 'pred(*previous, *i)'
Assertion failed on expression: 'pred(*previous, *i)'
Assertion failed on expression: 'pred(*previous, *i)'
Assertion failed on expression: 'pred(*previous, *i)'
Assertion failed on expression: 'pred(*previous, *i)'
Assertion failed on expression: 'pred(*previous, *i)'
Assertion failed on expression: 'pred(*previous, *i)'
Assertion failed on expression: 'pred(*previous, *i)'
Assertion failed on expression: 'pred(*previous, *i)'
Assertion failed on expression: 'pred(*previous, *i)'
Assertion failed on expression: 'pred(*previous, *i)'
Assertion failed on expression: 'pred(*previous, *i)'
Assertion failed on expression: 'pred(*previous, *i)'
Assertion failed on expression: 'pred(*previous, *i)'
Assertion failed on expression: 'pred(*previous, *i)'
Assertion failed on expression: 'pred(*previous, *i)'
Assertion failed on expression: 'pred(*previous, *i)'
Assertion failed on expression: 'pred(*previous, *i)'
Assertion failed on expression: 'pred(*previous, *i)'
Assertion failed on expression: 'pred(*previous, *i)'
Assertion failed on expression: 'pred(*previous, *i)'
Assertion failed on expression: 'pred(*previous, *i)'
Assertion failed on expression: 'pred(*previous, *i)'
Assertion failed on expression: 'pred(*previous, *i)'
Assertion failed on expression: 'pred(*previous, *i)'
Assertion failed on expression: 'pred(*previous, *i)'
Assertion failed on expression: 'pred(*previous, *i)'
Assertion failed on expression: 'pred(*previous, *i)'
Assertion failed on expression: 'pred(*previous, *i)'
Assertion failed on expression: 'pred(*previous, *i)'
Assertion failed on expression: 'pred(*previous, *i)'
Assertion failed on expression: 'pred(*previous, *i)'
Assertion failed on expression: 'pred(*previous, *i)'
Assertion failed on expression: 'pred(*previous, *i)'
Assertion failed on expression: 'pred(*previous, *i)'
Assertion failed on expression: 'pred(*previous, *i)'
Assertion failed on expression: 'pred(*previous, *i)'
Assertion failed on expression: 'pred(*previous, *i)'
Assertion failed on expression: 'pred(*previous, *i)'
Assertion failed on expression: 'pred(*previous, *i)'
Assertion failed on expression: 'pred(*previous, *i)'
Assertion failed on expression: 'pred(*previous, *i)'
Assertion failed on expression: 'pred(*previous, *i)'
Assertion failed on expression: 'pred(*previous, *i)'
Assertion failed on expression: 'pred(*previous, *i)'
Assertion failed on expression: 'pred(*previous, *i)'
Assertion failed on expression: 'pred(*previous, *i)'
Assertion failed on expression: 'pred(*previous, *i)'
Assertion failed on expression: 'pred(*previous, *i)'
Assertion failed on expression: 'pred(*previous, *i)'
Assertion failed on expression: 'pred(*previous, *i)'
Assertion failed on expression: 'pred(*previous, *i)'
Assertion failed on expression: 'pred(*previous, *i)'
Assertion failed on expression: 'pred(*previous, *i)'
Assertion failed on expression: 'pred(*previous, *i)'
Assertion failed on expression: 'pred(*previous, *i)'
Assertion failed on expression: 'pred(*previous, *i)'
Assertion failed on expression: 'pred(*previous, *i)'
Assertion failed on expression: 'pred(*previous, *i)'
Assertion failed on expression: 'pred(*previous, *i)'
Assertion failed on expression: 'pred(*previous, *i)'
Assertion failed on expression: 'pred(*previous, *i)'
Assertion failed on expression: 'pred(*previous, *i)'
Assertion failed on expression: 'pred(*previous, *i)'
Assertion failed on expression: 'pred(*previous, *i)'
Assertion failed on expression: 'pred(*previous, *i)'
Assertion failed on expression: 'pred(*previous, *i)'
Assertion failed on expression: 'pred(*previous, *i)'
Assertion failed on expression: 'pred(*previous, *i)'
Assertion failed on expression: 'pred(*previous, *i)'
Assertion failed on expression: 'pred(*previous, *i)'
Assertion failed on expression: 'pred(*previous, *i)'
Assertion failed on expression: 'pred(*previous, *i)'
Assertion failed on expression: 'pred(*previous, *i)'
Assertion failed on expression: 'pred(*previous, *i)'
Assertion failed on expression: 'pred(*previous, *i)'
Assertion failed on expression: 'pred(*previous, *i)'
Assertion failed on expression: 'pred(*previous, *i)'
Assertion failed on expression: 'pred(*previous, *i)'
Assertion failed on expression: 'pred(*previous, *i)'
Assertion failed on expression: 'pred(*previous, *i)'
Assertion failed on expression: 'pred(*previous, *i)'
Assertion failed on expression: 'pred(*previous, *i)'
Assertion failed on expression: 'pred(*previous, *i)'
Assertion failed on expression: 'pred(*previous, *i)'
Assertion failed on expression: 'pred(*previous, *i)'
Assertion failed on expression: 'pred(*previous, *i)'
Assertion failed on expression: 'pred(*previous, *i)'
Assertion failed on expression: 'pred(*previous, *i)'
Assertion failed on expression: 'pred(*previous, *i)'
Assertion failed on expression: 'pred(*previous, *i)'
Assertion failed on expression: 'pred(*previous, *i)'
Assertion failed on expression: 'pred(*previous, *i)'
Assertion failed on expression: 'pred(*previous, *i)'
Assertion failed on expression: 'pred(*previous, *i)'
Assertion failed on expression: 'pred(*previous, *i)'
Assertion failed on expression: 'pred(*previous, *i)'
Assertion failed on expression: 'pred(*previous, *i)'
Assertion failed on expression: 'pred(*previous, *i)'
Assertion failed on expression: 'pred(*previous, *i)'
Assertion failed on expression: 'pred(*previous, *i)'
Assertion failed on expression: 'pred(*previous, *i)'
Assertion failed on expression: 'pred(*previous, *i)'
Assertion failed on expression: 'pred(*previous, *i)'
Assertion failed on expression: 'pred(*previous, *i)'
Assertion failed on expression: 'pred(*previous, *i)'
Assertion failed on expression: 'pred(*previous, *i)'
Assertion failed on expression: 'pred(*previous, *i)'
Assertion failed on expression: 'pred(*previous, *i)'
Assertion failed on expression: 'pred(*previous, *i)'
Assertion failed on expression: 'pred(*previous, *i)'
Assertion failed on expression: 'pred(*previous, *i)'
Assertion failed on expression: 'pred(*previous, *i)'
Assertion failed on expression: 'pred(*previous, *i)'
Assertion failed on expression: 'pred(*previous, *i)'
Assertion failed on expression: 'pred(*previous, *i)'
Assertion failed on expression: 'pred(*previous, *i)'
Assertion failed on expression: 'pred(*previous, *i)'
Assertion failed on expression: 'pred(*previous, *i)'
Assertion failed on expression: 'pred(*previous, *i)'
Assertion failed on expression: 'pred(*previous, *i)'
Assertion failed on expression: 'pred(*previous, *i)'
Assertion failed on expression: 'pred(*previous, *i)'
Assertion failed on expression: 'pred(*previous, *i)'
Assertion failed on expression: 'pred(*previous, *i)'
Assertion failed on expression: 'pred(*previous, *i)'
Assertion failed on expression: 'pred(*previous, *i)'
Assertion failed on expression: 'pred(*previous, *i)'
Assertion failed on expression: 'pred(*previous, *i)'
Assertion failed on expression: 'pred(*previous, *i)'
Assertion failed on expression: 'pred(*previous, *i)'
Assertion failed on expression: 'pred(*previous, *i)'
Assertion failed on expression: 'pred(*previous, *i)'
Assertion failed on expression: 'pred(*previous, *i)'
Assertion failed on expression: 'pred(*previous, *i)'
Assertion failed on expression: 'pred(*previous, *i)'
Assertion failed on expression: 'pred(*previous, *i)'
Assertion failed on expression: 'pred(*previous, *i)'
Assertion failed on expression: 'pred(*previous, *i)'
Assertion failed on expression: 'pred(*previous, *i)'
Assertion failed on expression: 'pred(*previous, *i)'
Assertion failed on expression: 'pred(*previous, *i)'
Assertion failed on expression: 'pred(*previous, *i)'
Assertion failed on expression: 'pred(*previous, *i)'
Assertion failed on expression: 'pred(*previous, *i)'
Assertion failed on expression: 'pred(*previous, *i)'
Assertion failed on expression: 'pred(*previous, *i)'
Assertion failed on expression: 'pred(*previous, *i)'
Assertion failed on expression: 'pred(*previous, *i)'
Assertion failed on expression: 'pred(*previous, *i)'
Assertion failed on expression: 'pred(*previous, *i)'
Assertion failed on expression: 'pred(*previous, *i)'
Assertion failed on expression: 'pred(*previous, *i)'
Assertion failed on expression: 'pred(*previous, *i)'
Assertion failed on expression: 'pred(*previous, *i)'
Assertion failed on expression: 'pred(*previous, *i)'
Assertion failed on expression: 'pred(*previous, *i)'
Assertion failed on expression: 'pred(*previous, *i)'
Assertion failed on expression: 'pred(*previous, *i)'
Assertion failed on expression: 'pred(*previous, *i)'
Assertion failed on expression: 'pred(*previous, *i)'
Assertion failed on expression: 'pred(*previous, *i)'
Assertion failed on expression: 'pred(*previous, *i)'
Assertion failed on expression: 'pred(*previous, *i)'
Assertion failed on expression: 'pred(*previous, *i)'
Assertion failed on expression: 'pred(*previous, *i)'
Assertion failed on expression: 'pred(*previous, *i)'
Assertion failed on expression: 'pred(*previous, *i)'
Assertion failed on expression: 'pred(*previous, *i)'
Assertion failed on expression: 'pred(*previous, *i)'
Assertion failed on expression: 'pred(*previous, *i)'
Assertion failed on expression: 'pred(*previous, *i)'
Assertion failed on expression: 'pred(*previous, *i)'
Assertion failed on expression: 'pred(*previous, *i)'
Assertion failed on expression: 'pred(*previous, *i)'
Assertion failed on expression: 'pred(*previous, *i)'
Assertion failed on expression: 'pred(*previous, *i)'
Assertion failed on expression: 'pred(*previous, *i)'
Assertion failed on expression: 'pred(*previous, *i)'
Assertion failed on expression: 'pred(*previous, *i)'
Assertion failed on expression: 'pred(*previous, *i)'
Assertion failed on expression: 'pred(*previous, *i)'
Assertion failed on expression: 'pred(*previous, *i)'
Assertion failed on expression: 'pred(*previous, *i)'
Assertion failed on expression: 'pred(*previous, *i)'
Assertion failed on expression: 'pred(*previous, *i)'
Assertion failed on expression: 'pred(*previous, *i)'
Assertion failed on expression: 'pred(*previous, *i)'
Assertion failed on expression: 'pred(*previous, *i)'
Assertion failed on expression: 'pred(*previous, *i)'
Assertion failed on expression: 'pred(*previous, *i)'
Assertion failed on expression: 'pred(*previous, *i)'
Assertion failed on expression: 'pred(*previous, *i)'
Assertion failed on expression: 'pred(*previous, *i)'
Assertion failed on expression: 'pred(*previous, *i)'
Assertion failed on expression: 'pred(*previous, *i)'
Assertion failed on expression: 'pred(*previous, *i)'
Assertion failed on expression: 'pred(*previous, *i)'
Assertion failed on expression: 'pred(*previous, *i)'
Assertion failed on expression: 'pred(*previous, *i)'
Assertion failed on expression: 'pred(*previous, *i)'
Assertion failed on expression: 'pred(*previous, *i)'
Assertion failed on expression: 'pred(*previous, *i)'
Assertion failed on expression: 'pred(*previous, *i)'
Assertion failed on expression: 'pred(*previous, *i)'
Assertion failed on expression: 'pred(*previous, *i)'
Assertion failed on expression: 'pred(*previous, *i)'
Assertion failed on expression: 'pred(*previous, *i)'
Assertion failed on expression: 'pred(*previous, *i)'
Assertion failed on expression: 'pred(*previous, *i)'
Assertion failed on expression: 'pred(*previous, *i)'
Assertion failed on expression: 'pred(*previous, *i)'
Assertion failed on expression: 'pred(*previous, *i)'
Assertion failed on expression: 'pred(*previous, *i)'
Assertion failed on expression: 'pred(*previous, *i)'
Assertion failed on expression: 'pred(*previous, *i)'
Assertion failed on expression: 'pred(*previous, *i)'
Assertion failed on expression: 'pred(*previous, *i)'
Assertion failed on expression: 'pred(*previous, *i)'
Assertion failed on expression: 'pred(*previous, *i)'
Assertion failed on expression: 'pred(*previous, *i)'
Assertion failed on expression: 'pred(*previous, *i)'
Assertion failed on expression: 'pred(*previous, *i)'
Assertion failed on expression: 'pred(*previous, *i)'
Assertion failed on expression: 'pred(*previous, *i)'
Assertion failed on expression: 'pred(*previous, *i)'
Assertion failed on expression: 'pred(*previous, *i)'
Assertion failed on expression: 'pred(*previous, *i)'
Assertion failed on expression: 'pred(*previous, *i)'
Assertion failed on expression: 'pred(*previous, *i)'
Assertion failed on expression: 'pred(*previous, *i)'
Assertion failed on expression: 'pred(*previous, *i)'
Assertion failed on expression: 'pred(*previous, *i)'
Assertion failed on expression: 'pred(*previous, *i)'
Assertion failed on expression: 'pred(*previous, *i)'
Assertion failed on expression: 'pred(*previous, *i)'
Assertion failed on expression: 'pred(*previous, *i)'
Assertion failed on expression: 'pred(*previous, *i)'
Assertion failed on expression: 'pred(*previous, *i)'
Assertion failed on expression: 'pred(*previous, *i)'
Assertion failed on expression: 'pred(*previous, *i)'
Assertion failed on expression: 'pred(*previous, *i)'
Assertion failed on expression: 'pred(*previous, *i)'
Assertion failed on expression: 'pred(*previous, *i)'
Assertion failed on expression: 'pred(*previous, *i)'
Assertion failed on expression: 'pred(*previous, *i)'
Assertion failed on expression: 'pred(*previous, *i)'
Assertion failed on expression: 'pred(*previous, *i)'
Assertion failed on expression: 'pred(*previous, *i)'
Assertion failed on expression: 'pred(*previous, *i)'
Assertion failed on expression: 'pred(*previous, *i)'
Assertion failed on expression: 'pred(*previous, *i)'
Assertion failed on expression: 'pred(*previous, *i)'
Assertion failed on expression: 'pred(*previous, *i)'
Assertion failed on expression: 'pred(*previous, *i)'
Assertion failed on expression: 'pred(*previous, *i)'
Assertion failed on expression: 'pred(*previous, *i)'
Assertion failed on expression: 'pred(*previous, *i)'
Assertion failed on expression: 'pred(*previous, *i)'
Assertion failed on expression: 'pred(*previous, *i)'
Assertion failed on expression: 'pred(*previous, *i)'
Assertion failed on expression: 'pred(*previous, *i)'
Assertion failed on expression: 'pred(*previous, *i)'
Assertion failed on expression: 'pred(*previous, *i)'
Assertion failed on expression: 'pred(*previous, *i)'
Assertion failed on expression: 'pred(*previous, *i)'
Assertion failed on expression: 'pred(*previous, *i)'
Assertion failed on expression: 'pred(*previous, *i)'
Assertion failed on expression: 'pred(*previous, *i)'
Assertion failed on expression: 'pred(*previous, *i)'
Assertion failed on expression: 'pred(*previous, *i)'
Assertion failed on expression: 'pred(*previous, *i)'
Assertion failed on expression: 'pred(*previous, *i)'
Assertion failed on expression: 'pred(*previous, *i)'
Assertion failed on expression: 'pred(*previous, *i)'
Assertion failed on expression: 'pred(*previous, *i)'
Assertion failed on expression: 'pred(*previous, *i)'
Assertion failed on expression: 'pred(*previous, *i)'
Assertion failed on expression: 'pred(*previous, *i)'
Assertion failed on expression: 'pred(*previous, *i)'
Assertion failed on expression: 'pred(*previous, *i)'
Assertion failed on expression: 'pred(*previous, *i)'
Assertion failed on expression: 'pred(*previous, *i)'
Assertion failed on expression: 'pred(*previous, *i)'
Assertion failed on expression: 'pred(*previous, *i)'
Assertion failed on expression: 'pred(*previous, *i)'
Assertion failed on expression: 'pred(*previous, *i)'
Assertion failed on expression: 'pred(*previous, *i)'
Assertion failed on expression: 'pred(*previous, *i)'
Assertion failed on expression: 'pred(*previous, *i)'
Assertion failed on expression: 'pred(*previous, *i)'
Assertion failed on expression: 'pred(*previous, *i)'
Assertion failed on expression: 'pred(*previous, *i)'
Assertion failed on expression: 'pred(*previous, *i)'
Assertion failed on expression: 'pred(*previous, *i)'
Assertion failed on expression: 'pred(*previous, *i)'
Assertion failed on expression: 'pred(*previous, *i)'
Assertion failed on expression: 'pred(*previous, *i)'
Assertion failed on expression: 'pred(*previous, *i)'
Assertion failed on expression: 'pred(*previous, *i)'
Assertion failed on expression: 'pred(*previous, *i)'
Assertion failed on expression: 'pred(*previous, *i)'
Assertion failed on expression: 'pred(*previous, *i)'
Assertion failed on expression: 'pred(*previous, *i)'
Assertion failed on expression: 'pred(*previous, *i)'
Assertion failed on expression: 'pred(*previous, *i)'
Assertion failed on expression: 'pred(*previous, *i)'
Assertion failed on expression: 'pred(*previous, *i)'
Assertion failed on expression: 'pred(*previous, *i)'
Assertion failed on expression: 'pred(*previous, *i)'
Assertion failed on expression: 'pred(*previous, *i)'
Assertion failed on expression: 'pred(*previous, *i)'
Assertion failed on expression: 'pred(*previous, *i)'
Assertion failed on expression: 'pred(*previous, *i)'
Assertion failed on expression: 'pred(*previous, *i)'
Assertion failed on expression: 'pred(*previous, *i)'
Assertion failed on expression: 'pred(*previous, *i)'
Assertion failed on expression: 'pred(*previous, *i)'
Assertion failed on expression: 'pred(*previous, *i)'
Assertion failed on expression: 'pred(*previous, *i)'
Assertion failed on expression: 'pred(*previous, *i)'
Assertion failed on expression: 'pred(*previous, *i)'
Assertion failed on expression: 'pred(*previous, *i)'
Assertion failed on expression: 'pred(*previous, *i)'
Assertion failed on expression: 'pred(*previous, *i)'
Assertion failed on expression: 'pred(*previous, *i)'
Assertion failed on expression: 'pred(*previous, *i)'
Assertion failed on expression: 'pred(*previous, *i)'
Assertion failed on expression: 'pred(*previous, *i)'
Assertion failed on expression: 'pred(*previous, *i)'
Assertion failed on expression: 'pred(*previous, *i)'
Assertion failed on expression: 'pred(*previous, *i)'
Assertion failed on expression: 'pred(*previous, *i)'
Assertion failed on expression: 'pred(*previous, *i)'
Assertion failed on expression: 'pred(*previous, *i)'
Assertion failed on expression: 'pred(*previous, *i)'
Assertion failed on expression: 'pred(*previous, *i)'
Assertion failed on expression: 'pred(*previous, *i)'
Assertion failed on expression: 'pred(*previous, *i)'
Assertion failed on expression: 'pred(*previous, *i)'
Assertion failed on expression: 'pred(*previous, *i)'
Assertion failed on expression: 'pred(*previous, *i)'
Assertion failed on expression: 'pred(*previous, *i)'
Assertion failed on expression: 'pred(*previous, *i)'
Assertion failed on expression: 'pred(*previous, *i)'
Assertion failed on expression: 'pred(*previous, *i)'
Assertion failed on expression: 'pred(*previous, *i)'
Assertion failed on expression: 'pred(*previous, *i)'
Assertion failed on expression: 'pred(*previous, *i)'
Assertion failed on expression: 'pred(*previous, *i)'
Assertion failed on expression: 'pred(*previous, *i)'
Assertion failed on expression: 'pred(*previous, *i)'
Assertion failed on expression: 'pred(*previous, *i)'
Assertion failed on expression: 'pred(*previous, *i)'
Assertion failed on expression: 'pred(*previous, *i)'
Assertion failed on expression: 'pred(*previous, *i)'
Assertion failed on expression: 'pred(*previous, *i)'
Assertion failed on expression: 'pred(*previous, *i)'
Assertion failed on expression: 'pred(*previous, *i)'
Assertion failed on expression: 'pred(*previous, *i)'
Assertion failed on expression: 'pred(*previous, *i)'
Assertion failed on expression: 'pred(*previous, *i)'
Assertion failed on expression: 'pred(*previous, *i)'
Assertion failed on expression: 'pred(*previous, *i)'
Assertion failed on expression: 'pred(*previous, *i)'
Assertion failed on expression: 'pred(*previous, *i)'
Assertion failed on expression: 'pred(*previous, *i)'
Assertion failed on expression: 'pred(*previous, *i)'
Assertion failed on expression: 'pred(*previous, *i)'
Assertion failed on expression: 'pred(*previous, *i)'
Assertion failed on expression: 'pred(*previous, *i)'
Assertion failed on expression: 'pred(*previous, *i)'
Assertion failed on expression: 'pred(*previous, *i)'
Assertion failed on expression: 'pred(*previous, *i)'
Assertion failed on expression: 'pred(*previous, *i)'
Assertion failed on expression: 'pred(*previous, *i)'
Assertion failed on expression: 'pred(*previous, *i)'
Assertion failed on expression: 'pred(*previous, *i)'
Assertion failed on expression: 'pred(*previous, *i)'
Assertion failed on expression: 'pred(*previous, *i)'
Assertion failed on expression: 'pred(*previous, *i)'
Assertion failed on expression: 'pred(*previous, *i)'
Assertion failed on expression: 'pred(*previous, *i)'
Assertion failed on expression: 'pred(*previous, *i)'
Assertion failed on expression: 'pred(*previous, *i)'
Assertion failed on expression: 'pred(*previous, *i)'
Assertion failed on expression: 'pred(*previous, *i)'
Assertion failed on expression: 'pred(*previous, *i)'
Assertion failed on expression: 'pred(*previous, *i)'
Assertion failed on expression: 'pred(*previous, *i)'
Assertion failed on expression: 'pred(*previous, *i)'
Assertion failed on expression: 'pred(*previous, *i)'
Assertion failed on expression: 'pred(*previous, *i)'
Assertion failed on expression: 'pred(*previous, *i)'
Assertion failed on expression: 'pred(*previous, *i)'
Assertion failed on expression: 'pred(*previous, *i)'
Assertion failed on expression: 'pred(*previous, *i)'
Assertion failed on expression: 'pred(*previous, *i)'
Assertion failed on expression: 'pred(*previous, *i)'
Assertion failed on expression: 'pred(*previous, *i)'
Assertion failed on expression: 'pred(*previous, *i)'
Assertion failed on expression: 'pred(*previous, *i)'
Assertion failed on expression: 'pred(*previous, *i)'
Assertion failed on expression: 'pred(*previous, *i)'
Assertion failed on expression: 'pred(*previous, *i)'
Assertion failed on expression: 'pred(*previous, *i)'
Assertion failed on expression: 'pred(*previous, *i)'
Assertion failed on expression: 'pred(*previous, *i)'
Assertion failed on expression: 'pred(*previous, *i)'
Assertion failed on expression: 'pred(*previous, *i)'
Assertion failed on expression: 'pred(*previous, *i)'
Assertion failed on expression: 'pred(*previous, *i)'
Assertion failed on expression: 'pred(*previous, *i)'
Assertion failed on expression: 'pred(*previous, *i)'
Assertion failed on expression: 'pred(*previous, *i)'
Assertion failed on expression: 'pred(*previous, *i)'
Assertion failed on expression: 'pred(*previous, *i)'
Assertion failed on expression: 'pred(*previous, *i)'
Assertion failed on expression: 'pred(*previous, *i)'
Assertion failed on expression: 'pred(*previous, *i)'
Assertion failed on expression: 'pred(*previous, *i)'
Assertion failed on expression: 'pred(*previous, *i)'
Assertion failed on expression: 'pred(*previous, *i)'
Assertion failed on expression: 'pred(*previous, *i)'
Assertion failed on expression: 'pred(*previous, *i)'
Assertion failed on expression: 'pred(*previous, *i)'
Assertion failed on expression: 'pred(*previous, *i)'
Assertion failed on expression: 'pred(*previous, *i)'
Assertion failed on expression: 'pred(*previous, *i)'
Assertion failed on expression: 'pred(*previous, *i)'
Assertion failed on expression: 'pred(*previous, *i)'
Assertion failed on expression: 'pred(*previous, *i)'
Assertion failed on expression: 'pred(*previous, *i)'
Assertion failed on expression: 'pred(*previous, *i)'
Assertion failed on expression: 'pred(*previous, *i)'
Assertion failed on expression: 'pred(*previous, *i)'
Assertion failed on expression: 'pred(*previous, *i)'
Assertion failed on expression: 'pred(*previous, *i)'
Assertion failed on expression: 'pred(*previous, *i)'
Assertion failed on expression: 'pred(*previous, *i)'
Assertion failed on expression: 'pred(*previous, *i)'
Assertion failed on expression: 'pred(*previous, *i)'
Assertion failed on expression: 'pred(*previous, *i)'
Assertion failed on expression: 'pred(*previous, *i)'
Assertion failed on expression: 'pred(*previous, *i)'
Assertion failed on expression: 'pred(*previous, *i)'
Assertion failed on expression: 'pred(*previous, *i)'
Assertion failed on expression: 'pred(*previous, *i)'
Assertion failed on expression: 'pred(*previous, *i)'
Assertion failed on expression: 'pred(*previous, *i)'
Assertion failed on expression: 'pred(*previous, *i)'
Assertion failed on expression: 'pred(*previous, *i)'
Assertion failed on expression: 'pred(*previous, *i)'
Assertion failed on expression: 'pred(*previous, *i)'
Assertion failed on expression: 'pred(*previous, *i)'
Assertion failed on expression: 'pred(*previous, *i)'
Assertion failed on expression: 'pred(*previous, *i)'
Assertion failed on expression: 'pred(*previous, *i)'
Assertion failed on expression: 'pred(*previous, *i)'
Assertion failed on expression: 'pred(*previous, *i)'
Assertion failed on expression: 'pred(*previous, *i)'
Assertion failed on expression: 'pred(*previous, *i)'
Assertion failed on expression: 'pred(*previous, *i)'
Assertion failed on expression: 'pred(*previous, *i)'
Assertion failed on expression: 'pred(*previous, *i)'
Assertion failed on expression: 'pred(*previous, *i)'
Assertion failed on expression: 'pred(*previous, *i)'
Assertion failed on expression: 'pred(*previous, *i)'
Assertion failed on expression: 'pred(*previous, *i)'
Assertion failed on expression: 'pred(*previous, *i)'
Assertion failed on expression: 'pred(*previous, *i)'
Assertion failed on expression: 'pred(*previous, *i)'
Assertion failed on expression: 'pred(*previous, *i)'
Assertion failed on expression: 'pred(*previous, *i)'
Assertion failed on expression: 'pred(*previous, *i)'
Assertion failed on expression: 'pred(*previous, *i)'
Assertion failed on expression: 'pred(*previous, *i)'
Assertion failed on expression: 'pred(*previous, *i)'
Assertion failed on expression: 'pred(*previous, *i)'
Assertion failed on expression: 'pred(*previous, *i)'
Assertion failed on expression: 'pred(*previous, *i)'
Assertion failed on expression: 'pred(*previous, *i)'
Assertion failed on expression: 'pred(*previous, *i)'
Assertion failed on expression: 'pred(*previous, *i)'
Assertion failed on expression: 'pred(*previous, *i)'
Assertion failed on expression: 'pred(*previous, *i)'
Assertion failed on expression: 'pred(*previous, *i)'
Assertion failed on expression: 'pred(*previous, *i)'
Assertion failed on expression: 'pred(*previous, *i)'
Assertion failed on expression: 'pred(*previous, *i)'
Assertion failed on expression: 'pred(*previous, *i)'
Assertion failed on expression: 'pred(*previous, *i)'
Assertion failed on expression: 'pred(*previous, *i)'
Assertion failed on expression: 'pred(*previous, *i)'
Assertion failed on expression: 'pred(*previous, *i)'
Assertion failed on expression: 'pred(*previous, *i)'
Assertion failed on expression: 'pred(*previous, *i)'
Assertion failed on expression: 'pred(*previous, *i)'
Assertion failed on expression: 'pred(*previous, *i)'
Assertion failed on expression: 'pred(*previous, *i)'
Assertion failed on expression: 'pred(*previous, *i)'
Assertion failed on expression: 'pred(*previous, *i)'
Assertion failed on expression: 'pred(*previous, *i)'
Assertion failed on expression: 'pred(*previous, *i)'
Assertion failed on expression: 'pred(*previous, *i)'
Assertion failed on expression: 'pred(*previous, *i)'
Assertion failed on expression: 'pred(*previous, *i)'
Assertion failed on expression: 'pred(*previous, *i)'
Assertion failed on expression: 'pred(*previous, *i)'
Assertion failed on expression: 'pred(*previous, *i)'
Assertion failed on expression: 'pred(*previous, *i)'
Assertion failed on expression: 'pred(*previous, *i)'
Assertion failed on expression: 'pred(*previous, *i)'
Assertion failed on expression: 'pred(*previous, *i)'
Assertion failed on expression: 'pred(*previous, *i)'
Assertion failed on expression: 'pred(*previous, *i)'
Assertion failed on expression: 'pred(*previous, *i)'
Assertion failed on expression: 'pred(*previous, *i)'
Assertion failed on expression: 'pred(*previous, *i)'
Assertion failed on expression: 'pred(*previous, *i)'
Assertion failed on expression: 'pred(*previous, *i)'
Assertion failed on expression: 'pred(*previous, *i)'
Assertion failed on expression: 'pred(*previous, *i)'
Assertion failed on expression: 'pred(*previous, *i)'
Assertion failed on expression: 'pred(*previous, *i)'
Assertion failed on expression: 'pred(*previous, *i)'
Assertion failed on expression: 'pred(*previous, *i)'
Assertion failed on expression: 'pred(*previous, *i)'
Assertion failed on expression: 'pred(*previous, *i)'
Assertion failed on expression: 'pred(*previous, *i)'
Assertion failed on expression: 'pred(*previous, *i)'
Assertion failed on expression: 'pred(*previous, *i)'
Assertion failed on expression: 'pred(*previous, *i)'
Assertion failed on expression: 'pred(*previous, *i)'
Assertion failed on expression: 'pred(*previous, *i)'
Assertion failed on expression: 'pred(*previous, *i)'
Assertion failed on expression: 'pred(*previous, *i)'
Assertion failed on expression: 'pred(*previous, *i)'
Assertion failed on expression: 'pred(*previous, *i)'
Assertion failed on expression: 'pred(*previous, *i)'
Assertion failed on expression: 'pred(*previous, *i)'
Assertion failed on expression: 'pred(*previous, *i)'
Assertion failed on expression: 'pred(*previous, *i)'
Assertion failed on expression: 'pred(*previous, *i)'
Assertion failed on expression: 'pred(*previous, *i)'
Assertion failed on expression: 'pred(*previous, *i)'
Assertion failed on expression: 'pred(*previous, *i)'
Assertion failed on expression: 'pred(*previous, *i)'
Assertion failed on expression: 'pred(*previous, *i)'
Assertion failed on expression: 'pred(*previous, *i)'
Assertion failed on expression: 'pred(*previous, *i)'
Assertion failed on expression: 'pred(*previous, *i)'
Assertion failed on expression: 'pred(*previous, *i)'
Assertion failed on expression: 'pred(*previous, *i)'
Assertion failed on expression: 'pred(*previous, *i)'
Assertion failed on expression: 'pred(*previous, *i)'
Assertion failed on expression: 'pred(*previous, *i)'
Assertion failed on expression: 'pred(*previous, *i)'
Assertion failed on expression: 'pred(*previous, *i)'
Assertion failed on expression: 'pred(*previous, *i)'
Assertion failed on expression: 'pred(*previous, *i)'
Assertion failed on expression: 'pred(*previous, *i)'
Assertion failed on expression: 'pred(*previous, *i)'
Assertion failed on expression: 'pred(*previous, *i)'
Assertion failed on expression: 'pred(*previous, *i)'
Assertion failed on expression: 'pred(*previous, *i)'
Assertion failed on expression: 'pred(*previous, *i)'
Assertion failed on expression: 'pred(*previous, *i)'
Assertion failed on expression: 'pred(*previous, *i)'
Assertion failed on expression: 'pred(*previous, *i)'
Assertion failed on expression: 'pred(*previous, *i)'
Assertion failed on expression: 'pred(*previous, *i)'
Assertion failed on expression: 'pred(*previous, *i)'
Assertion failed on expression: 'pred(*previous, *i)'
Assertion failed on expression: 'pred(*previous, *i)'
Assertion failed on expression: 'pred(*previous, *i)'
Assertion failed on expression: 'pred(*previous, *i)'
Assertion failed on expression: 'pred(*previous, *i)'
Assertion failed on expression: 'pred(*previous, *i)'
Assertion failed on expression: 'pred(*previous, *i)'
Assertion failed on expression: 'pred(*previous, *i)'
Assertion failed on expression: 'pred(*previous, *i)'
Assertion failed on expression: 'pred(*previous, *i)'
Assertion failed on expression: 'pred(*previous, *i)'
Assertion failed on expression: 'pred(*previous, *i)'
Assertion failed on expression: 'pred(*previous, *i)'
Assertion failed on expression: 'pred(*previous, *i)'
Assertion failed on expression: 'pred(*previous, *i)'
Assertion failed on expression: 'pred(*previous, *i)'
Assertion failed on expression: 'pred(*previous, *i)'
Assertion failed on expression: 'pred(*previous, *i)'
Assertion failed on expression: 'pred(*previous, *i)'
Assertion failed on expression: 'pred(*previous, *i)'
Assertion failed on expression: 'pred(*previous, *i)'
Assertion failed on expression: 'pred(*previous, *i)'
Assertion failed on expression: 'pred(*previous, *i)'
Assertion failed on expression: 'pred(*previous, *i)'
Assertion failed on expression: 'pred(*previous, *i)'
Assertion failed on expression: 'pred(*previous, *i)'
Assertion failed on expression: 'pred(*previous, *i)'
Assertion failed on expression: 'pred(*previous, *i)'
Assertion failed on expression: 'pred(*previous, *i)'
Assertion failed on expression: 'pred(*previous, *i)'
Assertion failed on expression: 'pred(*previous, *i)'
Assertion failed on expression: 'pred(*previous, *i)'
Assertion failed on expression: 'pred(*previous, *i)'
Assertion failed on expression: 'pred(*previous, *i)'
Assertion failed on expression: 'pred(*previous, *i)'
Assertion failed on expression: 'pred(*previous, *i)'
Assertion failed on expression: 'pred(*previous, *i)'
Assertion failed on expression: 'pred(*previous, *i)'
Assertion failed on expression: 'pred(*previous, *i)'
Assertion failed on expression: 'pred(*previous, *i)'
Assertion failed on expression: 'pred(*previous, *i)'
Assertion failed on expression: 'pred(*previous, *i)'
Assertion failed on expression: 'pred(*previous, *i)'
Assertion failed on expression: 'pred(*previous, *i)'
Assertion failed on expression: 'pred(*previous, *i)'
Assertion failed on expression: 'pred(*previous, *i)'
Assertion failed on expression: 'pred(*previous, *i)'
Assertion failed on expression: 'pred(*previous, *i)'
Assertion failed on expression: 'pred(*previous, *i)'
Assertion failed on expression: 'pred(*previous, *i)'
Assertion failed on expression: 'pred(*previous, *i)'
Assertion failed on expression: 'pred(*previous, *i)'
Assertion failed on expression: 'pred(*previous, *i)'
Assertion failed on expression: 'pred(*previous, *i)'
Assertion failed on expression: 'pred(*previous, *i)'
Assertion failed on expression: 'pred(*previous, *i)'
Assertion failed on expression: 'pred(*previous, *i)'
Assertion failed on expression: 'pred(*previous, *i)'
Assertion failed on expression: 'pred(*previous, *i)'
Assertion failed on expression: 'pred(*previous, *i)'
Assertion failed on expression: 'pred(*previous, *i)'
Assertion failed on expression: 'pred(*previous, *i)'
Assertion failed on expression: 'pred(*previous, *i)'
Assertion failed on expression: 'pred(*previous, *i)'
Assertion failed on expression: 'pred(*previous, *i)'
Assertion failed on expression: 'pred(*previous, *i)'
Assertion failed on expression: 'pred(*previous, *i)'
Assertion failed on expression: 'pred(*previous, *i)'
Assertion failed on expression: 'pred(*previous, *i)'
Assertion failed on expression: 'pred(*previous, *i)'
Assertion failed on expression: 'pred(*previous, *i)'
Assertion failed on expression: 'pred(*previous, *i)'
Assertion failed on expression: 'pred(*previous, *i)'
Assertion failed on expression: 'pred(*previous, *i)'
Assertion failed on expression: 'pred(*previous, *i)'
Assertion failed on expression: 'pred(*previous, *i)'
Assertion failed on expression: 'pred(*previous, *i)'
Assertion failed on expression: 'pred(*previous, *i)'
Assertion failed on expression: 'pred(*previous, *i)'
Assertion failed on expression: 'pred(*previous, *i)'
Assertion failed on expression: 'pred(*previous, *i)'
Assertion failed on expression: 'pred(*previous, *i)'
Assertion failed on expression: 'pred(*previous, *i)'
Assertion failed on expression: 'pred(*previous, *i)'
Assertion failed on expression: 'pred(*previous, *i)'
Assertion failed on expression: 'pred(*previous, *i)'
Assertion failed on expression: 'pred(*previous, *i)'
Assertion failed on expression: 'pred(*previous, *i)'
Assertion failed on expression: 'pred(*previous, *i)'
Assertion failed on expression: 'pred(*previous, *i)'
Assertion failed on expression: 'pred(*previous, *i)'
Assertion failed on expression: 'pred(*previous, *i)'
Assertion failed on expression: 'pred(*previous, *i)'
Assertion failed on expression: 'pred(*previous, *i)'
Assertion failed on expression: 'pred(*previous, *i)'
Assertion failed on expression: 'pred(*previous, *i)'
Assertion failed on expression: 'pred(*previous, *i)'
Assertion failed on expression: 'pred(*previous, *i)'
Assertion failed on expression: 'pred(*previous, *i)'
Assertion failed on expression: 'pred(*previous, *i)'
Assertion failed on expression: 'pred(*previous, *i)'
Assertion failed on expression: 'pred(*previous, *i)'
Assertion failed on expression: 'pred(*previous, *i)'
Assertion failed on expression: 'pred(*previous, *i)'
Assertion failed on expression: 'pred(*previous, *i)'
Assertion failed on expression: 'pred(*previous, *i)'
Assertion failed on expression: 'pred(*previous, *i)'
Assertion failed on expression: 'pred(*previous, *i)'
Assertion failed on expression: 'pred(*previous, *i)'
Assertion failed on expression: 'pred(*previous, *i)'
Assertion failed on expression: 'pred(*previous, *i)'
Assertion failed on expression: 'pred(*previous, *i)'
Assertion failed on expression: 'pred(*previous, *i)'
Assertion failed on expression: 'pred(*previous, *i)'
Assertion failed on expression: 'pred(*previous, *i)'
Assertion failed on expression: 'pred(*previous, *i)'
Assertion failed on expression: 'pred(*previous, *i)'
Assertion failed on expression: 'pred(*previous, *i)'
Assertion failed on expression: 'pred(*previous, *i)'
Assertion failed on expression: 'pred(*previous, *i)'
Assertion failed on expression: 'pred(*previous, *i)'
Assertion failed on expression: 'pred(*previous, *i)'
Assertion failed on expression: 'pred(*previous, *i)'
Assertion failed on expression: 'pred(*previous, *i)'
Assertion failed on expression: 'pred(*previous, *i)'
Assertion failed on expression: 'pred(*previous, *i)'
Assertion failed on expression: 'pred(*previous, *i)'
Assertion failed on expression: 'pred(*previous, *i)'
Assertion failed on expression: 'pred(*previous, *i)'
Assertion failed on expression: 'pred(*previous, *i)'
Assertion failed on expression: 'pred(*previous, *i)'
Assertion failed on expression: 'pred(*previous, *i)'
Assertion failed on expression: 'pred(*previous, *i)'
Assertion failed on expression: 'pred(*previous, *i)'
Assertion failed on expression: 'pred(*previous, *i)'
Assertion failed on expression: 'pred(*previous, *i)'
Assertion failed on expression: 'pred(*previous, *i)'
Assertion failed on expression: 'pred(*previous, *i)'
Assertion failed on expression: 'pred(*previous, *i)'
Assertion failed on expression: 'pred(*previous, *i)'
Assertion failed on expression: 'pred(*previous, *i)'
Assertion failed on expression: 'pred(*previous, *i)'
Assertion failed on expression: 'pred(*previous, *i)'
Assertion failed on expression: 'pred(*previous, *i)'
Assertion failed on expression: 'pred(*previous, *i)'
Assertion failed on expression: 'pred(*previous, *i)'
Assertion failed on expression: 'pred(*previous, *i)'
Assertion failed on expression: 'pred(*previous, *i)'
Assertion failed on expression: 'pred(*previous, *i)'
Assertion failed on expression: 'pred(*previous, *i)'
Assertion failed on expression: 'pred(*previous, *i)'
Assertion failed on expression: 'pred(*previous, *i)'
Assertion failed on expression: 'pred(*previous, *i)'
Assertion failed on expression: 'pred(*previous, *i)'
Assertion failed on expression: 'pred(*previous, *i)'
Assertion failed on expression: 'pred(*previous, *i)'
Assertion failed on expression: 'pred(*previous, *i)'
Assertion failed on expression: 'pred(*previous, *i)'
Assertion failed on expression: 'pred(*previous, *i)'
Assertion failed on expression: 'pred(*previous, *i)'
Assertion failed on expression: 'pred(*previous, *i)'
Assertion failed on expression: 'pred(*previous, *i)'
Assertion failed on expression: 'pred(*previous, *i)'
Assertion failed on expression: 'pred(*previous, *i)'
Assertion failed on expression: 'pred(*previous, *i)'
Assertion failed on expression: 'pred(*previous, *i)'
Assertion failed on expression: 'pred(*previous, *i)'
Assertion failed on expression: 'pred(*previous, *i)'
Assertion failed on expression: 'pred(*previous, *i)'
Assertion failed on expression: 'pred(*previous, *i)'
Assertion failed on expression: 'pred(*previous, *i)'
Assertion failed on expression: 'pred(*previous, *i)'
Assertion failed on expression: 'pred(*previous, *i)'
Assertion failed on expression: 'pred(*previous, *i)'
Assertion failed on expression: 'pred(*previous, *i)'
Assertion failed on expression: 'pred(*previous, *i)'
Assertion failed on expression: 'pred(*previous, *i)'
Assertion failed on expression: 'pred(*previous, *i)'
Assertion failed on expression: 'pred(*previous, *i)'
Assertion failed on expression: 'pred(*previous, *i)'
Assertion failed on expression: 'pred(*previous, *i)'
Assertion failed on expression: 'pred(*previous, *i)'
Assertion failed on expression: 'pred(*previous, *i)'
Assertion failed on expression: 'pred(*previous, *i)'
Assertion failed on expression: 'pred(*previous, *i)'
Assertion failed on expression: 'pred(*previous, *i)'
Assertion failed on expression: 'pred(*previous, *i)'
Assertion failed on expression: 'pred(*previous, *i)'
Assertion failed on expression: 'pred(*previous, *i)'
Assertion failed on expression: 'pred(*previous, *i)'
Assertion failed on expression: 'pred(*previous, *i)'
Assertion failed on expression: 'pred(*previous, *i)'
Assertion failed on expression: 'pred(*previous, *i)'
Assertion failed on expression: 'pred(*previous, *i)'
Assertion failed on expression: 'pred(*previous, *i)'
Assertion failed on expression: 'pred(*previous, *i)'
Assertion failed on expression: 'pred(*previous, *i)'
Assertion failed on expression: 'pred(*previous, *i)'
Assertion failed on expression: 'pred(*previous, *i)'
Assertion failed on expression: 'pred(*previous, *i)'
Assertion failed on expression: 'pred(*previous, *i)'
Assertion failed on expression: 'pred(*previous, *i)'
Assertion failed on expression: 'pred(*previous, *i)'
Assertion failed on expression: 'pred(*previous, *i)'
Assertion failed on expression: 'pred(*previous, *i)'
Assertion failed on expression: 'pred(*previous, *i)'
Assertion failed on expression: 'pred(*previous, *i)'
Assertion failed on expression: 'pred(*previous, *i)'
Assertion failed on expression: 'pred(*previous, *i)'
Assertion failed on expression: 'pred(*previous, *i)'
Assertion failed on expression: 'pred(*previous, *i)'
Assertion failed on expression: 'pred(*previous, *i)'
Assertion failed on expression: 'pred(*previous, *i)'
Assertion failed on expression: 'pred(*previous, *i)'
Assertion failed on expression: 'pred(*previous, *i)'
Assertion failed on expression: 'pred(*previous, *i)'
Assertion failed on expression: 'pred(*previous, *i)'
Assertion failed on expression: 'pred(*previous, *i)'
Assertion failed on expression: 'pred(*previous, *i)'
Assertion failed on expression: 'pred(*previous, *i)'
Assertion failed on expression: 'pred(*previous, *i)'
Assertion failed on expression: 'pred(*previous, *i)'
Assertion failed on expression: 'pred(*previous, *i)'
Assertion failed on expression: 'pred(*previous, *i)'
Assertion failed on expression: 'pred(*previous, *i)'
Assertion failed on expression: 'pred(*previous, *i)'
Assertion failed on expression: 'pred(*previous, *i)'
Assertion failed on expression: 'pred(*previous, *i)'
Assertion failed on expression: 'pred(*previous, *i)'
Assertion failed on expression: 'pred(*previous, *i)'
Assertion failed on expression: 'pred(*previous, *i)'
Assertion failed on expression: 'pred(*previous, *i)'
Assertion failed on expression: 'pred(*previous, *i)'
Assertion failed on expression: 'pred(*previous, *i)'
Assertion failed on expression: 'pred(*previous, *i)'
Assertion failed on expression: 'pred(*previous, *i)'
Assertion failed on expression: 'pred(*previous, *i)'
Assertion failed on expression: 'pred(*previous, *i)'
Assertion failed on expression: 'pred(*previous, *i)'
Assertion failed on expression: 'pred(*previous, *i)'
Assertion failed on expression: 'pred(*previous, *i)'
Assertion failed on expression: 'pred(*previous, *i)'
Assertion failed on expression: 'pred(*previous, *i)'
Assertion failed on expression: 'pred(*previous, *i)'
Assertion failed on expression: 'pred(*previous, *i)'
Assertion failed on expression: 'pred(*previous, *i)'
Assertion failed on expression: 'pred(*previous, *i)'
Assertion failed on expression: 'pred(*previous, *i)'
Assertion failed on expression: 'pred(*previous, *i)'
Assertion failed on expression: 'pred(*previous, *i)'
Assertion failed on expression: 'pred(*previous, *i)'
Assertion failed on expression: 'pred(*previous, *i)'
Assertion failed on expression: 'pred(*previous, *i)'
Assertion failed on expression: 'pred(*previous, *i)'
Assertion failed on expression: 'pred(*previous, *i)'
Assertion failed on expression: 'pred(*previous, *i)'
Assertion failed on expression: 'pred(*previous, *i)'
Assertion failed on expression: 'pred(*previous, *i)'
Assertion failed on expression: 'pred(*previous, *i)'
Assertion failed on expression: 'pred(*previous, *i)'
Assertion failed on expression: 'pred(*previous, *i)'
Assertion failed on expression: 'pred(*previous, *i)'
Assertion failed on expression: 'pred(*previous, *i)'
Assertion failed on expression: 'pred(*previous, *i)'
Assertion failed on expression: 'pred(*previous, *i)'
Assertion failed on expression: 'pred(*previous, *i)'
Assertion failed on expression: 'pred(*previous, *i)'
Assertion failed on expression: 'pred(*previous, *i)'
Assertion failed on expression: 'pred(*previous, *i)'
Assertion failed on expression: 'pred(*previous, *i)'
Assertion failed on expression: 'pred(*previous, *i)'
Assertion failed on expression: 'pred(*previous, *i)'
Assertion failed on expression: 'pred(*previous, *i)'
Assertion failed on expression: 'pred(*previous, *i)'
Assertion failed on expression: 'pred(*previous, *i)'
Assertion failed on expression: 'pred(*previous, *i)'
Assertion failed on expression: 'pred(*previous, *i)'
Assertion failed on expression: 'pred(*previous, *i)'
Assertion failed on expression: 'pred(*previous, *i)'
Assertion failed on expression: 'pred(*previous, *i)'
Assertion failed on expression: 'pred(*previous, *i)'
Assertion failed on expression: 'pred(*previous, *i)'
Assertion failed on expression: 'pred(*previous, *i)'
Assertion failed on expression: 'pred(*previous, *i)'
Assertion failed on expression: 'pred(*previous, *i)'
Assertion failed on expression: 'pred(*previous, *i)'
Assertion failed on expression: 'pred(*previous, *i)'
Assertion failed on expression: 'pred(*previous, *i)'
Assertion failed on expression: 'pred(*previous, *i)'
Assertion failed on expression: 'pred(*previous, *i)'
Assertion failed on expression: 'pred(*previous, *i)'
Assertion failed on expression: 'pred(*previous, *i)'
Assertion failed on expression: 'pred(*previous, *i)'
Assertion failed on expression: 'pred(*previous, *i)'
Assertion failed on expression: 'pred(*previous, *i)'
Assertion failed on expression: 'pred(*previous, *i)'
Assertion failed on expression: 'pred(*previous, *i)'
Assertion failed on expression: 'pred(*previous, *i)'
Assertion failed on expression: 'pred(*previous, *i)'
Assertion failed on expression: 'pred(*previous, *i)'
Assertion failed on expression: 'pred(*previous, *i)'
Assertion failed on expression: 'pred(*previous, *i)'
Assertion failed on expression: 'pred(*previous, *i)'
Assertion failed on expression: 'pred(*previous, *i)'
Assertion failed on expression: 'pred(*previous, *i)'
Assertion failed on expression: 'pred(*previous, *i)'
Assertion failed on expression: 'pred(*previous, *i)'
Assertion failed on expression: 'pred(*previous, *i)'
Assertion failed on expression: 'pred(*previous, *i)'
Assertion failed on expression: 'pred(*previous, *i)'
Assertion failed on expression: 'pred(*previous, *i)'
Assertion failed on expression: 'pred(*previous, *i)'
Assertion failed on expression: 'pred(*previous, *i)'
Assertion failed on expression: 'pred(*previous, *i)'
Assertion failed on expression: 'pred(*previous, *i)'
Assertion failed on expression: 'pred(*previous, *i)'
Assertion failed on expression: 'pred(*previous, *i)'
Assertion failed on expression: 'pred(*previous, *i)'
Assertion failed on expression: 'pred(*previous, *i)'
Assertion failed on expression: 'pred(*previous, *i)'
Assertion failed on expression: 'pred(*previous, *i)'
Assertion failed on expression: 'pred(*previous, *i)'
Assertion failed on expression: 'pred(*previous, *i)'
Assertion failed on expression: 'pred(*previous, *i)'
Assertion failed on expression: 'pred(*previous, *i)'
Assertion failed on expression: 'pred(*previous, *i)'
Assertion failed on expression: 'pred(*previous, *i)'
Assertion failed on expression: 'pred(*previous, *i)'
Assertion failed on expression: 'pred(*previous, *i)'
Assertion failed on expression: 'pred(*previous, *i)'
Assertion failed on expression: 'pred(*previous, *i)'
Assertion failed on expression: 'pred(*previous, *i)'
Assertion failed on expression: 'pred(*previous, *i)'
Assertion failed on expression: 'pred(*previous, *i)'
Assertion failed on expression: 'pred(*previous, *i)'
Assertion failed on expression: 'pred(*previous, *i)'
Assertion failed on expression: 'pred(*previous, *i)'
Assertion failed on expression: 'pred(*previous, *i)'
Assertion failed on expression: 'pred(*previous, *i)'
Assertion failed on expression: 'pred(*previous, *i)'
Assertion failed on expression: 'pred(*previous, *i)'
Assertion failed on expression: 'pred(*previous, *i)'
Assertion failed on expression: 'pred(*previous, *i)'
Assertion failed on expression: 'pred(*previous, *i)'
Assertion failed on expression: 'pred(*previous, *i)'
Assertion failed on expression: 'pred(*previous, *i)'
Assertion failed on expression: 'pred(*previous, *i)'
Assertion failed on expression: 'pred(*previous, *i)'
Assertion failed on expression: 'pred(*previous, *i)'
Assertion failed on expression: 'pred(*previous, *i)'
Assertion failed on expression: 'pred(*previous, *i)'
Assertion failed on expression: 'pred(*previous, *i)'
Assertion failed on expression: 'pred(*previous, *i)'
Assertion failed on expression: 'pred(*previous, *i)'
Assertion failed on expression: 'pred(*previous, *i)'
Assertion failed on expression: 'pred(*previous, *i)'
Assertion failed on expression: 'pred(*previous, *i)'
Assertion failed on expression: 'pred(*previous, *i)'
Assertion failed on expression: 'pred(*previous, *i)'
Assertion failed on expression: 'pred(*previous, *i)'
Assertion failed on expression: 'pred(*previous, *i)'
Assertion failed on expression: 'pred(*previous, *i)'
Assertion failed on expression: 'pred(*previous, *i)'
Assertion failed on expression: 'pred(*previous, *i)'
Assertion failed on expression: 'pred(*previous, *i)'
Assertion failed on expression: 'pred(*previous, *i)'
Assertion failed on expression: 'pred(*previous, *i)'
Assertion failed on expression: 'pred(*previous, *i)'
Assertion failed on expression: 'pred(*previous, *i)'
Assertion failed on expression: 'pred(*previous, *i)'
Assertion failed on expression: 'pred(*previous, *i)'
Assertion failed on expression: 'pred(*previous, *i)'
Assertion failed on expression: 'pred(*previous, *i)'
Assertion failed on expression: 'pred(*previous, *i)'
Assertion failed on expression: 'pred(*previous, *i)'
Assertion failed on expression: 'pred(*previous, *i)'
Assertion failed on expression: 'pred(*previous, *i)'
Assertion failed on expression: 'pred(*previous, *i)'
Assertion failed on expression: 'pred(*previous, *i)'
Assertion failed on expression: 'pred(*previous, *i)'
Assertion failed on expression: 'pred(*previous, *i)'
Assertion failed on expression: 'pred(*previous, *i)'
Assertion failed on expression: 'pred(*previous, *i)'
Assertion failed on expression: 'pred(*previous, *i)'
Assertion failed on expression: 'pred(*previous, *i)'
Assertion failed on expression: 'pred(*previous, *i)'
Assertion failed on expression: 'pred(*previous, *i)'
Assertion failed on expression: 'pred(*previous, *i)'
Assertion failed on expression: 'pred(*previous, *i)'
Assertion failed on expression: 'pred(*previous, *i)'
Assertion failed on expression: 'pred(*previous, *i)'
Assertion failed on expression: 'pred(*previous, *i)'
Assertion failed on expression: 'pred(*previous, *i)'
Assertion failed on expression: 'pred(*previous, *i)'
Assertion failed on expression: 'pred(*previous, *i)'
Assertion failed on expression: 'pred(*previous, *i)'
Assertion failed on expression: 'pred(*previous, *i)'
Assertion failed on expression: 'pred(*previous, *i)'
Assertion failed on expression: 'pred(*previous, *i)'
Assertion failed on expression: 'pred(*previous, *i)'
Assertion failed on expression: 'pred(*previous, *i)'
Assertion failed on expression: 'pred(*previous, *i)'
Assertion failed on expression: 'pred(*previous, *i)'
Assertion failed on expression: 'pred(*previous, *i)'
Assertion failed on expression: 'pred(*previous, *i)'
Assertion failed on expression: 'pred(*previous, *i)'
Assertion failed on expression: 'pred(*previous, *i)'
Assertion failed on expression: 'pred(*previous, *i)'
Assertion failed on expression: 'pred(*previous, *i)'
Assertion failed on expression: 'pred(*previous, *i)'
Assertion failed on expression: 'pred(*previous, *i)'
Assertion failed on expression: 'pred(*previous, *i)'
Assertion failed on expression: 'pred(*previous, *i)'
Assertion failed on expression: 'pred(*previous, *i)'
Assertion failed on expression: 'pred(*previous, *i)'
Assertion failed on expression: 'pred(*previous, *i)'
Assertion failed on expression: 'pred(*previous, *i)'
Assertion failed on expression: 'pred(*previous, *i)'
Assertion failed on expression: 'pred(*previous, *i)'
Assertion failed on expression: 'pred(*previous, *i)'
Assertion failed on expression: 'pred(*previous, *i)'
Assertion failed on expression: 'pred(*previous, *i)'
Assertion failed on expression: 'pred(*previous, *i)'
Assertion failed on expression: 'pred(*previous, *i)'
Assertion failed on expression: 'pred(*previous, *i)'
Assertion failed on expression: 'pred(*previous, *i)'
Assertion failed on expression: 'pred(*previous, *i)'
Assertion failed on expression: 'pred(*previous, *i)'
Assertion failed on expression: 'pred(*previous, *i)'
Assertion failed on expression: 'pred(*previous, *i)'
Assertion failed on expression: 'pred(*previous, *i)'
Assertion failed on expression: 'pred(*previous, *i)'
Assertion failed on expression: 'pred(*previous, *i)'
Assertion failed on expression: 'pred(*previous, *i)'
Assertion failed on expression: 'pred(*previous, *i)'
Assertion failed on expression: 'pred(*previous, *i)'
Assertion failed on expression: 'pred(*previous, *i)'
Assertion failed on expression: 'pred(*previous, *i)'
Assertion failed on expression: 'pred(*previous, *i)'
Assertion failed on expression: 'pred(*previous, *i)'
Assertion failed on expression: 'pred(*previous, *i)'
Assertion failed on expression: 'pred(*previous, *i)'
Assertion failed on expression: 'pred(*previous, *i)'
Assertion failed on expression: 'pred(*previous, *i)'
Assertion failed on expression: 'pred(*previous, *i)'
Assertion failed on expression: 'pred(*previous, *i)'
Assertion failed on expression: 'pred(*previous, *i)'
Assertion failed on expression: 'pred(*previous, *i)'
Assertion failed on expression: 'pred(*previous, *i)'
Assertion failed on expression: 'pred(*previous, *i)'
Assertion failed on expression: 'pred(*previous, *i)'
Assertion failed on expression: 'pred(*previous, *i)'
Assertion failed on expression: 'pred(*previous, *i)'
Assertion failed on expression: 'pred(*previous, *i)'
Assertion failed on expression: 'pred(*previous, *i)'
Assertion failed on expression: 'pred(*previous, *i)'
Assertion failed on expression: 'pred(*previous, *i)'
Assertion failed on expression: 'pred(*previous, *i)'
Assertion failed on expression: 'pred(*previous, *i)'
Assertion failed on expression: 'pred(*previous, *i)'
Assertion failed on expression: 'pred(*previous, *i)'
Assertion failed on expression: 'pred(*previous, *i)'
Assertion failed on expression: 'pred(*previous, *i)'
Assertion failed on expression: 'pred(*previous, *i)'
Assertion failed on expression: 'pred(*previous, *i)'
Assertion failed on expression: 'pred(*previous, *i)'
Assertion failed on expression: 'pred(*previous, *i)'
Assertion failed on expression: 'pred(*previous, *i)'
Assertion failed on expression: 'pred(*previous, *i)'
Assertion failed on expression: 'pred(*previous, *i)'
Assertion failed on expression: 'pred(*previous, *i)'
Assertion failed on expression: 'pred(*previous, *i)'
Assertion failed on expression: 'pred(*previous, *i)'
Assertion failed on expression: 'pred(*previous, *i)'
Assertion failed on expression: 'pred(*previous, *i)'
Assertion failed on expression: 'pred(*previous, *i)'
Assertion failed on expression: 'pred(*previous, *i)'
Assertion failed on expression: 'pred(*previous, *i)'
Assertion failed on expression: 'pred(*previous, *i)'
Assertion failed on expression: 'pred(*previous, *i)'
Assertion failed on expression: 'pred(*previous, *i)'
Assertion failed on expression: 'pred(*previous, *i)'
Assertion failed on expression: 'pred(*previous, *i)'
Assertion failed on expression: 'pred(*previous, *i)'
Assertion failed on expression: 'pred(*previous, *i)'
Assertion failed on expression: 'pred(*previous, *i)'
Assertion failed on expression: 'pred(*previous, *i)'
Assertion failed on expression: 'pred(*previous, *i)'
Assertion failed on expression: 'pred(*previous, *i)'
Assertion failed on expression: 'pred(*previous, *i)'
Assertion failed on expression: 'pred(*previous, *i)'
Assertion failed on expression: 'pred(*previous, *i)'
Assertion failed on expression: 'pred(*previous, *i)'
Assertion failed on expression: 'pred(*previous, *i)'
Assertion failed on expression: 'pred(*previous, *i)'
Assertion failed on expression: 'pred(*previous, *i)'
Assertion failed on expression: 'pred(*previous, *i)'
Assertion failed on expression: 'pred(*previous, *i)'
Assertion failed on expression: 'pred(*previous, *i)'
Assertion failed on expression: 'pred(*previous, *i)'
Assertion failed on expression: 'pred(*previous, *i)'
Assertion failed on expression: 'pred(*previous, *i)'
Assertion failed on expression: 'pred(*previous, *i)'
Assertion failed on expression: 'pred(*previous, *i)'
Assertion failed on expression: 'pred(*previous, *i)'
Assertion failed on expression: 'pred(*previous, *i)'
Assertion failed on expression: 'pred(*previous, *i)'
Assertion failed on expression: 'pred(*previous, *i)'
Assertion failed on expression: 'pred(*previous, *i)'
Assertion failed on expression: 'pred(*previous, *i)'
Assertion failed on expression: 'pred(*previous, *i)'
Assertion failed on expression: 'pred(*previous, *i)'
Assertion failed on expression: 'pred(*previous, *i)'
Assertion failed on expression: 'pred(*previous, *i)'
Assertion failed on expression: 'pred(*previous, *i)'
Assertion failed on expression: 'pred(*previous, *i)'
Assertion failed on expression: 'pred(*previous, *i)'
Assertion failed on expression: 'pred(*previous, *i)'
Assertion failed on expression: 'pred(*previous, *i)'
Assertion failed on expression: 'pred(*previous, *i)'
Assertion failed on expression: 'pred(*previous, *i)'
Assertion failed on expression: 'pred(*previous, *i)'
Assertion failed on expression: 'pred(*previous, *i)'
Assertion failed on expression: 'pred(*previous, *i)'
Assertion failed on expression: 'pred(*previous, *i)'
Assertion failed on expression: 'pred(*previous, *i)'
Assertion failed on expression: 'pred(*previous, *i)'
Assertion failed on expression: 'pred(*previous, *i)'
Assertion failed on expression: 'pred(*previous, *i)'
Assertion failed on expression: 'pred(*previous, *i)'
Assertion failed on expression: 'pred(*previous, *i)'
Assertion failed on expression: 'pred(*previous, *i)'
Assertion failed on expression: 'pred(*previous, *i)'
Assertion failed on expression: 'pred(*previous, *i)'
Assertion failed on expression: 'pred(*previous, *i)'
Assertion failed on expression: 'pred(*previous, *i)'
Assertion failed on expression: 'pred(*previous, *i)'
Assertion failed on expression: 'pred(*previous, *i)'
Assertion failed on expression: 'pred(*previous, *i)'
Assertion failed on expression: 'pred(*previous, *i)'
Assertion failed on expression: 'pred(*previous, *i)'
Assertion failed on expression: 'pred(*previous, *i)'
Assertion failed on expression: 'pred(*previous, *i)'
Assertion failed on expression: 'pred(*previous, *i)'
Assertion failed on expression: 'pred(*previous, *i)'
Assertion failed on expression: 'pred(*previous, *i)'
Assertion failed on expression: 'pred(*previous, *i)'
Assertion failed on expression: 'pred(*previous, *i)'
Assertion failed on expression: 'pred(*previous, *i)'
Assertion failed on expression: 'pred(*previous, *i)'
Assertion failed on expression: 'pred(*previous, *i)'
Assertion failed on expression: 'pred(*previous, *i)'
Assertion failed on expression: 'pred(*previous, *i)'
Assertion failed on expression: 'pred(*previous, *i)'
Assertion failed on expression: 'pred(*previous, *i)'
Assertion failed on expression: 'pred(*previous, *i)'
Assertion failed on expression: 'pred(*previous, *i)'
Assertion failed on expression: 'pred(*previous, *i)'
Assertion failed on expression: 'pred(*previous, *i)'
Assertion failed on expression: 'pred(*previous, *i)'
Assertion failed on expression: 'pred(*previous, *i)'
Assertion failed on expression: 'pred(*previous, *i)'
Assertion failed on expression: 'pred(*previous, *i)'
Assertion failed on expression: 'pred(*previous, *i)'
Assertion failed on expression: 'pred(*previous, *i)'
Assertion failed on expression: 'pred(*previous, *i)'
Assertion failed on expression: 'pred(*previous, *i)'
Assertion failed on expression: 'pred(*previous, *i)'
Assertion failed on expression: 'pred(*previous, *i)'
Assertion failed on expression: 'pred(*previous, *i)'
Assertion failed on expression: 'pred(*previous, *i)'
Assertion failed on expression: 'pred(*previous, *i)'
Assertion failed on expression: 'pred(*previous, *i)'
Assertion failed on expression: 'pred(*previous, *i)'
Assertion failed on expression: 'pred(*previous, *i)'
Assertion failed on expression: 'pred(*previous, *i)'
Assertion failed on expression: 'pred(*previous, *i)'
Assertion failed on expression: 'pred(*previous, *i)'
Assertion failed on expression: 'pred(*previous, *i)'
Assertion failed on expression: 'pred(*previous, *i)'
Assertion failed on expression: 'pred(*previous, *i)'
Assertion failed on expression: 'pred(*previous, *i)'
Assertion failed on expression: 'pred(*previous, *i)'
Assertion failed on expression: 'pred(*previous, *i)'
Assertion failed on expression: 'pred(*previous, *i)'
Assertion failed on expression: 'pred(*previous, *i)'
Assertion failed on expression: 'pred(*previous, *i)'
Assertion failed on expression: 'pred(*previous, *i)'
Assertion failed on expression: 'pred(*previous, *i)'
Assertion failed on expression: 'pred(*previous, *i)'
Assertion failed on expression: 'pred(*previous, *i)'
Assertion failed on expression: 'pred(*previous, *i)'
Assertion failed on expression: 'pred(*previous, *i)'
Assertion failed on expression: 'pred(*previous, *i)'
Assertion failed on expression: 'pred(*previous, *i)'
Assertion failed on expression: 'pred(*previous, *i)'
Assertion failed on expression: 'pred(*previous, *i)'
Assertion failed on expression: 'pred(*previous, *i)'
Assertion failed on expression: 'pred(*previous, *i)'
Assertion failed on expression: 'pred(*previous, *i)'
Assertion failed on expression: 'pred(*previous, *i)'
Assertion failed on expression: 'pred(*previous, *i)'
Assertion failed on expression: 'pred(*previous, *i)'
Assertion failed on expression: 'pred(*previous, *i)'
Assertion failed on expression: 'pred(*previous, *i)'
Assertion failed on expression: 'pred(*previous, *i)'
Assertion failed on expression: 'pred(*previous, *i)'
Assertion failed on expression: 'pred(*previous, *i)'
Assertion failed on expression: 'pred(*previous, *i)'
Assertion failed on expression: 'pred(*previous, *i)'
Assertion failed on expression: 'pred(*previous, *i)'
Assertion failed on expression: 'pred(*previous, *i)'
Assertion failed on expression: 'pred(*previous, *i)'
Assertion failed on expression: 'pred(*previous, *i)'
Assertion failed on expression: 'pred(*previous, *i)'
Assertion failed on expression: 'pred(*previous, *i)'
Assertion failed on expression: 'pred(*previous, *i)'
Assertion failed on expression: 'pred(*previous, *i)'
Assertion failed on expression: 'pred(*previous, *i)'
Assertion failed on expression: 'pred(*previous, *i)'
Assertion failed on expression: 'pred(*previous, *i)'
Assertion failed on expression: 'pred(*previous, *i)'
Assertion failed on expression: 'pred(*previous, *i)'
Assertion failed on expression: 'pred(*previous, *i)'
Assertion failed on expression: 'pred(*previous, *i)'
Assertion failed on expression: 'pred(*previous, *i)'
Assertion failed on expression: 'pred(*previous, *i)'
Assertion failed on expression: 'pred(*previous, *i)'
Assertion failed on expression: 'pred(*previous, *i)'
Assertion failed on expression: 'pred(*previous, *i)'
Assertion failed on expression: 'pred(*previous, *i)'
Assertion failed on expression: 'pred(*previous, *i)'
Assertion failed on expression: 'pred(*previous, *i)'
Assertion failed on expression: 'pred(*previous, *i)'
Assertion failed on expression: 'pred(*previous, *i)'
Assertion failed on expression: 'pred(*previous, *i)'
Assertion failed on expression: 'pred(*previous, *i)'
Assertion failed on expression: 'pred(*previous, *i)'
Assertion failed on expression: 'pred(*previous, *i)'
Assertion failed on expression: 'pred(*previous, *i)'
Assertion failed on expression: 'pred(*previous, *i)'
Assertion failed on expression: 'pred(*previous, *i)'
Assertion failed on expression: 'pred(*previous, *i)'
Assertion failed on expression: 'pred(*previous, *i)'
Assertion failed on expression: 'pred(*previous, *i)'
Assertion failed on expression: 'pred(*previous, *i)'
Assertion failed on expression: 'pred(*previous, *i)'
Assertion failed on expression: 'pred(*previous, *i)'
Assertion failed on expression: 'pred(*previous, *i)'
Assertion failed on expression: 'pred(*previous, *i)'
Assertion failed on expression: 'pred(*previous, *i)'
Assertion failed on expression: 'pred(*previous, *i)'
Assertion failed on expression: 'pred(*previous, *i)'
Assertion failed on expression: 'pred(*previous, *i)'
Assertion failed on expression: 'pred(*previous, *i)'
Assertion failed on expression: 'pred(*previous, *i)'
Assertion failed on expression: 'pred(*previous, *i)'
Assertion failed on expression: 'pred(*previous, *i)'
Assertion failed on expression: 'pred(*previous, *i)'
Assertion failed on expression: 'pred(*previous, *i)'
Assertion failed on expression: 'pred(*previous, *i)'
Assertion failed on expression: 'pred(*previous, *i)'
Assertion failed on expression: 'pred(*previous, *i)'
Assertion failed on expression: 'pred(*previous, *i)'
Assertion failed on expression: 'pred(*previous, *i)'
Assertion failed on expression: 'pred(*previous, *i)'
Assertion failed on expression: 'pred(*previous, *i)'
Assertion failed on expression: 'pred(*previous, *i)'
Assertion failed on expression: 'pred(*previous, *i)'
Assertion failed on expression: 'pred(*previous, *i)'
Assertion failed on expression: 'pred(*previous, *i)'
Assertion failed on expression: 'pred(*previous, *i)'
Assertion failed on expression: 'pred(*previous, *i)'
Assertion failed on expression: 'pred(*previous, *i)'
Assertion failed on expression: 'pred(*previous, *i)'
Assertion failed on expression: 'pred(*previous, *i)'
Assertion failed on expression: 'pred(*previous, *i)'
Assertion failed on expression: 'pred(*previous, *i)'
Assertion failed on expression: 'pred(*previous, *i)'
Assertion failed on expression: 'pred(*previous, *i)'
Assertion failed on expression: 'pred(*previous, *i)'
Assertion failed on expression: 'pred(*previous, *i)'
Assertion failed on expression: 'pred(*previous, *i)'
Assertion failed on expression: 'pred(*previous, *i)'
Assertion failed on expression: 'pred(*previous, *i)'
Assertion failed on expression: 'pred(*previous, *i)'
Assertion failed on expression: 'pred(*previous, *i)'
Assertion failed on expression: 'pred(*previous, *i)'
Assertion failed on expression: 'pred(*previous, *i)'
Assertion failed on expression: 'pred(*previous, *i)'
Assertion failed on expression: 'pred(*previous, *i)'
Assertion failed on expression: 'pred(*previous, *i)'
Assertion failed on expression: 'pred(*previous, *i)'
Assertion failed on expression: 'pred(*previous, *i)'
Assertion failed on expression: 'pred(*previous, *i)'
Assertion failed on expression: 'pred(*previous, *i)'
Assertion failed on expression: 'pred(*previous, *i)'
Assertion failed on expression: 'pred(*previous, *i)'
Assertion failed on expression: 'pred(*previous, *i)'
Assertion failed on expression: 'pred(*previous, *i)'
Assertion failed on expression: 'pred(*previous, *i)'
Assertion failed on expression: 'pred(*previous, *i)'
Assertion failed on expression: 'pred(*previous, *i)'
Assertion failed on expression: 'pred(*previous, *i)'
Assertion failed on expression: 'pred(*previous, *i)'
Assertion failed on expression: 'pred(*previous, *i)'
Assertion failed on expression: 'pred(*previous, *i)'
Assertion failed on expression: 'pred(*previous, *i)'
Assertion failed on expression: 'pred(*previous, *i)'
Assertion failed on expression: 'pred(*previous, *i)'
Assertion failed on expression: 'pred(*previous, *i)'
Assertion failed on expression: 'pred(*previous, *i)'
Assertion failed on expression: 'pred(*previous, *i)'
Assertion failed on expression: 'pred(*previous, *i)'
Assertion failed on expression: 'pred(*previous, *i)'
Assertion failed on expression: 'pred(*previous, *i)'
Assertion failed on expression: 'pred(*previous, *i)'
Assertion failed on expression: 'pred(*previous, *i)'
Assertion failed on expression: 'pred(*previous, *i)'
Assertion failed on expression: 'pred(*previous, *i)'
Assertion failed on expression: 'pred(*previous, *i)'
Assertion failed on expression: 'pred(*previous, *i)'
Assertion failed on expression: 'pred(*previous, *i)'
Assertion failed on expression: 'pred(*previous, *i)'
Assertion failed on expression: 'pred(*previous, *i)'
Assertion failed on expression: 'pred(*previous, *i)'
Assertion failed on expression: 'pred(*previous, *i)'
Assertion failed on expression: 'pred(*previous, *i)'
Assertion failed on expression: 'pred(*previous, *i)'
Assertion failed on expression: 'pred(*previous, *i)'
Assertion failed on expression: 'pred(*previous, *i)'
Assertion failed on expression: 'pred(*previous, *i)'
Assertion failed on expression: 'pred(*previous, *i)'
Assertion failed on expression: 'pred(*previous, *i)'
Assertion failed on expression: 'pred(*previous, *i)'
Assertion failed on expression: 'pred(*previous, *i)'
Assertion failed on expression: 'pred(*previous, *i)'
Assertion failed on expression: 'pred(*previous, *i)'
Assertion failed on expression: 'pred(*previous, *i)'
Assertion failed on expression: 'pred(*previous, *i)'
Assertion failed on expression: 'pred(*previous, *i)'
Assertion failed on expression: 'pred(*previous, *i)'
Assertion failed on expression: 'pred(*previous, *i)'
Assertion failed on expression: 'pred(*previous, *i)'
Assertion failed on expression: 'pred(*previous, *i)'
Assertion failed on expression: 'pred(*previous, *i)'
Assertion failed on expression: 'pred(*previous, *i)'
Assertion failed on expression: 'pred(*previous, *i)'
Assertion failed on expression: 'pred(*previous, *i)'
Assertion failed on expression: 'pred(*previous, *i)'
Assertion failed on expression: 'pred(*previous, *i)'
Assertion failed on expression: 'pred(*previous, *i)'
Assertion failed on expression: 'pred(*previous, *i)'
Assertion failed on expression: 'pred(*previous, *i)'
Assertion failed on expression: 'pred(*previous, *i)'
Assertion failed on expression: 'pred(*previous, *i)'
Assertion failed on expression: 'pred(*previous, *i)'
Assertion failed on expression: 'pred(*previous, *i)'
Assertion failed on expression: 'pred(*previous, *i)'
Assertion failed on expression: 'pred(*previous, *i)'
Assertion failed on expression: 'pred(*previous, *i)'
Assertion failed on expression: 'pred(*previous, *i)'
Assertion failed on expression: 'pred(*previous, *i)'
Assertion failed on expression: 'pred(*previous, *i)'
Assertion failed on expression: 'pred(*previous, *i)'
Assertion failed on expression: 'pred(*previous, *i)'
Assertion failed on expression: 'pred(*previous, *i)'
Assertion failed on expression: 'pred(*previous, *i)'
Assertion failed on expression: 'pred(*previous, *i)'
Assertion failed on expression: 'pred(*previous, *i)'
Assertion failed on expression: 'pred(*previous, *i)'
Assertion failed on expression: 'pred(*previous, *i)'
Assertion failed on expression: 'pred(*previous, *i)'
Assertion failed on expression: 'pred(*previous, *i)'
Assertion failed on expression: 'pred(*previous, *i)'
Assertion failed on expression: 'pred(*previous, *i)'
Assertion failed on expression: 'pred(*previous, *i)'
Assertion failed on expression: 'pred(*previous, *i)'
Assertion failed on expression: 'pred(*previous, *i)'
Assertion failed on expression: 'pred(*previous, *i)'
Assertion failed on expression: 'pred(*previous, *i)'
Assertion failed on expression: 'pred(*previous, *i)'
Assertion failed on expression: 'pred(*previous, *i)'
Assertion failed on expression: 'pred(*previous, *i)'
Assertion failed on expression: 'pred(*previous, *i)'
Assertion failed on expression: 'pred(*previous, *i)'
Assertion failed on expression: 'pred(*previous, *i)'
Assertion failed on expression: 'pred(*previous, *i)'
Assertion failed on expression: 'pred(*previous, *i)'
Assertion failed on expression: 'pred(*previous, *i)'
Assertion failed on expression: 'pred(*previous, *i)'
Assertion failed on expression: 'pred(*previous, *i)'
Assertion failed on expression: 'pred(*previous, *i)'
Assertion failed on expression: 'pred(*previous, *i)'
Assertion failed on expression: 'pred(*previous, *i)'
Assertion failed on expression: 'pred(*previous, *i)'
Assertion failed on expression: 'pred(*previous, *i)'
Assertion failed on expression: 'pred(*previous, *i)'
Assertion failed on expression: 'pred(*previous, *i)'
Assertion failed on expression: 'pred(*previous, *i)'
Assertion failed on expression: 'pred(*previous, *i)'
Assertion failed on expression: 'pred(*previous, *i)'
Assertion failed on expression: 'pred(*previous, *i)'
Assertion failed on expression: 'pred(*previous, *i)'
Assertion failed on expression: 'pred(*previous, *i)'
Assertion failed on expression: 'pred(*previous, *i)'
Assertion failed on expression: 'pred(*previous, *i)'
Assertion failed on expression: 'pred(*previous, *i)'
Assertion failed on expression: 'pred(*previous, *i)'
Assertion failed on expression: 'pred(*previous, *i)'
Assertion failed on expression: 'pred(*previous, *i)'
Assertion failed on expression: 'pred(*previous, *i)'
Assertion failed on expression: 'pred(*previous, *i)'
Assertion failed on expression: 'pred(*previous, *i)'
Assertion failed on expression: 'pred(*previous, *i)'
Assertion failed on expression: 'pred(*previous, *i)'
Assertion failed on expression: 'pred(*previous, *i)'
Assertion failed on expression: 'pred(*previous, *i)'
Assertion failed on expression: 'pred(*previous, *i)'
Assertion failed on expression: 'pred(*previous, *i)'
Assertion failed on expression: 'pred(*previous, *i)'
Assertion failed on expression: 'pred(*previous, *i)'
Assertion failed on expression: 'pred(*previous, *i)'
Assertion failed on expression: 'pred(*previous, *i)'
Assertion failed on expression: 'pred(*previous, *i)'
Assertion failed on expression: 'pred(*previous, *i)'
Assertion failed on expression: 'pred(*previous, *i)'
Assertion failed on expression: 'pred(*previous, *i)'
Assertion failed on expression: 'pred(*previous, *i)'
Assertion failed on expression: 'pred(*previous, *i)'
Assertion failed on expression: 'pred(*previous, *i)'
Assertion failed on expression: 'pred(*previous, *i)'
Assertion failed on expression: 'pred(*previous, *i)'
Assertion failed on expression: 'pred(*previous, *i)'
Assertion failed on expression: 'pred(*previous, *i)'
Assertion failed on expression: 'pred(*previous, *i)'
Assertion failed on expression: 'pred(*previous, *i)'
Assertion failed on expression: 'pred(*previous, *i)'
Assertion failed on expression: 'pred(*previous, *i)'
Assertion failed on expression: 'pred(*previous, *i)'
Assertion failed on expression: 'pred(*previous, *i)'
Assertion failed on expression: 'pred(*previous, *i)'
Assertion failed on expression: 'pred(*previous, *i)'
Assertion failed on expression: 'pred(*previous, *i)'
Assertion failed on expression: 'pred(*previous, *i)'
Assertion failed on expression: 'pred(*previous, *i)'
Assertion failed on expression: 'pred(*previous, *i)'
Assertion failed on expression: 'pred(*previous, *i)'
Assertion failed on expression: 'pred(*previous, *i)'
Assertion failed on expression: 'pred(*previous, *i)'
Assertion failed on expression: 'pred(*previous, *i)'
Assertion failed on expression: 'pred(*previous, *i)'
Assertion failed on expression: 'pred(*previous, *i)'
Assertion failed on expression: 'pred(*previous, *i)'
Assertion failed on expression: 'pred(*previous, *i)'
Assertion failed on expression: 'pred(*previous, *i)'
Assertion failed on expression: 'pred(*previous, *i)'
Assertion failed on expression: 'pred(*previous, *i)'
Assertion failed on expression: 'pred(*previous, *i)'
Assertion failed on expression: 'pred(*previous, *i)'
Assertion failed on expression: 'pred(*previous, *i)'
Assertion failed on expression: 'pred(*previous, *i)'
Assertion failed on expression: 'pred(*previous, *i)'
Assertion failed on expression: 'pred(*previous, *i)'
Assertion failed on expression: 'pred(*previous, *i)'
Assertion failed on expression: 'pred(*previous, *i)'
Assertion failed on expression: 'pred(*previous, *i)'
Assertion failed on expression: 'pred(*previous, *i)'
Assertion failed on expression: 'pred(*previous, *i)'
Assertion failed on expression: 'pred(*previous, *i)'
Assertion failed on expression: 'pred(*previous, *i)'
Assertion failed on expression: 'pred(*previous, *i)'
Assertion failed on expression: 'pred(*previous, *i)'
Assertion failed on expression: 'pred(*previous, *i)'
Assertion failed on expression: 'pred(*previous, *i)'
Assertion failed on expression: 'pred(*previous, *i)'
Assertion failed on expression: 'pred(*previous, *i)'
Assertion failed on expression: 'pred(*previous, *i)'
Assertion failed on expression: 'pred(*previous, *i)'
Assertion failed on expression: 'pred(*previous, *i)'
Assertion failed on expression: 'pred(*previous, *i)'
Assertion failed on expression: 'pred(*previous, *i)'
Assertion failed on expression: 'pred(*previous, *i)'
Assertion failed on expression: 'pred(*previous, *i)'
Assertion failed on expression: 'pred(*previous, *i)'
Assertion failed on expression: 'pred(*previous, *i)'
Assertion failed on expression: 'pred(*previous, *i)'
Assertion failed on expression: 'pred(*previous, *i)'
Assertion failed on expression: 'pred(*previous, *i)'
Assertion failed on expression: 'pred(*previous, *i)'
Assertion failed on expression: 'pred(*previous, *i)'
Assertion failed on expression: 'pred(*previous, *i)'
Assertion failed on expression: 'pred(*previous, *i)'
Assertion failed on expression: 'pred(*previous, *i)'
Assertion failed on expression: 'pred(*previous, *i)'
Assertion failed on expression: 'pred(*previous, *i)'
Assertion failed on expression: 'pred(*previous, *i)'
Assertion failed on expression: 'pred(*previous, *i)'
Assertion failed on expression: 'pred(*previous, *i)'
Assertion failed on expression: 'pred(*previous, *i)'
Assertion failed on expression: 'pred(*previous, *i)'
Assertion failed on expression: 'pred(*previous, *i)'
Assertion failed on expression: 'pred(*previous, *i)'
Assertion failed on expression: 'pred(*previous, *i)'
Assertion failed on expression: 'pred(*previous, *i)'
Assertion failed on expression: 'pred(*previous, *i)'
Assertion failed on expression: 'pred(*previous, *i)'
Assertion failed on expression: 'pred(*previous, *i)'
Assertion failed on expression: 'pred(*previous, *i)'
Assertion failed on expression: 'pred(*previous, *i)'
Assertion failed on expression: 'pred(*previous, *i)'
Assertion failed on expression: 'pred(*previous, *i)'
Assertion failed on expression: 'pred(*previous, *i)'
Assertion failed on expression: 'pred(*previous, *i)'
Assertion failed on expression: 'pred(*previous, *i)'
Assertion failed on expression: 'pred(*previous, *i)'
Assertion failed on expression: 'pred(*previous, *i)'
Assertion failed on expression: 'pred(*previous, *i)'
Assertion failed on expression: 'pred(*previous, *i)'
Assertion failed on expression: 'pred(*previous, *i)'
Assertion failed on expression: 'pred(*previous, *i)'
Assertion failed on expression: 'pred(*previous, *i)'
Assertion failed on expression: 'pred(*previous, *i)'
Assertion failed on expression: 'pred(*previous, *i)'
Assertion failed on expression: 'pred(*previous, *i)'
Assertion failed on expression: 'pred(*previous, *i)'
Assertion failed on expression: 'pred(*previous, *i)'
Assertion failed on expression: 'pred(*previous, *i)'
Assertion failed on expression: 'pred(*previous, *i)'
Assertion failed on expression: 'pred(*previous, *i)'
Assertion failed on expression: 'pred(*previous, *i)'
Assertion failed on expression: 'pred(*previous, *i)'
Assertion failed on expression: 'pred(*previous, *i)'
Assertion failed on expression: 'pred(*previous, *i)'
Assertion failed on expression: 'pred(*previous, *i)'
Assertion failed on expression: 'pred(*previous, *i)'
Assertion failed on expression: 'pred(*previous, *i)'
Assertion failed on expression: 'pred(*previous, *i)'
Assertion failed on expression: 'pred(*previous, *i)'
Assertion failed on expression: 'pred(*previous, *i)'
Assertion failed on expression: 'pred(*previous, *i)'
Assertion failed on expression: 'pred(*previous, *i)'
Assertion failed on expression: 'pred(*previous, *i)'
Assertion failed on expression: 'pred(*previous, *i)'
Assertion failed on expression: 'pred(*previous, *i)'
Assertion failed on expression: 'pred(*previous, *i)'
Assertion failed on expression: 'pred(*previous, *i)'
Assertion failed on expression: 'pred(*previous, *i)'
Assertion failed on expression: 'pred(*previous, *i)'
Assertion failed on expression: 'pred(*previous, *i)'
Assertion failed on expression: 'pred(*previous, *i)'
Assertion failed on expression: 'pred(*previous, *i)'
Assertion failed on expression: 'pred(*previous, *i)'
Assertion failed on expression: 'pred(*previous, *i)'
Assertion failed on expression: 'pred(*previous, *i)'
Assertion failed on expression: 'pred(*previous, *i)'
Assertion failed on expression: 'pred(*previous, *i)'
Assertion failed on expression: 'pred(*previous, *i)'
Assertion failed on expression: 'pred(*previous, *i)'
Assertion failed on expression: 'pred(*previous, *i)'
Assertion failed on expression: 'pred(*previous, *i)'
Assertion failed on expression: 'pred(*previous, *i)'
Assertion failed on expression: 'pred(*previous, *i)'
Assertion failed on expression: 'pred(*previous, *i)'
Assertion failed on expression: 'pred(*previous, *i)'
Assertion failed on expression: 'pred(*previous, *i)'
Assertion failed on expression: 'pred(*previous, *i)'
Assertion failed on expression: 'pred(*previous, *i)'
Assertion failed on expression: 'pred(*previous, *i)'
Assertion failed on expression: 'pred(*previous, *i)'
Assertion failed on expression: 'pred(*previous, *i)'
Assertion failed on expression: 'pred(*previous, *i)'
Assertion failed on expression: 'pred(*previous, *i)'
Assertion failed on expression: 'pred(*previous, *i)'
Assertion failed on expression: 'pred(*previous, *i)'
Assertion failed on expression: 'pred(*previous, *i)'
Assertion failed on expression: 'pred(*previous, *i)'
Assertion failed on expression: 'pred(*previous, *i)'
Assertion failed on expression: 'pred(*previous, *i)'
Assertion failed on expression: 'pred(*previous, *i)'
Assertion failed on expression: 'pred(*previous, *i)'
Assertion failed on expression: 'pred(*previous, *i)'
Assertion failed on expression: 'pred(*previous, *i)'
Assertion failed on expression: 'pred(*previous, *i)'
Assertion failed on expression: 'pred(*previous, *i)'
Assertion failed on expression: 'pred(*previous, *i)'
Assertion failed on expression: 'pred(*previous, *i)'
Assertion failed on expression: 'pred(*previous, *i)'
Assertion failed on expression: 'pred(*previous, *i)'
Assertion failed on expression: 'pred(*previous, *i)'
Assertion failed on expression: 'pred(*previous, *i)'
Assertion failed on expression: 'pred(*previous, *i)'
Assertion failed on expression: 'pred(*previous, *i)'
Assertion failed on expression: 'pred(*previous, *i)'
Assertion failed on expression: 'pred(*previous, *i)'
Assertion failed on expression: 'pred(*previous, *i)'
Assertion failed on expression: 'pred(*previous, *i)'
Assertion failed on expression: 'pred(*previous, *i)'
Assertion failed on expression: 'pred(*previous, *i)'
Assertion failed on expression: 'pred(*previous, *i)'
Assertion failed on expression: 'pred(*previous, *i)'
Assertion failed on expression: 'pred(*previous, *i)'
Assertion failed on expression: 'pred(*previous, *i)'
Assertion failed on expression: 'pred(*previous, *i)'
Assertion failed on expression: 'pred(*previous, *i)'
Assertion failed on expression: 'pred(*previous, *i)'
Assertion failed on expression: 'pred(*previous, *i)'
Assertion failed on expression: 'pred(*previous, *i)'
Assertion failed on expression: 'pred(*previous, *i)'
Assertion failed on expression: 'pred(*previous, *i)'
Assertion failed on expression: 'pred(*previous, *i)'
Assertion failed on expression: 'pred(*previous, *i)'
Assertion failed on expression: 'pred(*previous, *i)'
Assertion failed on expression: 'pred(*previous, *i)'
Assertion failed on expression: 'pred(*previous, *i)'
Assertion failed on expression: 'pred(*previous, *i)'
Assertion failed on expression: 'pred(*previous, *i)'
Assertion failed on expression: 'pred(*previous, *i)'
Assertion failed on expression: 'pred(*previous, *i)'
Assertion failed on expression: 'pred(*previous, *i)'
Assertion failed on expression: 'pred(*previous, *i)'
Assertion failed on expression: 'pred(*previous, *i)'
Assertion failed on expression: 'pred(*previous, *i)'
Assertion failed on expression: 'pred(*previous, *i)'
Assertion failed on expression: 'pred(*previous, *i)'
Assertion failed on expression: 'pred(*previous, *i)'
Assertion failed on expression: 'pred(*previous, *i)'
Assertion failed on expression: 'pred(*previous, *i)'
Assertion failed on expression: 'pred(*previous, *i)'
Assertion failed on expression: 'pred(*previous, *i)'
Assertion failed on expression: 'pred(*previous, *i)'
Assertion failed on expression: 'pred(*previous, *i)'
Assertion failed on expression: 'pred(*previous, *i)'
Assertion failed on expression: 'pred(*previous, *i)'
Assertion failed on expression: 'pred(*previous, *i)'
Assertion failed on expression: 'pred(*previous, *i)'
Assertion failed on expression: 'pred(*previous, *i)'
Assertion failed on expression: 'pred(*previous, *i)'
Assertion failed on expression: 'pred(*previous, *i)'
Assertion failed on expression: 'pred(*previous, *i)'
Assertion failed on expression: 'pred(*previous, *i)'
Assertion failed on expression: 'pred(*previous, *i)'
Assertion failed on expression: 'pred(*previous, *i)'
Assertion failed on expression: 'pred(*previous, *i)'
Assertion failed on expression: 'pred(*previous, *i)'
Assertion failed on expression: 'pred(*previous, *i)'
Assertion failed on expression: 'pred(*previous, *i)'
Assertion failed on expression: 'pred(*previous, *i)'
Assertion failed on expression: 'pred(*previous, *i)'
Assertion failed on expression: 'pred(*previous, *i)'
Assertion failed on expression: 'pred(*previous, *i)'
Assertion failed on expression: 'pred(*previous, *i)'
Assertion failed on expression: 'pred(*previous, *i)'
Assertion failed on expression: 'pred(*previous, *i)'
Assertion failed on expression: 'pred(*previous, *i)'
Assertion failed on expression: 'pred(*previous, *i)'
Assertion failed on expression: 'pred(*previous, *i)'
Assertion failed on expression: 'pred(*previous, *i)'
Assertion failed on expression: 'pred(*previous, *i)'
Assertion failed on expression: 'pred(*previous, *i)'
Assertion failed on expression: 'pred(*previous, *i)'
Assertion failed on expression: 'pred(*previous, *i)'
Assertion failed on expression: 'pred(*previous, *i)'
Assertion failed on expression: 'pred(*previous, *i)'
Assertion failed on expression: 'pred(*previous, *i)'
Assertion failed on expression: 'pred(*previous, *i)'
Assertion failed on expression: 'pred(*previous, *i)'
Assertion failed on expression: 'pred(*previous, *i)'
Assertion failed on expression: 'pred(*previous, *i)'
Assertion failed on expression: 'pred(*previous, *i)'
Assertion failed on expression: 'pred(*previous, *i)'
Assertion failed on expression: 'pred(*previous, *i)'
Assertion failed on expression: 'pred(*previous, *i)'
Assertion failed on expression: 'pred(*previous, *i)'
Assertion failed on expression: 'pred(*previous, *i)'
Assertion failed on expression: 'pred(*previous, *i)'
Assertion failed on expression: 'pred(*previous, *i)'
Assertion failed on expression: 'pred(*previous, *i)'
Assertion failed on expression: 'pred(*previous, *i)'
Assertion failed on expression: 'pred(*previous, *i)'
Assertion failed on expression: 'pred(*previous, *i)'
Assertion failed on expression: 'pred(*previous, *i)'
Assertion failed on expression: 'pred(*previous, *i)'
Assertion failed on expression: 'pred(*previous, *i)'
Assertion failed on expression: 'pred(*previous, *i)'
Assertion failed on expression: 'pred(*previous, *i)'
Assertion failed on expression: 'pred(*previous, *i)'
Assertion failed on expression: 'pred(*previous, *i)'
Assertion failed on expression: 'pred(*previous, *i)'
Assertion failed on expression: 'pred(*previous, *i)'
Assertion failed on expression: 'pred(*previous, *i)'
Assertion failed on expression: 'pred(*previous, *i)'
Assertion failed on expression: 'pred(*previous, *i)'
Assertion failed on expression: 'pred(*previous, *i)'
Assertion failed on expression: 'pred(*previous, *i)'
Assertion failed on expression: 'pred(*previous, *i)'
Assertion failed on expression: 'pred(*previous, *i)'
Assertion failed on expression: 'pred(*previous, *i)'
Assertion failed on expression: 'pred(*previous, *i)'
Assertion failed on expression: 'pred(*previous, *i)'
Assertion failed on expression: 'pred(*previous, *i)'
Assertion failed on expression: 'pred(*previous, *i)'
Assertion failed on expression: 'pred(*previous, *i)'
Assertion failed on expression: 'pred(*previous, *i)'
Assertion failed on expression: 'pred(*previous, *i)'
Assertion failed on expression: 'pred(*previous, *i)'
Assertion failed on expression: 'pred(*previous, *i)'
Assertion failed on expression: 'pred(*previous, *i)'
Assertion failed on expression: 'pred(*previous, *i)'
Assertion failed on expression: 'pred(*previous, *i)'
Assertion failed on expression: 'pred(*previous, *i)'
Assertion failed on expression: 'pred(*previous, *i)'
Assertion failed on expression: 'pred(*previous, *i)'
Assertion failed on expression: 'pred(*previous, *i)'
Assertion failed on expression: 'pred(*previous, *i)'
Assertion failed on expression: 'pred(*previous, *i)'
Assertion failed on expression: 'pred(*previous, *i)'
Assertion failed on expression: 'pred(*previous, *i)'
Assertion failed on expression: 'pred(*previous, *i)'
Assertion failed on expression: 'pred(*previous, *i)'
Assertion failed on expression: 'pred(*previous, *i)'
Assertion failed on expression: 'pred(*previous, *i)'
Assertion failed on expression: 'pred(*previous, *i)'
Assertion failed on expression: 'pred(*previous, *i)'
Assertion failed on expression: 'pred(*previous, *i)'
Assertion failed on expression: 'pred(*previous, *i)'
Assertion failed on expression: 'pred(*previous, *i)'
Assertion failed on expression: 'pred(*previous, *i)'
Assertion failed on expression: 'pred(*previous, *i)'
Assertion failed on expression: 'pred(*previous, *i)'
Assertion failed on expression: 'pred(*previous, *i)'
Assertion failed on expression: 'pred(*previous, *i)'
Assertion failed on expression: 'pred(*previous, *i)'
Assertion failed on expression: 'pred(*previous, *i)'
Assertion failed on expression: 'pred(*previous, *i)'
Assertion failed on expression: 'pred(*previous, *i)'
Assertion failed on expression: 'pred(*previous, *i)'
Assertion failed on expression: 'pred(*previous, *i)'
Assertion failed on expression: 'pred(*previous, *i)'
Assertion failed on expression: 'pred(*previous, *i)'
Assertion failed on expression: 'pred(*previous, *i)'
Assertion failed on expression: 'pred(*previous, *i)'
Assertion failed on expression: 'pred(*previous, *i)'
Assertion failed on expression: 'pred(*previous, *i)'
Assertion failed on expression: 'pred(*previous, *i)'
Assertion failed on expression: 'pred(*previous, *i)'
Assertion failed on expression: 'pred(*previous, *i)'
Assertion failed on expression: 'pred(*previous, *i)'
Assertion failed on expression: 'pred(*previous, *i)'
Assertion failed on expression: 'pred(*previous, *i)'
Assertion failed on expression: 'pred(*previous, *i)'
Assertion failed on expression: 'pred(*previous, *i)'
Assertion failed on expression: 'pred(*previous, *i)'
Assertion failed on expression: 'pred(*previous, *i)'
Assertion failed on expression: 'pred(*previous, *i)'
Assertion failed on expression: 'pred(*previous, *i)'
Assertion failed on expression: 'pred(*previous, *i)'
Assertion failed on expression: 'pred(*previous, *i)'
Assertion failed on expression: 'pred(*previous, *i)'
Assertion failed on expression: 'pred(*previous, *i)'
Assertion failed on expression: 'pred(*previous, *i)'
Assertion failed on expression: 'pred(*previous, *i)'
Assertion failed on expression: 'pred(*previous, *i)'
Assertion failed on expression: 'pred(*previous, *i)'
Assertion failed on expression: 'pred(*previous, *i)'
Assertion failed on expression: 'pred(*previous, *i)'
Assertion failed on expression: 'pred(*previous, *i)'
Assertion failed on expression: 'pred(*previous, *i)'
Assertion failed on expression: 'pred(*previous, *i)'
Assertion failed on expression: 'pred(*previous, *i)'
Assertion failed on expression: 'pred(*previous, *i)'
Assertion failed on expression: 'pred(*previous, *i)'
Assertion failed on expression: 'pred(*previous, *i)'
Assertion failed on expression: 'pred(*previous, *i)'
Assertion failed on expression: 'pred(*previous, *i)'
Assertion failed on expression: 'pred(*previous, *i)'
Assertion failed on expression: 'pred(*previous, *i)'
Assertion failed on expression: 'pred(*previous, *i)'
Assertion failed on expression: 'pred(*previous, *i)'
Assertion failed on expression: 'pred(*previous, *i)'
Assertion failed on expression: 'pred(*previous, *i)'
Assertion failed on expression: 'pred(*previous, *i)'
Assertion failed on expression: 'pred(*previous, *i)'
Assertion failed on expression: 'pred(*previous, *i)'
Assertion failed on expression: 'pred(*previous, *i)'
Assertion failed on expression: 'pred(*previous, *i)'
Assertion failed on expression: 'pred(*previous, *i)'
Assertion failed on expression: 'pred(*previous, *i)'
Assertion failed on expression: 'pred(*previous, *i)'
Assertion failed on expression: 'pred(*previous, *i)'
Assertion failed on expression: 'pred(*previous, *i)'
Assertion failed on expression: 'pred(*previous, *i)'
Assertion failed on expression: 'pred(*previous, *i)'
Assertion failed on expression: 'pred(*previous, *i)'
Assertion failed on expression: 'pred(*previous, *i)'
Assertion failed on expression: 'pred(*previous, *i)'
Assertion failed on expression: 'pred(*previous, *i)'
Assertion failed on expression: 'pred(*previous, *i)'
Assertion failed on expression: 'pred(*previous, *i)'
Assertion failed on expression: 'pred(*previous, *i)'
Assertion failed on expression: 'pred(*previous, *i)'
Assertion failed on expression: 'pred(*previous, *i)'
Assertion failed on expression: 'pred(*previous, *i)'
Assertion failed on expression: 'pred(*previous, *i)'
Assertion failed on expression: 'pred(*previous, *i)'
Assertion failed on expression: 'pred(*previous, *i)'
Assertion failed on expression: 'pred(*previous, *i)'
Assertion failed on expression: 'pred(*previous, *i)'
Assertion failed on expression: 'pred(*previous, *i)'
Assertion failed on expression: 'pred(*previous, *i)'
Assertion failed on expression: 'pred(*previous, *i)'
Assertion failed on expression: 'pred(*previous, *i)'
Assertion failed on expression: 'pred(*previous, *i)'
Assertion failed on expression: 'pred(*previous, *i)'
Assertion failed on expression: 'pred(*previous, *i)'
Assertion failed on expression: 'pred(*previous, *i)'
Assertion failed on expression: 'pred(*previous, *i)'
Assertion failed on expression: 'pred(*previous, *i)'
Assertion failed on expression: 'pred(*previous, *i)'
Assertion failed on expression: 'pred(*previous, *i)'
Assertion failed on expression: 'pred(*previous, *i)'
Assertion failed on expression: 'pred(*previous, *i)'
Assertion failed on expression: 'pred(*previous, *i)'
Assertion failed on expression: 'pred(*previous, *i)'
Assertion failed on expression: 'pred(*previous, *i)'
Assertion failed on expression: 'pred(*previous, *i)'
Assertion failed on expression: 'pred(*previous, *i)'
Assertion failed on expression: 'pred(*previous, *i)'
Assertion failed on expression: 'pred(*previous, *i)'
Assertion failed on expression: 'pred(*previous, *i)'
Assertion failed on expression: 'pred(*previous, *i)'
Assertion failed on expression: 'pred(*previous, *i)'
Assertion failed on expression: 'pred(*previous, *i)'
Assertion failed on expression: 'pred(*previous, *i)'
Assertion failed on expression: 'pred(*previous, *i)'
Assertion failed on expression: 'pred(*previous, *i)'
Assertion failed on expression: 'pred(*previous, *i)'
Assertion failed on expression: 'pred(*previous, *i)'
Assertion failed on expression: 'pred(*previous, *i)'
Assertion failed on expression: 'pred(*previous, *i)'
Assertion failed on expression: 'pred(*previous, *i)'
Assertion failed on expression: 'pred(*previous, *i)'
Assertion failed on expression: 'pred(*previous, *i)'
Assertion failed on expression: 'pred(*previous, *i)'
Assertion failed on expression: 'pred(*previous, *i)'
Assertion failed on expression: 'pred(*previous, *i)'
Assertion failed on expression: 'pred(*previous, *i)'
Assertion failed on expression: 'pred(*previous, *i)'
Assertion failed on expression: 'pred(*previous, *i)'
Assertion failed on expression: 'pred(*previous, *i)'
Assertion failed on expression: 'pred(*previous, *i)'
Assertion failed on expression: 'pred(*previous, *i)'
Assertion failed on expression: 'pred(*previous, *i)'
Assertion failed on expression: 'pred(*previous, *i)'
Assertion failed on expression: 'pred(*previous, *i)'
Assertion failed on expression: 'pred(*previous, *i)'
Assertion failed on expression: 'pred(*previous, *i)'
Assertion failed on expression: 'pred(*previous, *i)'
Assertion failed on expression: 'pred(*previous, *i)'
Assertion failed on expression: 'pred(*previous, *i)'
Assertion failed on expression: 'pred(*previous, *i)'
Assertion failed on expression: 'pred(*previous, *i)'
Assertion failed on expression: 'pred(*previous, *i)'
Assertion failed on expression: 'pred(*previous, *i)'
Assertion failed on expression: 'pred(*previous, *i)'
Assertion failed on expression: 'pred(*previous, *i)'
Assertion failed on expression: 'pred(*previous, *i)'
Assertion failed on expression: 'pred(*previous, *i)'
Assertion failed on expression: 'pred(*previous, *i)'
Assertion failed on expression: 'pred(*previous, *i)'
Assertion failed on expression: 'pred(*previous, *i)'
Assertion failed on expression: 'pred(*previous, *i)'
Assertion failed on expression: 'pred(*previous, *i)'
Assertion failed on expression: 'pred(*previous, *i)'
Assertion failed on expression: 'pred(*previous, *i)'
Assertion failed on expression: 'pred(*previous, *i)'
Assertion failed on expression: 'pred(*previous, *i)'
Assertion failed on expression: 'pred(*previous, *i)'
Assertion failed on expression: 'pred(*previous, *i)'
Assertion failed on expression: 'pred(*previous, *i)'
Assertion failed on expression: 'pred(*previous, *i)'
Assertion failed on expression: 'pred(*previous, *i)'
Assertion failed on expression: 'pred(*previous, *i)'
Assertion failed on expression: 'pred(*previous, *i)'
Assertion failed on expression: 'pred(*previous, *i)'
Assertion failed on expression: 'pred(*previous, *i)'
Assertion failed on expression: 'pred(*previous, *i)'
Assertion failed on expression: 'pred(*previous, *i)'
Assertion failed on expression: 'pred(*previous, *i)'
Assertion failed on expression: 'pred(*previous, *i)'
Assertion failed on expression: 'pred(*previous, *i)'
Assertion failed on expression: 'pred(*previous, *i)'
Assertion failed on expression: 'pred(*previous, *i)'
Assertion failed on expression: 'pred(*previous, *i)'
Assertion failed on expression: 'pred(*previous, *i)'
Assertion failed on expression: 'pred(*previous, *i)'
Assertion failed on expression: 'pred(*previous, *i)'
Assertion failed on expression: 'pred(*previous, *i)'
Assertion failed on expression: 'pred(*previous, *i)'
Assertion failed on expression: 'pred(*previous, *i)'
Assertion failed on expression: 'pred(*previous, *i)'
Assertion failed on expression: 'pred(*previous, *i)'
Assertion failed on expression: 'pred(*previous, *i)'
Assertion failed on expression: 'pred(*previous, *i)'
Assertion failed on expression: 'pred(*previous, *i)'
Assertion failed on expression: 'pred(*previous, *i)'
Assertion failed on expression: 'pred(*previous, *i)'
Assertion failed on expression: 'pred(*previous, *i)'
Assertion failed on expression: 'pred(*previous, *i)'
Assertion failed on expression: 'pred(*previous, *i)'
Assertion failed on expression: 'pred(*previous, *i)'
Assertion failed on expression: 'pred(*previous, *i)'
Assertion failed on expression: 'pred(*previous, *i)'
Assertion failed on expression: 'pred(*previous, *i)'
Assertion failed on expression: 'pred(*previous, *i)'
Assertion failed on expression: 'pred(*previous, *i)'
Assertion failed on expression: 'pred(*previous, *i)'
Assertion failed on expression: 'pred(*previous, *i)'
Assertion failed on expression: 'pred(*previous, *i)'
Assertion failed on expression: 'pred(*previous, *i)'
Assertion failed on expression: 'pred(*previous, *i)'
Assertion failed on expression: 'pred(*previous, *i)'
Assertion failed on expression: 'pred(*previous, *i)'
Assertion failed on expression: 'pred(*previous, *i)'
Assertion failed on expression: 'pred(*previous, *i)'
Assertion failed on expression: 'pred(*previous, *i)'
Assertion failed on expression: 'pred(*previous, *i)'
Assertion failed on expression: 'pred(*previous, *i)'
Assertion failed on expression: 'pred(*previous, *i)'
Assertion failed on expression: 'pred(*previous, *i)'
Assertion failed on expression: 'pred(*previous, *i)'
Assertion failed on expression: 'pred(*previous, *i)'
Assertion failed on expression: 'pred(*previous, *i)'
Assertion failed on expression: 'pred(*previous, *i)'
Assertion failed on expression: 'pred(*previous, *i)'
Assertion failed on expression: 'pred(*previous, *i)'
Assertion failed on expression: 'pred(*previous, *i)'
Assertion failed on expression: 'pred(*previous, *i)'
Assertion failed on expression: 'pred(*previous, *i)'
Assertion failed on expression: 'pred(*previous, *i)'
Assertion failed on expression: 'pred(*previous, *i)'
Assertion failed on expression: 'pred(*previous, *i)'
Assertion failed on expression: 'pred(*previous, *i)'
Assertion failed on expression: 'pred(*previous, *i)'
Assertion failed on expression: 'pred(*previous, *i)'
Assertion failed on expression: 'pred(*previous, *i)'
Assertion failed on expression: 'pred(*previous, *i)'
Assertion failed on expression: 'pred(*previous, *i)'
Assertion failed on expression: 'pred(*previous, *i)'
Assertion failed on expression: 'pred(*previous, *i)'
Assertion failed on expression: 'pred(*previous, *i)'
Assertion failed on expression: 'pred(*previous, *i)'
Assertion failed on expression: 'pred(*previous, *i)'
Assertion failed on expression: 'pred(*previous, *i)'
Assertion failed on expression: 'pred(*previous, *i)'
Assertion failed on expression: 'pred(*previous, *i)'
Assertion failed on expression: 'pred(*previous, *i)'
Assertion failed on expression: 'pred(*previous, *i)'
Assertion failed on expression: 'pred(*previous, *i)'
Assertion failed on expression: 'pred(*previous, *i)'
Assertion failed on expression: 'pred(*previous, *i)'
Assertion failed on expression: 'pred(*previous, *i)'
Assertion failed on expression: 'pred(*previous, *i)'
Assertion failed on expression: 'pred(*previous, *i)'
Assertion failed on expression: 'pred(*previous, *i)'
Assertion failed on expression: 'pred(*previous, *i)'
Assertion failed on expression: 'pred(*previous, *i)'
Assertion failed on expression: 'pred(*previous, *i)'
Assertion failed on expression: 'pred(*previous, *i)'
Assertion failed on expression: 'pred(*previous, *i)'
Assertion failed on expression: 'pred(*previous, *i)'
Assertion failed on expression: 'pred(*previous, *i)'
Assertion failed on expression: 'pred(*previous, *i)'
Assertion failed on expression: 'pred(*previous, *i)'
Assertion failed on expression: 'pred(*previous, *i)'
Assertion failed on expression: 'pred(*previous, *i)'
Assertion failed on expression: 'pred(*previous, *i)'
Assertion failed on expression: 'pred(*previous, *i)'
Assertion failed on expression: 'pred(*previous, *i)'
Assertion failed on expression: 'pred(*previous, *i)'
Assertion failed on expression: 'pred(*previous, *i)'
Assertion failed on expression: 'pred(*previous, *i)'
Assertion failed on expression: 'pred(*previous, *i)'
Assertion failed on expression: 'pred(*previous, *i)'
Assertion failed on expression: 'pred(*previous, *i)'
Assertion failed on expression: 'pred(*previous, *i)'
Assertion failed on expression: 'pred(*previous, *i)'
Assertion failed on expression: 'pred(*previous, *i)'
Assertion failed on expression: 'pred(*previous, *i)'
Assertion failed on expression: 'pred(*previous, *i)'
Assertion failed on expression: 'pred(*previous, *i)'
Assertion failed on expression: 'pred(*previous, *i)'
Assertion failed on expression: 'pred(*previous, *i)'
Assertion failed on expression: 'pred(*previous, *i)'
Assertion failed on expression: 'pred(*previous, *i)'
Assertion failed on expression: 'pred(*previous, *i)'
Assertion failed on expression: 'pred(*previous, *i)'
Assertion failed on expression: 'pred(*previous, *i)'
Assertion failed on expression: 'pred(*previous, *i)'
Assertion failed on expression: 'pred(*previous, *i)'
Assertion failed on expression: 'pred(*previous, *i)'
Assertion failed on expression: 'pred(*previous, *i)'
Assertion failed on expression: 'pred(*previous, *i)'
Assertion failed on expression: 'pred(*previous, *i)'
Assertion failed on expression: 'pred(*previous, *i)'
Assertion failed on expression: 'pred(*previous, *i)'
Assertion failed on expression: 'pred(*previous, *i)'
Assertion failed on expression: 'pred(*previous, *i)'
Assertion failed on expression: 'pred(*previous, *i)'
Assertion failed on expression: 'pred(*previous, *i)'
Assertion failed on expression: 'pred(*previous, *i)'
Assertion failed on expression: 'pred(*previous, *i)'
Assertion failed on expression: 'pred(*previous, *i)'
Assertion failed on expression: 'pred(*previous, *i)'
Assertion failed on expression: 'pred(*previous, *i)'
Assertion failed on expression: 'pred(*previous, *i)'
Assertion failed on expression: 'pred(*previous, *i)'
Assertion failed on expression: 'pred(*previous, *i)'
Assertion failed on expression: 'pred(*previous, *i)'
Assertion failed on expression: 'pred(*previous, *i)'
Assertion failed on expression: 'pred(*previous, *i)'
Assertion failed on expression: 'pred(*previous, *i)'
Assertion failed on expression: 'pred(*previous, *i)'
Assertion failed on expression: 'pred(*previous, *i)'
Assertion failed on expression: 'pred(*previous, *i)'
Assertion failed on expression: 'pred(*previous, *i)'
Assertion failed on expression: 'pred(*previous, *i)'
Assertion failed on expression: 'pred(*previous, *i)'
Assertion failed on expression: 'pred(*previous, *i)'
Assertion failed on expression: 'pred(*previous, *i)'
Assertion failed on expression: 'pred(*previous, *i)'
Assertion failed on expression: 'pred(*previous, *i)'
Assertion failed on expression: 'pred(*previous, *i)'
Assertion failed on expression: 'pred(*previous, *i)'
Assertion failed on expression: 'pred(*previous, *i)'
Assertion failed on expression: 'pred(*previous, *i)'
Assertion failed on expression: 'pred(*previous, *i)'
Assertion failed on expression: 'pred(*previous, *i)'
Assertion failed on expression: 'pred(*previous, *i)'
Assertion failed on expression: 'pred(*previous, *i)'
Assertion failed on expression: 'pred(*previous, *i)'
Assertion failed on expression: 'pred(*previous, *i)'
Assertion failed on expression: 'pred(*previous, *i)'
Assertion failed on expression: 'pred(*previous, *i)'
Assertion failed on expression: 'pred(*previous, *i)'
Assertion failed on expression: 'pred(*previous, *i)'
Assertion failed on expression: 'pred(*previous, *i)'
Assertion failed on expression: 'pred(*previous, *i)'
Assertion failed on expression: 'pred(*previous, *i)'
Assertion failed on expression: 'pred(*previous, *i)'
Assertion failed on expression: 'pred(*previous, *i)'
Assertion failed on expression: 'pred(*previous, *i)'
Assertion failed on expression: 'pred(*previous, *i)'
Assertion failed on expression: 'pred(*previous, *i)'
Assertion failed on expression: 'pred(*previous, *i)'
Assertion failed on expression: 'pred(*previous, *i)'
Assertion failed on expression: 'pred(*previous, *i)'
Assertion failed on expression: 'pred(*previous, *i)'
Assertion failed on expression: 'pred(*previous, *i)'
Assertion failed on expression: 'pred(*previous, *i)'
Assertion failed on expression: 'pred(*previous, *i)'
Assertion failed on expression: 'pred(*previous, *i)'
Assertion failed on expression: 'pred(*previous, *i)'
Assertion failed on expression: 'pred(*previous, *i)'
Assertion failed on expression: 'pred(*previous, *i)'
Assertion failed on expression: 'pred(*previous, *i)'
Assertion failed on expression: 'pred(*previous, *i)'
Assertion failed on expression: 'pred(*previous, *i)'
Assertion failed on expression: 'pred(*previous, *i)'
Assertion failed on expression: 'pred(*previous, *i)'
Assertion failed on expression: 'pred(*previous, *i)'
Assertion failed on expression: 'pred(*previous, *i)'
Assertion failed on expression: 'pred(*previous, *i)'
Assertion failed on expression: 'pred(*previous, *i)'
Assertion failed on expression: 'pred(*previous, *i)'
Assertion failed on expression: 'pred(*previous, *i)'
Assertion failed on expression: 'pred(*previous, *i)'
Assertion failed on expression: 'pred(*previous, *i)'
Assertion failed on expression: 'pred(*previous, *i)'
Assertion failed on expression: 'pred(*previous, *i)'
Assertion failed on expression: 'pred(*previous, *i)'
Assertion failed on expression: 'pred(*previous, *i)'
Assertion failed on expression: 'pred(*previous, *i)'
Assertion failed on expression: 'pred(*previous, *i)'
Assertion failed on expression: 'pred(*previous, *i)'
Assertion failed on expression: 'pred(*previous, *i)'
Assertion failed on expression: 'pred(*previous, *i)'
Assertion failed on expression: 'pred(*previous, *i)'
Assertion failed on expression: 'pred(*previous, *i)'
Assertion failed on expression: 'pred(*previous, *i)'
Assertion failed on expression: 'pred(*previous, *i)'
Assertion failed on expression: 'pred(*previous, *i)'
Assertion failed on expression: 'pred(*previous, *i)'
Assertion failed on expression: 'pred(*previous, *i)'
Assertion failed on expression: 'pred(*previous, *i)'
Assertion failed on expression: 'pred(*previous, *i)'
Assertion failed on expression: 'pred(*previous, *i)'
Assertion failed on expression: 'pred(*previous, *i)'
Assertion failed on expression: 'pred(*previous, *i)'
Assertion failed on expression: 'pred(*previous, *i)'
Assertion failed on expression: 'pred(*previous, *i)'
Assertion failed on expression: 'pred(*previous, *i)'
Assertion failed on expression: 'pred(*previous, *i)'
Assertion failed on expression: 'pred(*previous, *i)'
Assertion failed on expression: 'pred(*previous, *i)'
Assertion failed on expression: 'pred(*previous, *i)'
Assertion failed on expression: 'pred(*previous, *i)'
Assertion failed on expression: 'pred(*previous, *i)'
Assertion failed on expression: 'pred(*previous, *i)'
Assertion failed on expression: 'pred(*previous, *i)'
Assertion failed on expression: 'pred(*previous, *i)'
Assertion failed on expression: 'pred(*previous, *i)'
Assertion failed on expression: 'pred(*previous, *i)'
Assertion failed on expression: 'pred(*previous, *i)'
Assertion failed on expression: 'pred(*previous, *i)'
Assertion failed on expression: 'pred(*previous, *i)'
Assertion failed on expression: 'pred(*previous, *i)'
Assertion failed on expression: 'pred(*previous, *i)'
Assertion failed on expression: 'pred(*previous, *i)'
Assertion failed on expression: 'pred(*previous, *i)'
Assertion failed on expression: 'pred(*previous, *i)'
Assertion failed on expression: 'pred(*previous, *i)'
Assertion failed on expression: 'pred(*previous, *i)'
Assertion failed on expression: 'pred(*previous, *i)'
Assertion failed on expression: 'pred(*previous, *i)'
Assertion failed on expression: 'pred(*previous, *i)'
Assertion failed on expression: 'pred(*previous, *i)'
Assertion failed on expression: 'pred(*previous, *i)'
Assertion failed on expression: 'pred(*previous, *i)'
Assertion failed on expression: 'pred(*previous, *i)'
Assertion failed on expression: 'pred(*previous, *i)'
Assertion failed on expression: 'pred(*previous, *i)'
Assertion failed on expression: 'pred(*previous, *i)'
Assertion failed on expression: 'pred(*previous, *i)'
Assertion failed on expression: 'pred(*previous, *i)'
Assertion failed on expression: 'pred(*previous, *i)'
Assertion failed on expression: 'pred(*previous, *i)'
Assertion failed on expression: 'pred(*previous, *i)'
Assertion failed on expression: 'pred(*previous, *i)'
Assertion failed on expression: 'pred(*previous, *i)'
Assertion failed on expression: 'pred(*previous, *i)'
Assertion failed on expression: 'pred(*previous, *i)'
Assertion failed on expression: 'pred(*previous, *i)'
Assertion failed on expression: 'pred(*previous, *i)'
Assertion failed on expression: 'pred(*previous, *i)'
Assertion failed on expression: 'pred(*previous, *i)'
Assertion failed on expression: 'pred(*previous, *i)'
Assertion failed on expression: 'pred(*previous, *i)'
Assertion failed on expression: 'pred(*previous, *i)'
Assertion failed on expression: 'pred(*previous, *i)'
Assertion failed on expression: 'pred(*previous, *i)'
Assertion failed on expression: 'pred(*previous, *i)'
Assertion failed on expression: 'pred(*previous, *i)'
Assertion failed on expression: 'pred(*previous, *i)'
Assertion failed on expression: 'pred(*previous, *i)'
Assertion failed on expression: 'pred(*previous, *i)'
Assertion failed on expression: 'pred(*previous, *i)'
Assertion failed on expression: 'pred(*previous, *i)'
Assertion failed on expression: 'pred(*previous, *i)'
Assertion failed on expression: 'pred(*previous, *i)'
Assertion failed on expression: 'pred(*previous, *i)'
Assertion failed on expression: 'pred(*previous, *i)'
Assertion failed on expression: 'pred(*previous, *i)'
Assertion failed on expression: 'pred(*previous, *i)'
Assertion failed on expression: 'pred(*previous, *i)'
Assertion failed on expression: 'pred(*previous, *i)'
Assertion failed on expression: 'pred(*previous, *i)'
Assertion failed on expression: 'pred(*previous, *i)'
Assertion failed on expression: 'pred(*previous, *i)'
Assertion failed on expression: 'pred(*previous, *i)'
Assertion failed on expression: 'pred(*previous, *i)'
Assertion failed on expression: 'pred(*previous, *i)'
Assertion failed on expression: 'pred(*previous, *i)'
Assertion failed on expression: 'pred(*previous, *i)'
Assertion failed on expression: 'pred(*previous, *i)'
Assertion failed on expression: 'pred(*previous, *i)'
Assertion failed on expression: 'pred(*previous, *i)'
Assertion failed on expression: 'pred(*previous, *i)'
Assertion failed on expression: 'pred(*previous, *i)'
Assertion failed on expression: 'pred(*previous, *i)'
Assertion failed on expression: 'pred(*previous, *i)'
Assertion failed on expression: 'pred(*previous, *i)'
Assertion failed on expression: 'pred(*previous, *i)'
Assertion failed on expression: 'pred(*previous, *i)'
Assertion failed on expression: 'pred(*previous, *i)'
Assertion failed on expression: 'pred(*previous, *i)'
Assertion failed on expression: 'pred(*previous, *i)'
Assertion failed on expression: 'pred(*previous, *i)'
Assertion failed on expression: 'pred(*previous, *i)'
Assertion failed on expression: 'pred(*previous, *i)'
Assertion failed on expression: 'pred(*previous, *i)'
Assertion failed on expression: 'pred(*previous, *i)'
Assertion failed on expression: 'pred(*previous, *i)'
Assertion failed on expression: 'pred(*previous, *i)'
Assertion failed on expression: 'pred(*previous, *i)'
Assertion failed on expression: 'pred(*previous, *i)'
Assertion failed on expression: 'pred(*previous, *i)'
Assertion failed on expression: 'pred(*previous, *i)'
Assertion failed on expression: 'pred(*previous, *i)'
Assertion failed on expression: 'pred(*previous, *i)'
Assertion failed on expression: 'pred(*previous, *i)'
Assertion failed on expression: 'pred(*previous, *i)'
Assertion failed on expression: 'pred(*previous, *i)'
Assertion failed on expression: 'pred(*previous, *i)'
Assertion failed on expression: 'pred(*previous, *i)'
Assertion failed on expression: 'pred(*previous, *i)'
Assertion failed on expression: 'pred(*previous, *i)'
Assertion failed on expression: 'pred(*previous, *i)'
Assertion failed on expression: 'pred(*previous, *i)'
Assertion failed on expression: 'pred(*previous, *i)'
Assertion failed on expression: 'pred(*previous, *i)'
Assertion failed on expression: 'pred(*previous, *i)'
Assertion failed on expression: 'pred(*previous, *i)'
Assertion failed on expression: 'pred(*previous, *i)'
Assertion failed on expression: 'pred(*previous, *i)'
Assertion failed on expression: 'pred(*previous, *i)'
Assertion failed on expression: 'pred(*previous, *i)'
Assertion failed on expression: 'pred(*previous, *i)'
Assertion failed on expression: 'pred(*previous, *i)'
Assertion failed on expression: 'pred(*previous, *i)'
Assertion failed on expression: 'pred(*previous, *i)'
Assertion failed on expression: 'pred(*previous, *i)'
Assertion failed on expression: 'pred(*previous, *i)'
Assertion failed on expression: 'pred(*previous, *i)'
Assertion failed on expression: 'pred(*previous, *i)'
Assertion failed on expression: 'pred(*previous, *i)'
Assertion failed on expression: 'pred(*previous, *i)'
Assertion failed on expression: 'pred(*previous, *i)'
Assertion failed on expression: 'pred(*previous, *i)'
Assertion failed on expression: 'pred(*previous, *i)'
Assertion failed on expression: 'pred(*previous, *i)'
Assertion failed on expression: 'pred(*previous, *i)'
Assertion failed on expression: 'pred(*previous, *i)'
Assertion failed on expression: 'pred(*previous, *i)'
Assertion failed on expression: 'pred(*previous, *i)'
Assertion failed on expression: 'pred(*previous, *i)'
Assertion failed on expression: 'pred(*previous, *i)'
Assertion failed on expression: 'pred(*previous, *i)'
Assertion failed on expression: 'pred(*previous, *i)'
Assertion failed on expression: 'pred(*previous, *i)'
Assertion failed on expression: 'pred(*previous, *i)'
Assertion failed on expression: 'pred(*previous, *i)'
Assertion failed on expression: 'pred(*previous, *i)'
Assertion failed on expression: 'pred(*previous, *i)'
Assertion failed on expression: 'pred(*previous, *i)'
Assertion failed on expression: 'pred(*previous, *i)'
Assertion failed on expression: 'pred(*previous, *i)'
Assertion failed on expression: 'pred(*previous, *i)'
Assertion failed on expression: 'pred(*previous, *i)'
Assertion failed on expression: 'pred(*previous, *i)'
Assertion failed on expression: 'pred(*previous, *i)'
Assertion failed on expression: 'pred(*previous, *i)'
Assertion failed on expression: 'pred(*previous, *i)'
Assertion failed on expression: 'pred(*previous, *i)'
Assertion failed on expression: 'pred(*previous, *i)'
Assertion failed on expression: 'pred(*previous, *i)'
Assertion failed on expression: 'pred(*previous, *i)'
Assertion failed on expression: 'pred(*previous, *i)'
Assertion failed on expression: 'pred(*previous, *i)'
Assertion failed on expression: 'pred(*previous, *i)'
Assertion failed on expression: 'pred(*previous, *i)'
Assertion failed on expression: 'pred(*previous, *i)'
Assertion failed on expression: 'pred(*previous, *i)'
Assertion failed on expression: 'pred(*previous, *i)'
Assertion failed on expression: 'pred(*previous, *i)'
Assertion failed on expression: 'pred(*previous, *i)'
Assertion failed on expression: 'pred(*previous, *i)'
Assertion failed on expression: 'pred(*previous, *i)'
Assertion failed on expression: 'pred(*previous, *i)'
Assertion failed on expression: 'pred(*previous, *i)'
Assertion failed on expression: 'pred(*previous, *i)'
Assertion failed on expression: 'pred(*previous, *i)'
Assertion failed on expression: 'pred(*previous, *i)'
Assertion failed on expression: 'pred(*previous, *i)'
Assertion failed on expression: 'pred(*previous, *i)'
Assertion failed on expression: 'pred(*previous, *i)'
Assertion failed on expression: 'pred(*previous, *i)'
Assertion failed on expression: 'pred(*previous, *i)'
Assertion failed on expression: 'pred(*previous, *i)'
Assertion failed on expression: 'pred(*previous, *i)'
Assertion failed on expression: 'pred(*previous, *i)'
Assertion failed on expression: 'pred(*previous, *i)'
Assertion failed on expression: 'pred(*previous, *i)'
Assertion failed on expression: 'pred(*previous, *i)'
Assertion failed on expression: 'pred(*previous, *i)'
Assertion failed on expression: 'pred(*previous, *i)'
Assertion failed on expression: 'pred(*previous, *i)'
Assertion failed on expression: 'pred(*previous, *i)'
Assertion failed on expression: 'pred(*previous, *i)'
Assertion failed on expression: 'pred(*previous, *i)'
Assertion failed on expression: 'pred(*previous, *i)'
Assertion failed on expression: 'pred(*previous, *i)'
Assertion failed on expression: 'pred(*previous, *i)'
Assertion failed on expression: 'pred(*previous, *i)'
Assertion failed on expression: 'pred(*previous, *i)'
Assertion failed on expression: 'pred(*previous, *i)'
Assertion failed on expression: 'pred(*previous, *i)'
Assertion failed on expression: 'pred(*previous, *i)'
Assertion failed on expression: 'pred(*previous, *i)'
Assertion failed on expression: 'pred(*previous, *i)'
Assertion failed on expression: 'pred(*previous, *i)'
Assertion failed on expression: 'pred(*previous, *i)'
Assertion failed on expression: 'pred(*previous, *i)'
Assertion failed on expression: 'pred(*previous, *i)'
Assertion failed on expression: 'pred(*previous, *i)'
Assertion failed on expression: 'pred(*previous, *i)'
Assertion failed on expression: 'pred(*previous, *i)'
Assertion failed on expression: 'pred(*previous, *i)'
Assertion failed on expression: 'pred(*previous, *i)'
Assertion failed on expression: 'pred(*previous, *i)'
Assertion failed on expression: 'pred(*previous, *i)'
Assertion failed on expression: 'pred(*previous, *i)'
Assertion failed on expression: 'pred(*previous, *i)'
Assertion failed on expression: 'pred(*previous, *i)'
Assertion failed on expression: 'pred(*previous, *i)'
Assertion failed on expression: 'pred(*previous, *i)'
Assertion failed on expression: 'pred(*previous, *i)'
Assertion failed on expression: 'pred(*previous, *i)'
Assertion failed on expression: 'pred(*previous, *i)'
Assertion failed on expression: 'pred(*previous, *i)'
Assertion failed on expression: 'pred(*previous, *i)'
Assertion failed on expression: 'pred(*previous, *i)'
Assertion failed on expression: 'pred(*previous, *i)'
Assertion failed on expression: 'pred(*previous, *i)'
Assertion failed on expression: 'pred(*previous, *i)'
Assertion failed on expression: 'pred(*previous, *i)'
Assertion failed on expression: 'pred(*previous, *i)'
Assertion failed on expression: 'pred(*previous, *i)'
Assertion failed on expression: 'pred(*previous, *i)'
Assertion failed on expression: 'pred(*previous, *i)'
Assertion failed on expression: 'pred(*previous, *i)'
Assertion failed on expression: 'pred(*previous, *i)'
Assertion failed on expression: 'pred(*previous, *i)'
Assertion failed on expression: 'pred(*previous, *i)'
Assertion failed on expression: 'pred(*previous, *i)'
Assertion failed on expression: 'pred(*previous, *i)'
Assertion failed on expression: 'pred(*previous, *i)'
Assertion failed on expression: 'pred(*previous, *i)'
Assertion failed on expression: 'pred(*previous, *i)'
Assertion failed on expression: 'pred(*previous, *i)'
Assertion failed on expression: 'pred(*previous, *i)'
Assertion failed on expression: 'pred(*previous, *i)'
Assertion failed on expression: 'pred(*previous, *i)'
Assertion failed on expression: 'pred(*previous, *i)'
Assertion failed on expression: 'pred(*previous, *i)'
Assertion failed on expression: 'pred(*previous, *i)'
Assertion failed on expression: 'pred(*previous, *i)'
Assertion failed on expression: 'pred(*previous, *i)'
Assertion failed on expression: 'pred(*previous, *i)'
Assertion failed on expression: 'pred(*previous, *i)'
Assertion failed on expression: 'pred(*previous, *i)'
Assertion failed on expression: 'pred(*previous, *i)'
Assertion failed on expression: 'pred(*previous, *i)'
Assertion failed on expression: 'pred(*previous, *i)'
Assertion failed on expression: 'pred(*previous, *i)'
Assertion failed on expression: 'pred(*previous, *i)'
Assertion failed on expression: 'pred(*previous, *i)'
Assertion failed on expression: 'pred(*previous, *i)'
Assertion failed on expression: 'pred(*previous, *i)'
Assertion failed on expression: 'pred(*previous, *i)'
Assertion failed on expression: 'pred(*previous, *i)'
Assertion failed on expression: 'pred(*previous, *i)'
Assertion failed on expression: 'pred(*previous, *i)'
Assertion failed on expression: 'pred(*previous, *i)'
Assertion failed on expression: 'pred(*previous, *i)'
Assertion failed on expression: 'pred(*previous, *i)'
Assertion failed on expression: 'pred(*previous, *i)'
Assertion failed on expression: 'pred(*previous, *i)'
Assertion failed on expression: 'pred(*previous, *i)'
Assertion failed on expression: 'pred(*previous, *i)'
Assertion failed on expression: 'pred(*previous, *i)'
Assertion failed on expression: 'pred(*previous, *i)'
Assertion failed on expression: 'pred(*previous, *i)'
Assertion failed on expression: 'pred(*previous, *i)'
Assertion failed on expression: 'pred(*previous, *i)'
Assertion failed on expression: 'pred(*previous, *i)'
Assertion failed on expression: 'pred(*previous, *i)'
Assertion failed on expression: 'pred(*previous, *i)'
Assertion failed on expression: 'pred(*previous, *i)'
Assertion failed on expression: 'pred(*previous, *i)'
Assertion failed on expression: 'pred(*previous, *i)'
Assertion failed on expression: 'pred(*previous, *i)'
Assertion failed on expression: 'pred(*previous, *i)'
Assertion failed on expression: 'pred(*previous, *i)'
Assertion failed on expression: 'pred(*previous, *i)'
Assertion failed on expression: 'pred(*previous, *i)'
Assertion failed on expression: 'pred(*previous, *i)'
Assertion failed on expression: 'pred(*previous, *i)'
Assertion failed on expression: 'pred(*previous, *i)'
Assertion failed on expression: 'pred(*previous, *i)'
Assertion failed on expression: 'pred(*previous, *i)'
Assertion failed on expression: 'pred(*previous, *i)'
Assertion failed on expression: 'pred(*previous, *i)'
Assertion failed on expression: 'pred(*previous, *i)'
Assertion failed on expression: 'pred(*previous, *i)'
Assertion failed on expression: 'pred(*previous, *i)'
Assertion failed on expression: 'pred(*previous, *i)'
Assertion failed on expression: 'pred(*previous, *i)'
Assertion failed on expression: 'pred(*previous, *i)'
Assertion failed on expression: 'pred(*previous, *i)'
Assertion failed on expression: 'pred(*previous, *i)'
Assertion failed on expression: 'pred(*previous, *i)'
Assertion failed on expression: 'pred(*previous, *i)'
Assertion failed on expression: 'pred(*previous, *i)'
Assertion failed on expression: 'pred(*previous, *i)'
Assertion failed on expression: 'pred(*previous, *i)'
Assertion failed on expression: 'pred(*previous, *i)'
Assertion failed on expression: 'pred(*previous, *i)'
Assertion failed on expression: 'pred(*previous, *i)'
Assertion failed on expression: 'pred(*previous, *i)'
Assertion failed on expression: 'pred(*previous, *i)'
Assertion failed on expression: 'pred(*previous, *i)'
Assertion failed on expression: 'pred(*previous, *i)'
Assertion failed on expression: 'pred(*previous, *i)'
Assertion failed on expression: 'pred(*previous, *i)'
Assertion failed on expression: 'pred(*previous, *i)'
Assertion failed on expression: 'pred(*previous, *i)'
Assertion failed on expression: 'pred(*previous, *i)'
Assertion failed on expression: 'pred(*previous, *i)'
Assertion failed on expression: 'pred(*previous, *i)'
Assertion failed on expression: 'pred(*previous, *i)'
Assertion failed on expression: 'pred(*previous, *i)'
Assertion failed on expression: 'pred(*previous, *i)'
Assertion failed on expression: 'pred(*previous, *i)'
Assertion failed on expression: 'pred(*previous, *i)'
Assertion failed on expression: 'pred(*previous, *i)'
Assertion failed on expression: 'pred(*previous, *i)'
Assertion failed on expression: 'pred(*previous, *i)'
Assertion failed on expression: 'pred(*previous, *i)'
Assertion failed on expression: 'pred(*previous, *i)'
Assertion failed on expression: 'pred(*previous, *i)'
Assertion failed on expression: 'pred(*previous, *i)'
Assertion failed on expression: 'pred(*previous, *i)'
Assertion failed on expression: 'pred(*previous, *i)'
Assertion failed on expression: 'pred(*previous, *i)'
Assertion failed on expression: 'pred(*previous, *i)'
Assertion failed on expression: 'pred(*previous, *i)'
Assertion failed on expression: 'pred(*previous, *i)'
Assertion failed on expression: 'pred(*previous, *i)'
Assertion failed on expression: 'pred(*previous, *i)'
Assertion failed on expression: 'pred(*previous, *i)'
Assertion failed on expression: 'pred(*previous, *i)'
Assertion failed on expression: 'pred(*previous, *i)'
Assertion failed on expression: 'pred(*previous, *i)'
Assertion failed on expression: 'pred(*previous, *i)'
Assertion failed on expression: 'pred(*previous, *i)'
Assertion failed on expression: 'pred(*previous, *i)'
Assertion failed on expression: 'pred(*previous, *i)'
Assertion failed on expression: 'pred(*previous, *i)'
Assertion failed on expression: 'pred(*previous, *i)'
Assertion failed on expression: 'pred(*previous, *i)'
Assertion failed on expression: 'pred(*previous, *i)'
Assertion failed on expression: 'pred(*previous, *i)'
Assertion failed on expression: 'pred(*previous, *i)'
Assertion failed on expression: 'pred(*previous, *i)'
Assertion failed on expression: 'pred(*previous, *i)'
Assertion failed on expression: 'pred(*previous, *i)'
Assertion failed on expression: 'pred(*previous, *i)'
Assertion failed on expression: 'pred(*previous, *i)'
Assertion failed on expression: 'pred(*previous, *i)'
Assertion failed on expression: 'pred(*previous, *i)'
Assertion failed on expression: 'pred(*previous, *i)'
Assertion failed on expression: 'pred(*previous, *i)'
Assertion failed on expression: 'pred(*previous, *i)'
Assertion failed on expression: 'pred(*previous, *i)'
Assertion failed on expression: 'pred(*previous, *i)'
Assertion failed on expression: 'pred(*previous, *i)'
Assertion failed on expression: 'pred(*previous, *i)'
Assertion failed on expression: 'pred(*previous, *i)'
Assertion failed on expression: 'pred(*previous, *i)'
Assertion failed on expression: 'pred(*previous, *i)'
Assertion failed on expression: 'pred(*previous, *i)'
Assertion failed on expression: 'pred(*previous, *i)'
Assertion failed on expression: 'pred(*previous, *i)'
Assertion failed on expression: 'pred(*previous, *i)'
Assertion failed on expression: 'pred(*previous, *i)'
Assertion failed on expression: 'pred(*previous, *i)'
Assertion failed on expression: 'pred(*previous, *i)'
Assertion failed on expression: 'pred(*previous, *i)'
Assertion failed on expression: 'pred(*previous, *i)'
Assertion failed on expression: 'pred(*previous, *i)'
Assertion failed on expression: 'pred(*previous, *i)'
Assertion failed on expression: 'pred(*previous, *i)'
Assertion failed on expression: 'pred(*previous, *i)'
Assertion failed on expression: 'pred(*previous, *i)'
Assertion failed on expression: 'pred(*previous, *i)'
Assertion failed on expression: 'pred(*previous, *i)'
Assertion failed on expression: 'pred(*previous, *i)'
Assertion failed on expression: 'pred(*previous, *i)'
Assertion failed on expression: 'pred(*previous, *i)'
Assertion failed on expression: 'pred(*previous, *i)'
Assertion failed on expression: 'pred(*previous, *i)'
Assertion failed on expression: 'pred(*previous, *i)'
Assertion failed on expression: 'pred(*previous, *i)'
Assertion failed on expression: 'pred(*previous, *i)'
Assertion failed on expression: 'pred(*previous, *i)'
Assertion failed on expression: 'pred(*previous, *i)'
Assertion failed on expression: 'pred(*previous, *i)'
Assertion failed on expression: 'pred(*previous, *i)'
Assertion failed on expression: 'pred(*previous, *i)'
Assertion failed on expression: 'pred(*previous, *i)'
Assertion failed on expression: 'pred(*previous, *i)'
Assertion failed on expression: 'pred(*previous, *i)'
Assertion failed on expression: 'pred(*previous, *i)'
Assertion failed on expression: 'pred(*previous, *i)'
Assertion failed on expression: 'pred(*previous, *i)'
Assertion failed on expression: 'pred(*previous, *i)'
Assertion failed on expression: 'pred(*previous, *i)'
Assertion failed on expression: 'pred(*previous, *i)'
Assertion failed on expression: 'pred(*previous, *i)'
Assertion failed on expression: 'pred(*previous, *i)'
Assertion failed on expression: 'pred(*previous, *i)'
Assertion failed on expression: 'pred(*previous, *i)'
Assertion failed on expression: 'pred(*previous, *i)'
Assertion failed on expression: 'pred(*previous, *i)'
Assertion failed on expression: 'pred(*previous, *i)'
Assertion failed on expression: 'pred(*previous, *i)'
Assertion failed on expression: 'pred(*previous, *i)'
Assertion failed on expression: 'pred(*previous, *i)'
Assertion failed on expression: 'pred(*previous, *i)'
Assertion failed on expression: 'pred(*previous, *i)'
Assertion failed on expression: 'pred(*previous, *i)'
Assertion failed on expression: 'pred(*previous, *i)'
Assertion failed on expression: 'pred(*previous, *i)'
Assertion failed on expression: 'pred(*previous, *i)'
Assertion failed on expression: 'pred(*previous, *i)'
Assertion failed on expression: 'pred(*previous, *i)'
Assertion failed on expression: 'pred(*previous, *i)'
Assertion failed on expression: 'pred(*previous, *i)'
Assertion failed on expression: 'pred(*previous, *i)'
Assertion failed on expression: 'pred(*previous, *i)'
Assertion failed on expression: 'pred(*previous, *i)'
Assertion failed on expression: 'pred(*previous, *i)'
Assertion failed on expression: 'pred(*previous, *i)'
Assertion failed on expression: 'pred(*previous, *i)'
Assertion failed on expression: 'pred(*previous, *i)'
Assertion failed on expression: 'pred(*previous, *i)'
Assertion failed on expression: 'pred(*previous, *i)'
Assertion failed on expression: 'pred(*previous, *i)'
Assertion failed on expression: 'pred(*previous, *i)'
Assertion failed on expression: 'pred(*previous, *i)'
Assertion failed on expression: 'pred(*previous, *i)'
Assertion failed on expression: 'pred(*previous, *i)'
Assertion failed on expression: 'pred(*previous, *i)'
Assertion failed on expression: 'pred(*previous, *i)'
Assertion failed on expression: 'pred(*previous, *i)'
Assertion failed on expression: 'pred(*previous, *i)'
Assertion failed on expression: 'pred(*previous, *i)'
Assertion failed on expression: 'pred(*previous, *i)'
Assertion failed on expression: 'pred(*previous, *i)'
Assertion failed on expression: 'pred(*previous, *i)'
Assertion failed on expression: 'pred(*previous, *i)'
Assertion failed on expression: 'pred(*previous, *i)'
Assertion failed on expression: 'pred(*previous, *i)'
Assertion failed on expression: 'pred(*previous, *i)'
Assertion failed on expression: 'pred(*previous, *i)'
Assertion failed on expression: 'pred(*previous, *i)'
Assertion failed on expression: 'pred(*previous, *i)'
Assertion failed on expression: 'pred(*previous, *i)'
Assertion failed on expression: 'pred(*previous, *i)'
Assertion failed on expression: 'pred(*previous, *i)'
Assertion failed on expression: 'pred(*previous, *i)'
Assertion failed on expression: 'pred(*previous, *i)'
Assertion failed on expression: 'pred(*previous, *i)'
Assertion failed on expression: 'pred(*previous, *i)'
Assertion failed on expression: 'pred(*previous, *i)'
Assertion failed on expression: 'pred(*previous, *i)'
Assertion failed on expression: 'pred(*previous, *i)'
Assertion failed on expression: 'pred(*previous, *i)'
Assertion failed on expression: 'pred(*previous, *i)'
Assertion failed on expression: 'pred(*previous, *i)'
Assertion failed on expression: 'pred(*previous, *i)'
Assertion failed on expression: 'pred(*previous, *i)'
Assertion failed on expression: 'pred(*previous, *i)'
Assertion failed on expression: 'pred(*previous, *i)'
Assertion failed on expression: 'pred(*previous, *i)'
Assertion failed on expression: 'pred(*previous, *i)'
Assertion failed on expression: 'pred(*previous, *i)'
Assertion failed on expression: 'pred(*previous, *i)'
Assertion failed on expression: 'pred(*previous, *i)'
Assertion failed on expression: 'pred(*previous, *i)'
Assertion failed on expression: 'pred(*previous, *i)'
Assertion failed on expression: 'pred(*previous, *i)'
Assertion failed on expression: 'pred(*previous, *i)'
Assertion failed on expression: 'pred(*previous, *i)'
Assertion failed on expression: 'pred(*previous, *i)'
Assertion failed on expression: 'pred(*previous, *i)'
Assertion failed on expression: 'pred(*previous, *i)'
Assertion failed on expression: 'pred(*previous, *i)'
Assertion failed on expression: 'pred(*previous, *i)'
Assertion failed on expression: 'pred(*previous, *i)'
Assertion failed on expression: 'pred(*previous, *i)'
Assertion failed on expression: 'pred(*previous, *i)'
Assertion failed on expression: 'pred(*previous, *i)'
Assertion failed on expression: 'pred(*previous, *i)'
Assertion failed on expression: 'pred(*previous, *i)'
Assertion failed on expression: 'pred(*previous, *i)'
Assertion failed on expression: 'pred(*previous, *i)'
Assertion failed on expression: 'pred(*previous, *i)'
Assertion failed on expression: 'pred(*previous, *i)'
Assertion failed on expression: 'pred(*previous, *i)'
Assertion failed on expression: 'pred(*previous, *i)'
Assertion failed on expression: 'pred(*previous, *i)'
Assertion failed on expression: 'pred(*previous, *i)'
Assertion failed on expression: 'pred(*previous, *i)'
Assertion failed on expression: 'pred(*previous, *i)'
Assertion failed on expression: 'pred(*previous, *i)'
Assertion failed on expression: 'pred(*previous, *i)'
Assertion failed on expression: 'pred(*previous, *i)'
Assertion failed on expression: 'pred(*previous, *i)'
Assertion failed on expression: 'pred(*previous, *i)'
Assertion failed on expression: 'pred(*previous, *i)'
Assertion failed on expression: 'pred(*previous, *i)'
Assertion failed on expression: 'pred(*previous, *i)'
Assertion failed on expression: 'pred(*previous, *i)'
Assertion failed on expression: 'pred(*previous, *i)'
Assertion failed on expression: 'pred(*previous, *i)'
Assertion failed on expression: 'pred(*previous, *i)'
Assertion failed on expression: 'pred(*previous, *i)'
Assertion failed on expression: 'pred(*previous, *i)'
Assertion failed on expression: 'pred(*previous, *i)'
Assertion failed on expression: 'pred(*previous, *i)'
Assertion failed on expression: 'pred(*previous, *i)'
Assertion failed on expression: 'pred(*previous, *i)'
Assertion failed on expression: 'pred(*previous, *i)'
Assertion failed on expression: 'pred(*previous, *i)'
Assertion failed on expression: 'pred(*previous, *i)'
Assertion failed on expression: 'pred(*previous, *i)'
Assertion failed on expression: 'pred(*previous, *i)'
Assertion failed on expression: 'pred(*previous, *i)'
Assertion failed on expression: 'pred(*previous, *i)'
Assertion failed on expression: 'pred(*previous, *i)'
Assertion failed on expression: 'pred(*previous, *i)'
Assertion failed on expression: 'pred(*previous, *i)'
Assertion failed on expression: 'pred(*previous, *i)'
Assertion failed on expression: 'pred(*previous, *i)'
Assertion failed on expression: 'pred(*previous, *i)'
Assertion failed on expression: 'pred(*previous, *i)'
Assertion failed on expression: 'pred(*previous, *i)'
Assertion failed on expression: 'pred(*previous, *i)'
Assertion failed on expression: 'pred(*previous, *i)'
Assertion failed on expression: 'pred(*previous, *i)'
Assertion failed on expression: 'pred(*previous, *i)'
Assertion failed on expression: 'pred(*previous, *i)'
Assertion failed on expression: 'pred(*previous, *i)'
Assertion failed on expression: 'pred(*previous, *i)'
Assertion failed on expression: 'pred(*previous, *i)'
Assertion failed on expression: 'pred(*previous, *i)'
Assertion failed on expression: 'pred(*previous, *i)'
Assertion failed on expression: 'pred(*previous, *i)'
Assertion failed on expression: 'pred(*previous, *i)'
Assertion failed on expression: 'pred(*previous, *i)'
Assertion failed on expression: 'pred(*previous, *i)'
Assertion failed on expression: 'pred(*previous, *i)'
Assertion failed on expression: 'pred(*previous, *i)'
Assertion failed on expression: 'pred(*previous, *i)'
Assertion failed on expression: 'pred(*previous, *i)'
Assertion failed on expression: 'pred(*previous, *i)'
Assertion failed on expression: 'pred(*previous, *i)'
Assertion failed on expression: 'pred(*previous, *i)'
Assertion failed on expression: 'pred(*previous, *i)'
Assertion failed on expression: 'pred(*previous, *i)'
Assertion failed on expression: 'pred(*previous, *i)'
Assertion failed on expression: 'pred(*previous, *i)'
Assertion failed on expression: 'pred(*previous, *i)'
Assertion failed on expression: 'pred(*previous, *i)'
Assertion failed on expression: 'pred(*previous, *i)'
Assertion failed on expression: 'pred(*previous, *i)'
Assertion failed on expression: 'pred(*previous, *i)'
Assertion failed on expression: 'pred(*previous, *i)'
Assertion failed on expression: 'pred(*previous, *i)'
Assertion failed on expression: 'pred(*previous, *i)'
Assertion failed on expression: 'pred(*previous, *i)'
Assertion failed on expression: 'pred(*previous, *i)'
Assertion failed on expression: 'pred(*previous, *i)'
Assertion failed on expression: 'pred(*previous, *i)'
Assertion failed on expression: 'pred(*previous, *i)'
Assertion failed on expression: 'pred(*previous, *i)'
Assertion failed on expression: 'pred(*previous, *i)'
Assertion failed on expression: 'pred(*previous, *i)'
Assertion failed on expression: 'pred(*previous, *i)'
Assertion failed on expression: 'pred(*previous, *i)'
Assertion failed on expression: 'pred(*previous, *i)'
Assertion failed on expression: 'pred(*previous, *i)'
Assertion failed on expression: 'pred(*previous, *i)'
Assertion failed on expression: 'pred(*previous, *i)'
Assertion failed on expression: 'pred(*previous, *i)'
Assertion failed on expression: 'pred(*previous, *i)'
Assertion failed on expression: 'pred(*previous, *i)'
Assertion failed on expression: 'pred(*previous, *i)'
Assertion failed on expression: 'pred(*previous, *i)'
Assertion failed on expression: 'pred(*previous, *i)'
Assertion failed on expression: 'pred(*previous, *i)'
Assertion failed on expression: 'pred(*previous, *i)'
Assertion failed on expression: 'pred(*previous, *i)'
Assertion failed on expression: 'pred(*previous, *i)'
Assertion failed on expression: 'pred(*previous, *i)'
Assertion failed on expression: 'pred(*previous, *i)'
Assertion failed on expression: 'pred(*previous, *i)'
Assertion failed on expression: 'pred(*previous, *i)'
Assertion failed on expression: 'pred(*previous, *i)'
Assertion failed on expression: 'pred(*previous, *i)'
Assertion failed on expression: 'pred(*previous, *i)'
Assertion failed on expression: 'pred(*previous, *i)'
Assertion failed on expression: 'pred(*previous, *i)'
Assertion failed on expression: 'pred(*previous, *i)'
Assertion failed on expression: 'pred(*previous, *i)'
Assertion failed on expression: 'pred(*previous, *i)'
Assertion failed on expression: 'pred(*previous, *i)'
Assertion failed on expression: 'pred(*previous, *i)'
Assertion failed on expression: 'pred(*previous, *i)'
Assertion failed on expression: 'pred(*previous, *i)'
Assertion failed on expression: 'pred(*previous, *i)'
Assertion failed on expression: 'pred(*previous, *i)'
Assertion failed on expression: 'pred(*previous, *i)'
Assertion failed on expression: 'pred(*previous, *i)'
Assertion failed on expression: 'pred(*previous, *i)'
Assertion failed on expression: 'pred(*previous, *i)'
Assertion failed on expression: 'pred(*previous, *i)'
Assertion failed on expression: 'pred(*previous, *i)'
Assertion failed on expression: 'pred(*previous, *i)'
Assertion failed on expression: 'pred(*previous, *i)'
Assertion failed on expression: 'pred(*previous, *i)'
Assertion failed on expression: 'pred(*previous, *i)'
Assertion failed on expression: 'pred(*previous, *i)'
Assertion failed on expression: 'pred(*previous, *i)'
Assertion failed on expression: 'pred(*previous, *i)'
Assertion failed on expression: 'pred(*previous, *i)'
Assertion failed on expression: 'pred(*previous, *i)'
Assertion failed on expression: 'pred(*previous, *i)'
Assertion failed on expression: 'pred(*previous, *i)'
Assertion failed on expression: 'pred(*previous, *i)'
Assertion failed on expression: 'pred(*previous, *i)'
Assertion failed on expression: 'pred(*previous, *i)'
Assertion failed on expression: 'pred(*previous, *i)'
Assertion failed on expression: 'pred(*previous, *i)'
Assertion failed on expression: 'pred(*previous, *i)'
Assertion failed on expression: 'pred(*previous, *i)'
Assertion failed on expression: 'pred(*previous, *i)'
Assertion failed on expression: 'pred(*previous, *i)'
Assertion failed on expression: 'pred(*previous, *i)'
Assertion failed on expression: 'pred(*previous, *i)'
Assertion failed on expression: 'pred(*previous, *i)'
Assertion failed on expression: 'pred(*previous, *i)'
Assertion failed on expression: 'pred(*previous, *i)'
Assertion failed on expression: 'pred(*previous, *i)'
Assertion failed on expression: 'pred(*previous, *i)'
Assertion failed on expression: 'pred(*previous, *i)'
Assertion failed on expression: 'pred(*previous, *i)'
Assertion failed on expression: 'pred(*previous, *i)'
Assertion failed on expression: 'pred(*previous, *i)'
Assertion failed on expression: 'pred(*previous, *i)'
Assertion failed on expression: 'pred(*previous, *i)'
Assertion failed on expression: 'pred(*previous, *i)'
Assertion failed on expression: 'pred(*previous, *i)'
Assertion failed on expression: 'pred(*previous, *i)'
Assertion failed on expression: 'pred(*previous, *i)'
Assertion failed on expression: 'pred(*previous, *i)'
Assertion failed on expression: 'pred(*previous, *i)'
Assertion failed on expression: 'pred(*previous, *i)'
Assertion failed on expression: 'pred(*previous, *i)'
Assertion failed on expression: 'pred(*previous, *i)'
Assertion failed on expression: 'pred(*previous, *i)'
Assertion failed on expression: 'pred(*previous, *i)'
Assertion failed on expression: 'pred(*previous, *i)'
Assertion failed on expression: 'pred(*previous, *i)'
Assertion failed on expression: 'pred(*previous, *i)'
Assertion failed on expression: 'pred(*previous, *i)'
Assertion failed on expression: 'pred(*previous, *i)'
Assertion failed on expression: 'pred(*previous, *i)'
Assertion failed on expression: 'pred(*previous, *i)'
Assertion failed on expression: 'pred(*previous, *i)'
Assertion failed on expression: 'pred(*previous, *i)'
Assertion failed on expression: 'pred(*previous, *i)'
Assertion failed on expression: 'pred(*previous, *i)'
Assertion failed on expression: 'pred(*previous, *i)'
Assertion failed on expression: 'pred(*previous, *i)'
Assertion failed on expression: 'pred(*previous, *i)'
Assertion failed on expression: 'pred(*previous, *i)'
Assertion failed on expression: 'pred(*previous, *i)'
Assertion failed on expression: 'pred(*previous, *i)'
Assertion failed on expression: 'pred(*previous, *i)'
Assertion failed on expression: 'pred(*previous, *i)'
Assertion failed on expression: 'pred(*previous, *i)'
Assertion failed on expression: 'pred(*previous, *i)'
Assertion failed on expression: 'pred(*previous, *i)'
Assertion failed on expression: 'pred(*previous, *i)'
Assertion failed on expression: 'pred(*previous, *i)'
Assertion failed on expression: 'pred(*previous, *i)'
Assertion failed on expression: 'pred(*previous, *i)'
Assertion failed on expression: 'pred(*previous, *i)'
Assertion failed on expression: 'pred(*previous, *i)'
Assertion failed on expression: 'pred(*previous, *i)'
Assertion failed on expression: 'pred(*previous, *i)'
Assertion failed on expression: 'pred(*previous, *i)'
Assertion failed on expression: 'pred(*previous, *i)'
Assertion failed on expression: 'pred(*previous, *i)'
Assertion failed on expression: 'pred(*previous, *i)'
Assertion failed on expression: 'pred(*previous, *i)'
Assertion failed on expression: 'pred(*previous, *i)'
Assertion failed on expression: 'pred(*previous, *i)'
Assertion failed on expression: 'pred(*previous, *i)'
Assertion failed on expression: 'pred(*previous, *i)'
Assertion failed on expression: 'pred(*previous, *i)'
Assertion failed on expression: 'pred(*previous, *i)'
Assertion failed on expression: 'pred(*previous, *i)'
Assertion failed on expression: 'pred(*previous, *i)'
Assertion failed on expression: 'pred(*previous, *i)'
Assertion failed on expression: 'pred(*previous, *i)'
Assertion failed on expression: 'pred(*previous, *i)'
Assertion failed on expression: 'pred(*previous, *i)'
Assertion failed on expression: 'pred(*previous, *i)'
Assertion failed on expression: 'pred(*previous, *i)'
Assertion failed on expression: 'pred(*previous, *i)'
Assertion failed on expression: 'pred(*previous, *i)'
Assertion failed on expression: 'pred(*previous, *i)'
Assertion failed on expression: 'pred(*previous, *i)'
Assertion failed on expression: 'pred(*previous, *i)'
Assertion failed on expression: 'pred(*previous, *i)'
Assertion failed on expression: 'pred(*previous, *i)'
Assertion failed on expression: 'pred(*previous, *i)'
Assertion failed on expression: 'pred(*previous, *i)'
Assertion failed on expression: 'pred(*previous, *i)'
Assertion failed on expression: 'pred(*previous, *i)'
Assertion failed on expression: 'pred(*previous, *i)'
Assertion failed on expression: 'pred(*previous, *i)'
Assertion failed on expression: 'pred(*previous, *i)'
Assertion failed on expression: 'pred(*previous, *i)'
Assertion failed on expression: 'pred(*previous, *i)'
Assertion failed on expression: 'pred(*previous, *i)'
Assertion failed on expression: 'pred(*previous, *i)'
Assertion failed on expression: 'pred(*previous, *i)'
Assertion failed on expression: 'pred(*previous, *i)'
Assertion failed on expression: 'pred(*previous, *i)'
Assertion failed on expression: 'pred(*previous, *i)'
Assertion failed on expression: 'pred(*previous, *i)'
Assertion failed on expression: 'pred(*previous, *i)'
Assertion failed on expression: 'pred(*previous, *i)'
Assertion failed on expression: 'pred(*previous, *i)'
Assertion failed on expression: 'pred(*previous, *i)'
Assertion failed on expression: 'pred(*previous, *i)'
Assertion failed on expression: 'pred(*previous, *i)'
Assertion failed on expression: 'pred(*previous, *i)'
Assertion failed on expression: 'pred(*previous, *i)'
Assertion failed on expression: 'pred(*previous, *i)'
Assertion failed on expression: 'pred(*previous, *i)'
Assertion failed on expression: 'pred(*previous, *i)'
Assertion failed on expression: 'pred(*previous, *i)'
Assertion failed on expression: 'pred(*previous, *i)'
Assertion failed on expression: 'pred(*previous, *i)'
Assertion failed on expression: 'pred(*previous, *i)'
Assertion failed on expression: 'pred(*previous, *i)'
Assertion failed on expression: 'pred(*previous, *i)'
Assertion failed on expression: 'pred(*previous, *i)'
Assertion failed on expression: 'pred(*previous, *i)'
Assertion failed on expression: 'pred(*previous, *i)'
Assertion failed on expression: 'pred(*previous, *i)'
Assertion failed on expression: 'pred(*previous, *i)'
Assertion failed on expression: 'pred(*previous, *i)'
Assertion failed on expression: 'pred(*previous, *i)'
Assertion failed on expression: 'pred(*previous, *i)'
Assertion failed on expression: 'pred(*previous, *i)'
Assertion failed on expression: 'pred(*previous, *i)'
Assertion failed on expression: 'pred(*previous, *i)'
Assertion failed on expression: 'pred(*previous, *i)'
Assertion failed on expression: 'pred(*previous, *i)'
Assertion failed on expression: 'pred(*previous, *i)'
Assertion failed on expression: 'pred(*previous, *i)'
Assertion failed on expression: 'pred(*previous, *i)'
Assertion failed on expression: 'pred(*previous, *i)'
Assertion failed on expression: 'pred(*previous, *i)'
Assertion failed on expression: 'pred(*previous, *i)'
Assertion failed on expression: 'pred(*previous, *i)'
Assertion failed on expression: 'pred(*previous, *i)'
Assertion failed on expression: 'pred(*previous, *i)'
Assertion failed on expression: 'pred(*previous, *i)'
Assertion failed on expression: 'pred(*previous, *i)'
Assertion failed on expression: 'pred(*previous, *i)'
Assertion failed on expression: 'pred(*previous, *i)'
Assertion failed on expression: 'pred(*previous, *i)'
Assertion failed on expression: 'pred(*previous, *i)'
Assertion failed on expression: 'pred(*previous, *i)'
Assertion failed on expression: 'pred(*previous, *i)'
Assertion failed on expression: 'pred(*previous, *i)'
Assertion failed on expression: 'pred(*previous, *i)'
Assertion failed on expression: 'pred(*previous, *i)'
Assertion failed on expression: 'pred(*previous, *i)'
Assertion failed on expression: 'pred(*previous, *i)'
Assertion failed on expression: 'pred(*previous, *i)'
Assertion failed on expression: 'pred(*previous, *i)'
Assertion failed on expression: 'pred(*previous, *i)'
Assertion failed on expression: 'pred(*previous, *i)'
Assertion failed on expression: 'pred(*previous, *i)'
Assertion failed on expression: 'pred(*previous, *i)'
Assertion failed on expression: 'pred(*previous, *i)'
Assertion failed on expression: 'pred(*previous, *i)'
Assertion failed on expression: 'pred(*previous, *i)'
Assertion failed on expression: 'pred(*previous, *i)'
Assertion failed on expression: 'pred(*previous, *i)'
Assertion failed on expression: 'pred(*previous, *i)'
Assertion failed on expression: 'pred(*previous, *i)'
Assertion failed on expression: 'pred(*previous, *i)'
Assertion failed on expression: 'pred(*previous, *i)'
Assertion failed on expression: 'pred(*previous, *i)'
Assertion failed on expression: 'pred(*previous, *i)'
Assertion failed on expression: 'pred(*previous, *i)'
Assertion failed on expression: 'pred(*previous, *i)'
Assertion failed on expression: 'pred(*previous, *i)'
Assertion failed on expression: 'pred(*previous, *i)'
Assertion failed on expression: 'pred(*previous, *i)'
Assertion failed on expression: 'pred(*previous, *i)'
Assertion failed on expression: 'pred(*previous, *i)'
Assertion failed on expression: 'pred(*previous, *i)'
Assertion failed on expression: 'pred(*previous, *i)'
Assertion failed on expression: 'pred(*previous, *i)'
Assertion failed on expression: 'pred(*previous, *i)'
Assertion failed on expression: 'pred(*previous, *i)'
Assertion failed on expression: 'pred(*previous, *i)'
Assertion failed on expression: 'pred(*previous, *i)'
Assertion failed on expression: 'pred(*previous, *i)'
Assertion failed on expression: 'pred(*previous, *i)'
Assertion failed on expression: 'pred(*previous, *i)'
Assertion failed on expression: 'pred(*previous, *i)'
Assertion failed on expression: 'pred(*previous, *i)'
Assertion failed on expression: 'pred(*previous, *i)'
Assertion failed on expression: 'pred(*previous, *i)'
Assertion failed on expression: 'pred(*previous, *i)'
Assertion failed on expression: 'pred(*previous, *i)'
Assertion failed on expression: 'pred(*previous, *i)'
Assertion failed on expression: 'pred(*previous, *i)'
Assertion failed on expression: 'pred(*previous, *i)'
Assertion failed on expression: 'pred(*previous, *i)'
Assertion failed on expression: 'pred(*previous, *i)'
Assertion failed on expression: 'pred(*previous, *i)'
Assertion failed on expression: 'pred(*previous, *i)'
Assertion failed on expression: 'pred(*previous, *i)'
Assertion failed on expression: 'pred(*previous, *i)'
Assertion failed on expression: 'pred(*previous, *i)'
Assertion failed on expression: 'pred(*previous, *i)'
Assertion failed on expression: 'pred(*previous, *i)'
Assertion failed on expression: 'pred(*previous, *i)'
Assertion failed on expression: 'pred(*previous, *i)'
Assertion failed on expression: 'pred(*previous, *i)'
Assertion failed on expression: 'pred(*previous, *i)'
Assertion failed on expression: 'pred(*previous, *i)'
Assertion failed on expression: 'pred(*previous, *i)'
Assertion failed on expression: 'pred(*previous, *i)'
Assertion failed on expression: 'pred(*previous, *i)'
Assertion failed on expression: 'pred(*previous, *i)'
Assertion failed on expression: 'pred(*previous, *i)'
Native extension for WindowsStandalone target not found
[Package Manager] Failed to launch server process. Reason: Unity was launched with the -noUpm command-line argument
[Package Manager] Unable to send message (not connected to server process).
[Package Manager] Cannot connect to Unity Package Manager local server
[MODES] ModeService[none].Initialize
[MODES] ModeService[none].LoadModes
[Package Manager] Failed to launch server process. Reason: Unity was launched with the -noUpm command-line argument
[Package Manager] Unable to send message (not connected to server process).
[Package Manager] Cannot connect to Unity Package Manager local server
ScheduleIndexationOnStartup MainProcess:False IndexOnStartup:True
Mono: successfully reloaded assembly
- Finished resetting the current domain, in  1.916 seconds
Domain Reload Profiling: 3527ms
	BeginReloadAssembly (409ms)
		DisableScriptedObjects (50ms)
		CreateAndSetChildDomain (90ms)
	RebuildCommonClasses (66ms)
	RebuildNativeTypeToScriptingClass (26ms)
	initialDomainReloadingComplete (117ms)
	LoadAllAssembliesAndSetupDomain (991ms)
		LoadAssemblies (742ms)
		AnalyzeDomain (413ms)
			TypeCache.Refresh (15ms)
			BuildScriptInfoCaches (375ms)
			ResolveRequiredComponents (20ms)
	FinalizeReload (1916ms)
		SetupLoadedEditorAssemblies (0ms)
			InitializePlatformSupportModulesInManaged (3ms)
			BeforeProcessingInitializeOnLoad (421ms)
			ProcessInitializeOnLoadAttributes (917ms)
			ProcessInitializeOnLoadMethodAttributes (138ms)
			AfterProcessingInitializeOnLoad (16ms)
		AwakeInstancesAfterBackupRestoration (40ms)
Refreshing native plugins compatible for Editor in 2.40 ms, found 4 plugins.
Unloading 36 Unused Serialized files (Serialized files now loaded: 0)
Unloading 6651 unused Assets / (10.6 MB). Loaded Objects now: 7656.
Memory consumption went from 196.1 MB to 185.6 MB.
Total: 22.403200 ms (FindLiveObjects: 1.404600 ms CreateObjectMapping: 2.049200 ms MarkObjects: 11.090100 ms  DeleteObjects: 7.856900 ms)

Prepare: number of updated asset objects reloaded= 0
========================================================================
Received Prepare
Begin MonoManager ReloadAssembly
[Licensing::Client] Successfully resolved entitlement details
[Licensing::Module] License group:
  Id: F4-QRE9-8MP4-8W6G-CU99-XXXX
  Product: Unity Personal
  Type: ULF
  Expiration: Unlimited
[Licensing::Module] License group:
  Id: 115982-UnityPersXXXX
  Product: Unity Personal
  Type: Assigned
  Expiration: Unlimited
Assembly Assembly-CSharp-Editor-firstpass.dll at Library/ScriptAssemblies/Assembly-CSharp-Editor-firstpass.dll not valid. Loading of assembly skipped.
Assembly DocCodeExamples.dll at Library/ScriptAssemblies/DocCodeExamples.dll not valid. Loading of assembly skipped.
Assembly TestNewCustomAssembly.dll at Library/ScriptAssemblies/TestNewCustomAssembly.dll not valid. Loading of assembly skipped.
Assembly Unity.Collections.BurstCompatibilityGen.dll at Library/ScriptAssemblies/Unity.Collections.BurstCompatibilityGen.dll not valid. Loading of assembly skipped.
Assembly Unity.Collections.DocCodeSamples.dll at Library/ScriptAssemblies/Unity.Collections.DocCodeSamples.dll not valid. Loading of assembly skipped.
Assembly Unity.Collections.PerformanceTests.dll at Library/ScriptAssemblies/Unity.Collections.PerformanceTests.dll not valid. Loading of assembly skipped.
Assembly Unity.Collections.Tests.dll at Library/ScriptAssemblies/Unity.Collections.Tests.dll not valid. Loading of assembly skipped.
Assembly Unity.Collections.Tests.Playmode.dll at Library/ScriptAssemblies/Unity.Collections.Tests.Playmode.dll not valid. Loading of assembly skipped.
Assembly Unity.Mathematics.Tests.dll at Library/ScriptAssemblies/Unity.Mathematics.Tests.dll not valid. Loading of assembly skipped.
Assembly Unity.Multiplayer.Center.Editor.Tests.dll at Library/ScriptAssemblies/Unity.Multiplayer.Center.Editor.Tests.dll not valid. Loading of assembly skipped.
Assembly Unity.Multiplayer.Center.Tests.dll at Library/ScriptAssemblies/Unity.Multiplayer.Center.Tests.dll not valid. Loading of assembly skipped.
Assembly Unity.Nuget.Mono-Cecil.dll at Library/ScriptAssemblies/Unity.Nuget.Mono-Cecil.dll not valid. Loading of assembly skipped.
Assembly Unity.PathTracing.Editor.Tests.dll at Library/ScriptAssemblies/Unity.PathTracing.Editor.Tests.dll not valid. Loading of assembly skipped.
Assembly Unity.PathTracing.Runtime.Tests.dll at Library/ScriptAssemblies/Unity.PathTracing.Runtime.Tests.dll not valid. Loading of assembly skipped.
Assembly Unity.Performance.Profile-Analyzer.EditorTests.dll at Library/ScriptAssemblies/Unity.Performance.Profile-Analyzer.EditorTests.dll not valid. Loading of assembly skipped.
Assembly Unity.Postprocessing.Editor.Tests.dll at Library/ScriptAssemblies/Unity.Postprocessing.Editor.Tests.dll not valid. Loading of assembly skipped.
Assembly Unity.Postprocessing.Runtime.Tests.dll at Library/ScriptAssemblies/Unity.Postprocessing.Runtime.Tests.dll not valid. Loading of assembly skipped.
Assembly Unity.RenderPipelines.Core.Editor.Tests.dll at Library/ScriptAssemblies/Unity.RenderPipelines.Core.Editor.Tests.dll not valid. Loading of assembly skipped.
Assembly Unity.RenderPipelines.Core.Runtime.Tests.dll at Library/ScriptAssemblies/Unity.RenderPipelines.Core.Runtime.Tests.dll not valid. Loading of assembly skipped.
Assembly Unity.RenderPipelines.Universal.Config.Editor.Tests.dll at Library/ScriptAssemblies/Unity.RenderPipelines.Universal.Config.Editor.Tests.dll not valid. Loading of assembly skipped.
Assembly Unity.RenderPipelines.Universal.Editor.Tests.dll at Library/ScriptAssemblies/Unity.RenderPipelines.Universal.Editor.Tests.dll not valid. Loading of assembly skipped.
Assembly Unity.RenderPipelines.Universal.Runtime.Tests.dll at Library/ScriptAssemblies/Unity.RenderPipelines.Universal.Runtime.Tests.dll not valid. Loading of assembly skipped.
Assembly Unity.Searcher.EditorTests.dll at Library/ScriptAssemblies/Unity.Searcher.EditorTests.dll not valid. Loading of assembly skipped.
Assembly Unity.Settings.Tests.dll at Library/ScriptAssemblies/Unity.Settings.Tests.dll not valid. Loading of assembly skipped.
Assembly Unity.ShaderGraph.Editor.Tests.dll at Library/ScriptAssemblies/Unity.ShaderGraph.Editor.Tests.dll not valid. Loading of assembly skipped.
Assembly Unity.TestTools.CodeCoverage.Editor.Compatibility.dll at Library/ScriptAssemblies/Unity.TestTools.CodeCoverage.Editor.Compatibility.dll not valid. Loading of assembly skipped.
Assembly Unity.TextMeshPro.Editor.Tests.dll at Library/ScriptAssemblies/Unity.TextMeshPro.Editor.Tests.dll not valid. Loading of assembly skipped.
Assembly Unity.TextMeshPro.Tests.dll at Library/ScriptAssemblies/Unity.TextMeshPro.Tests.dll not valid. Loading of assembly skipped.
Assembly Unity.UnifiedRayTracing.Editor.Tests.dll at Library/ScriptAssemblies/Unity.UnifiedRayTracing.Editor.Tests.dll not valid. Loading of assembly skipped.
Assembly UnityEditor.UI.Common.Tests.dll at Library/ScriptAssemblies/UnityEditor.UI.Common.Tests.dll not valid. Loading of assembly skipped.
Assembly UnityEditor.UI.EditorTests.dll at Library/ScriptAssemblies/UnityEditor.UI.EditorTests.dll not valid. Loading of assembly skipped.
Assembly UnityEngine.UI.Tests.dll at Library/ScriptAssemblies/UnityEngine.UI.Tests.dll not valid. Loading of assembly skipped.
Script 'Tree' has the same name as built-in Unity component.
AddComponent and GetComponent will not work with this script.
Refreshing native plugins compatible for Editor in 2.19 ms, found 4 plugins.
Assertion failed on expression: 'pred(*previous, *i)'
Assertion failed on expression: 'pred(*previous, *i)'
Assertion failed on expression: 'pred(*previous, *i)'
Assertion failed on expression: 'pred(*previous, *i)'
Assertion failed on expression: 'pred(*previous, *i)'
Assertion failed on expression: 'pred(*previous, *i)'
Assertion failed on expression: 'pred(*previous, *i)'
Assertion failed on expression: 'pred(*previous, *i)'
Assertion failed on expression: 'pred(*previous, *i)'
Assertion failed on expression: 'pred(*previous, *i)'
Assertion failed on expression: 'pred(*previous, *i)'
Assertion failed on expression: 'pred(*previous, *i)'
Assertion failed on expression: 'pred(*previous, *i)'
Assertion failed on expression: 'pred(*previous, *i)'
Assertion failed on expression: 'pred(*previous, *i)'
Assertion failed on expression: 'pred(*previous, *i)'
Assertion failed on expression: 'pred(*previous, *i)'
Assertion failed on expression: 'pred(*previous, *i)'
Assertion failed on expression: 'pred(*previous, *i)'
Assertion failed on expression: 'pred(*previous, *i)'
Assertion failed on expression: 'pred(*previous, *i)'
Assertion failed on expression: 'pred(*previous, *i)'
Assertion failed on expression: 'pred(*previous, *i)'
Assertion failed on expression: 'pred(*previous, *i)'
Assertion failed on expression: 'pred(*previous, *i)'
Assertion failed on expression: 'pred(*previous, *i)'
Assertion failed on expression: 'pred(*previous, *i)'
Assertion failed on expression: 'pred(*previous, *i)'
Assertion failed on expression: 'pred(*previous, *i)'
Assertion failed on expression: 'pred(*previous, *i)'
Assertion failed on expression: 'pred(*previous, *i)'
Assertion failed on expression: 'pred(*previous, *i)'
Assertion failed on expression: 'pred(*previous, *i)'
Assertion failed on expression: 'pred(*previous, *i)'
Assertion failed on expression: 'pred(*previous, *i)'
Assertion failed on expression: 'pred(*previous, *i)'
Assertion failed on expression: 'pred(*previous, *i)'
Assertion failed on expression: 'pred(*previous, *i)'
Assertion failed on expression: 'pred(*previous, *i)'
Assertion failed on expression: 'pred(*previous, *i)'
Assertion failed on expression: 'pred(*previous, *i)'
Assertion failed on expression: 'pred(*previous, *i)'
Assertion failed on expression: 'pred(*previous, *i)'
Assertion failed on expression: 'pred(*previous, *i)'
Assertion failed on expression: 'pred(*previous, *i)'
Assertion failed on expression: 'pred(*previous, *i)'
Assertion failed on expression: 'pred(*previous, *i)'
Assertion failed on expression: 'pred(*previous, *i)'
Assertion failed on expression: 'pred(*previous, *i)'
Assertion failed on expression: 'pred(*previous, *i)'
Assertion failed on expression: 'pred(*previous, *i)'
Assertion failed on expression: 'pred(*previous, *i)'
Assertion failed on expression: 'pred(*previous, *i)'
Assertion failed on expression: 'pred(*previous, *i)'
Assertion failed on expression: 'pred(*previous, *i)'
Assertion failed on expression: 'pred(*previous, *i)'
Assertion failed on expression: 'pred(*previous, *i)'
Assertion failed on expression: 'pred(*previous, *i)'
Assertion failed on expression: 'pred(*previous, *i)'
Assertion failed on expression: 'pred(*previous, *i)'
Assertion failed on expression: 'pred(*previous, *i)'
Assertion failed on expression: 'pred(*previous, *i)'
Assertion failed on expression: 'pred(*previous, *i)'
Assertion failed on expression: 'pred(*previous, *i)'
Assertion failed on expression: 'pred(*previous, *i)'
Assertion failed on expression: 'pred(*previous, *i)'
Assertion failed on expression: 'pred(*previous, *i)'
Assertion failed on expression: 'pred(*previous, *i)'
Assertion failed on expression: 'pred(*previous, *i)'
Assertion failed on expression: 'pred(*previous, *i)'
Assertion failed on expression: 'pred(*previous, *i)'
Assertion failed on expression: 'pred(*previous, *i)'
Assertion failed on expression: 'pred(*previous, *i)'
Assertion failed on expression: 'pred(*previous, *i)'
Assertion failed on expression: 'pred(*previous, *i)'
Assertion failed on expression: 'pred(*previous, *i)'
Assertion failed on expression: 'pred(*previous, *i)'
Assertion failed on expression: 'pred(*previous, *i)'
Assertion failed on expression: 'pred(*previous, *i)'
Assertion failed on expression: 'pred(*previous, *i)'
Assertion failed on expression: 'pred(*previous, *i)'
Assertion failed on expression: 'pred(*previous, *i)'
Assertion failed on expression: 'pred(*previous, *i)'
Assertion failed on expression: 'pred(*previous, *i)'
Assertion failed on expression: 'pred(*previous, *i)'
Assertion failed on expression: 'pred(*previous, *i)'
Assertion failed on expression: 'pred(*previous, *i)'
Assertion failed on expression: 'pred(*previous, *i)'
Assertion failed on expression: 'pred(*previous, *i)'
Assertion failed on expression: 'pred(*previous, *i)'
Assertion failed on expression: 'pred(*previous, *i)'
Assertion failed on expression: 'pred(*previous, *i)'
Assertion failed on expression: 'pred(*previous, *i)'
Assertion failed on expression: 'pred(*previous, *i)'
Assertion failed on expression: 'pred(*previous, *i)'
Assertion failed on expression: 'pred(*previous, *i)'
Assertion failed on expression: 'pred(*previous, *i)'
Assertion failed on expression: 'pred(*previous, *i)'
Assertion failed on expression: 'pred(*previous, *i)'
Assertion failed on expression: 'pred(*previous, *i)'
Assertion failed on expression: 'pred(*previous, *i)'
Assertion failed on expression: 'pred(*previous, *i)'
Assertion failed on expression: 'pred(*previous, *i)'
Assertion failed on expression: 'pred(*previous, *i)'
Assertion failed on expression: 'pred(*previous, *i)'
Assertion failed on expression: 'pred(*previous, *i)'
Assertion failed on expression: 'pred(*previous, *i)'
Assertion failed on expression: 'pred(*previous, *i)'
Assertion failed on expression: 'pred(*previous, *i)'
Assertion failed on expression: 'pred(*previous, *i)'
Assertion failed on expression: 'pred(*previous, *i)'
Assertion failed on expression: 'pred(*previous, *i)'
Assertion failed on expression: 'pred(*previous, *i)'
Assertion failed on expression: 'pred(*previous, *i)'
Assertion failed on expression: 'pred(*previous, *i)'
Assertion failed on expression: 'pred(*previous, *i)'
Assertion failed on expression: 'pred(*previous, *i)'
Assertion failed on expression: 'pred(*previous, *i)'
Assertion failed on expression: 'pred(*previous, *i)'
Assertion failed on expression: 'pred(*previous, *i)'
Assertion failed on expression: 'pred(*previous, *i)'
Assertion failed on expression: 'pred(*previous, *i)'
Assertion failed on expression: 'pred(*previous, *i)'
Assertion failed on expression: 'pred(*previous, *i)'
Assertion failed on expression: 'pred(*previous, *i)'
Assertion failed on expression: 'pred(*previous, *i)'
Assertion failed on expression: 'pred(*previous, *i)'
Assertion failed on expression: 'pred(*previous, *i)'
Assertion failed on expression: 'pred(*previous, *i)'
Assertion failed on expression: 'pred(*previous, *i)'
Assertion failed on expression: 'pred(*previous, *i)'
Assertion failed on expression: 'pred(*previous, *i)'
Assertion failed on expression: 'pred(*previous, *i)'
Assertion failed on expression: 'pred(*previous, *i)'
Assertion failed on expression: 'pred(*previous, *i)'
Assertion failed on expression: 'pred(*previous, *i)'
Assertion failed on expression: 'pred(*previous, *i)'
Assertion failed on expression: 'pred(*previous, *i)'
Assertion failed on expression: 'pred(*previous, *i)'
Assertion failed on expression: 'pred(*previous, *i)'
Assertion failed on expression: 'pred(*previous, *i)'
Assertion failed on expression: 'pred(*previous, *i)'
Assertion failed on expression: 'pred(*previous, *i)'
Assertion failed on expression: 'pred(*previous, *i)'
Assertion failed on expression: 'pred(*previous, *i)'
Assertion failed on expression: 'pred(*previous, *i)'
Assertion failed on expression: 'pred(*previous, *i)'
Assertion failed on expression: 'pred(*previous, *i)'
Assertion failed on expression: 'pred(*previous, *i)'
Assertion failed on expression: 'pred(*previous, *i)'
Assertion failed on expression: 'pred(*previous, *i)'
Assertion failed on expression: 'pred(*previous, *i)'
Assertion failed on expression: 'pred(*previous, *i)'
Assertion failed on expression: 'pred(*previous, *i)'
Assertion failed on expression: 'pred(*previous, *i)'
Assertion failed on expression: 'pred(*previous, *i)'
Assertion failed on expression: 'pred(*previous, *i)'
Assertion failed on expression: 'pred(*previous, *i)'
Assertion failed on expression: 'pred(*previous, *i)'
Assertion failed on expression: 'pred(*previous, *i)'
Assertion failed on expression: 'pred(*previous, *i)'
Assertion failed on expression: 'pred(*previous, *i)'
Assertion failed on expression: 'pred(*previous, *i)'
Assertion failed on expression: 'pred(*previous, *i)'
Assertion failed on expression: 'pred(*previous, *i)'
Assertion failed on expression: 'pred(*previous, *i)'
Assertion failed on expression: 'pred(*previous, *i)'
Assertion failed on expression: 'pred(*previous, *i)'
Assertion failed on expression: 'pred(*previous, *i)'
Assertion failed on expression: 'pred(*previous, *i)'
Assertion failed on expression: 'pred(*previous, *i)'
Assertion failed on expression: 'pred(*previous, *i)'
Assertion failed on expression: 'pred(*previous, *i)'
Assertion failed on expression: 'pred(*previous, *i)'
Assertion failed on expression: 'pred(*previous, *i)'
Assertion failed on expression: 'pred(*previous, *i)'
Assertion failed on expression: 'pred(*previous, *i)'
Assertion failed on expression: 'pred(*previous, *i)'
Assertion failed on expression: 'pred(*previous, *i)'
Assertion failed on expression: 'pred(*previous, *i)'
Assertion failed on expression: 'pred(*previous, *i)'
Assertion failed on expression: 'pred(*previous, *i)'
Assertion failed on expression: 'pred(*previous, *i)'
Assertion failed on expression: 'pred(*previous, *i)'
Assertion failed on expression: 'pred(*previous, *i)'
Assertion failed on expression: 'pred(*previous, *i)'
Assertion failed on expression: 'pred(*previous, *i)'
Assertion failed on expression: 'pred(*previous, *i)'
Assertion failed on expression: 'pred(*previous, *i)'
Assertion failed on expression: 'pred(*previous, *i)'
Assertion failed on expression: 'pred(*previous, *i)'
Assertion failed on expression: 'pred(*previous, *i)'
Assertion failed on expression: 'pred(*previous, *i)'
Assertion failed on expression: 'pred(*previous, *i)'
Assertion failed on expression: 'pred(*previous, *i)'
Assertion failed on expression: 'pred(*previous, *i)'
Assertion failed on expression: 'pred(*previous, *i)'
Assertion failed on expression: 'pred(*previous, *i)'
Assertion failed on expression: 'pred(*previous, *i)'
Assertion failed on expression: 'pred(*previous, *i)'
Assertion failed on expression: 'pred(*previous, *i)'
Assertion failed on expression: 'pred(*previous, *i)'
Assertion failed on expression: 'pred(*previous, *i)'
Assertion failed on expression: 'pred(*previous, *i)'
Assertion failed on expression: 'pred(*previous, *i)'
Assertion failed on expression: 'pred(*previous, *i)'
Assertion failed on expression: 'pred(*previous, *i)'
Assertion failed on expression: 'pred(*previous, *i)'
Assertion failed on expression: 'pred(*previous, *i)'
Assertion failed on expression: 'pred(*previous, *i)'
Assertion failed on expression: 'pred(*previous, *i)'
Assertion failed on expression: 'pred(*previous, *i)'
Assertion failed on expression: 'pred(*previous, *i)'
Assertion failed on expression: 'pred(*previous, *i)'
Assertion failed on expression: 'pred(*previous, *i)'
Assertion failed on expression: 'pred(*previous, *i)'
Assertion failed on expression: 'pred(*previous, *i)'
Assertion failed on expression: 'pred(*previous, *i)'
Assertion failed on expression: 'pred(*previous, *i)'
Assertion failed on expression: 'pred(*previous, *i)'
Assertion failed on expression: 'pred(*previous, *i)'
Assertion failed on expression: 'pred(*previous, *i)'
Assertion failed on expression: 'pred(*previous, *i)'
Assertion failed on expression: 'pred(*previous, *i)'
Assertion failed on expression: 'pred(*previous, *i)'
Assertion failed on expression: 'pred(*previous, *i)'
Assertion failed on expression: 'pred(*previous, *i)'
Assertion failed on expression: 'pred(*previous, *i)'
Assertion failed on expression: 'pred(*previous, *i)'
Assertion failed on expression: 'pred(*previous, *i)'
Assertion failed on expression: 'pred(*previous, *i)'
Assertion failed on expression: 'pred(*previous, *i)'
Assertion failed on expression: 'pred(*previous, *i)'
Assertion failed on expression: 'pred(*previous, *i)'
Assertion failed on expression: 'pred(*previous, *i)'
Assertion failed on expression: 'pred(*previous, *i)'
Assertion failed on expression: 'pred(*previous, *i)'
Assertion failed on expression: 'pred(*previous, *i)'
Assertion failed on expression: 'pred(*previous, *i)'
Assertion failed on expression: 'pred(*previous, *i)'
Assertion failed on expression: 'pred(*previous, *i)'
Assertion failed on expression: 'pred(*previous, *i)'
Assertion failed on expression: 'pred(*previous, *i)'
Assertion failed on expression: 'pred(*previous, *i)'
Assertion failed on expression: 'pred(*previous, *i)'
Assertion failed on expression: 'pred(*previous, *i)'
Assertion failed on expression: 'pred(*previous, *i)'
Assertion failed on expression: 'pred(*previous, *i)'
Assertion failed on expression: 'pred(*previous, *i)'
Assertion failed on expression: 'pred(*previous, *i)'
Assertion failed on expression: 'pred(*previous, *i)'
Assertion failed on expression: 'pred(*previous, *i)'
Assertion failed on expression: 'pred(*previous, *i)'
Assertion failed on expression: 'pred(*previous, *i)'
Assertion failed on expression: 'pred(*previous, *i)'
Assertion failed on expression: 'pred(*previous, *i)'
Assertion failed on expression: 'pred(*previous, *i)'
Assertion failed on expression: 'pred(*previous, *i)'
Assertion failed on expression: 'pred(*previous, *i)'
Assertion failed on expression: 'pred(*previous, *i)'
Assertion failed on expression: 'pred(*previous, *i)'
Assertion failed on expression: 'pred(*previous, *i)'
Assertion failed on expression: 'pred(*previous, *i)'
Assertion failed on expression: 'pred(*previous, *i)'
Assertion failed on expression: 'pred(*previous, *i)'
Assertion failed on expression: 'pred(*previous, *i)'
Assertion failed on expression: 'pred(*previous, *i)'
Assertion failed on expression: 'pred(*previous, *i)'
Assertion failed on expression: 'pred(*previous, *i)'
Assertion failed on expression: 'pred(*previous, *i)'
Assertion failed on expression: 'pred(*previous, *i)'
Assertion failed on expression: 'pred(*previous, *i)'
Assertion failed on expression: 'pred(*previous, *i)'
Assertion failed on expression: 'pred(*previous, *i)'
Assertion failed on expression: 'pred(*previous, *i)'
Assertion failed on expression: 'pred(*previous, *i)'
Assertion failed on expression: 'pred(*previous, *i)'
Assertion failed on expression: 'pred(*previous, *i)'
Assertion failed on expression: 'pred(*previous, *i)'
Assertion failed on expression: 'pred(*previous, *i)'
Assertion failed on expression: 'pred(*previous, *i)'
Assertion failed on expression: 'pred(*previous, *i)'
Assertion failed on expression: 'pred(*previous, *i)'
Assertion failed on expression: 'pred(*previous, *i)'
Assertion failed on expression: 'pred(*previous, *i)'
Assertion failed on expression: 'pred(*previous, *i)'
Assertion failed on expression: 'pred(*previous, *i)'
Assertion failed on expression: 'pred(*previous, *i)'
Assertion failed on expression: 'pred(*previous, *i)'
Assertion failed on expression: 'pred(*previous, *i)'
Assertion failed on expression: 'pred(*previous, *i)'
Assertion failed on expression: 'pred(*previous, *i)'
Assertion failed on expression: 'pred(*previous, *i)'
Assertion failed on expression: 'pred(*previous, *i)'
Assertion failed on expression: 'pred(*previous, *i)'
Assertion failed on expression: 'pred(*previous, *i)'
Assertion failed on expression: 'pred(*previous, *i)'
Assertion failed on expression: 'pred(*previous, *i)'
Assertion failed on expression: 'pred(*previous, *i)'
Assertion failed on expression: 'pred(*previous, *i)'
Assertion failed on expression: 'pred(*previous, *i)'
Assertion failed on expression: 'pred(*previous, *i)'
Assertion failed on expression: 'pred(*previous, *i)'
Assertion failed on expression: 'pred(*previous, *i)'
Assertion failed on expression: 'pred(*previous, *i)'
Assertion failed on expression: 'pred(*previous, *i)'
Assertion failed on expression: 'pred(*previous, *i)'
Assertion failed on expression: 'pred(*previous, *i)'
Assertion failed on expression: 'pred(*previous, *i)'
Assertion failed on expression: 'pred(*previous, *i)'
Assertion failed on expression: 'pred(*previous, *i)'
Assertion failed on expression: 'pred(*previous, *i)'
Assertion failed on expression: 'pred(*previous, *i)'
Assertion failed on expression: 'pred(*previous, *i)'
Assertion failed on expression: 'pred(*previous, *i)'
Assertion failed on expression: 'pred(*previous, *i)'
Assertion failed on expression: 'pred(*previous, *i)'
Assertion failed on expression: 'pred(*previous, *i)'
Assertion failed on expression: 'pred(*previous, *i)'
Assertion failed on expression: 'pred(*previous, *i)'
Assertion failed on expression: 'pred(*previous, *i)'
Assertion failed on expression: 'pred(*previous, *i)'
Assertion failed on expression: 'pred(*previous, *i)'
Assertion failed on expression: 'pred(*previous, *i)'
Assertion failed on expression: 'pred(*previous, *i)'
Assertion failed on expression: 'pred(*previous, *i)'
Assertion failed on expression: 'pred(*previous, *i)'
Assertion failed on expression: 'pred(*previous, *i)'
Assertion failed on expression: 'pred(*previous, *i)'
Assertion failed on expression: 'pred(*previous, *i)'
Assertion failed on expression: 'pred(*previous, *i)'
Assertion failed on expression: 'pred(*previous, *i)'
Assertion failed on expression: 'pred(*previous, *i)'
Assertion failed on expression: 'pred(*previous, *i)'
Assertion failed on expression: 'pred(*previous, *i)'
Assertion failed on expression: 'pred(*previous, *i)'
Assertion failed on expression: 'pred(*previous, *i)'
Assertion failed on expression: 'pred(*previous, *i)'
Assertion failed on expression: 'pred(*previous, *i)'
Assertion failed on expression: 'pred(*previous, *i)'
Assertion failed on expression: 'pred(*previous, *i)'
Assertion failed on expression: 'pred(*previous, *i)'
Assertion failed on expression: 'pred(*previous, *i)'
Assertion failed on expression: 'pred(*previous, *i)'
Assertion failed on expression: 'pred(*previous, *i)'
Assertion failed on expression: 'pred(*previous, *i)'
Assertion failed on expression: 'pred(*previous, *i)'
Assertion failed on expression: 'pred(*previous, *i)'
Assertion failed on expression: 'pred(*previous, *i)'
Assertion failed on expression: 'pred(*previous, *i)'
Assertion failed on expression: 'pred(*previous, *i)'
Assertion failed on expression: 'pred(*previous, *i)'
Assertion failed on expression: 'pred(*previous, *i)'
Assertion failed on expression: 'pred(*previous, *i)'
Assertion failed on expression: 'pred(*previous, *i)'
Assertion failed on expression: 'pred(*previous, *i)'
Assertion failed on expression: 'pred(*previous, *i)'
Assertion failed on expression: 'pred(*previous, *i)'
Assertion failed on expression: 'pred(*previous, *i)'
Assertion failed on expression: 'pred(*previous, *i)'
Assertion failed on expression: 'pred(*previous, *i)'
Assertion failed on expression: 'pred(*previous, *i)'
Assertion failed on expression: 'pred(*previous, *i)'
Assertion failed on expression: 'pred(*previous, *i)'
Assertion failed on expression: 'pred(*previous, *i)'
Assertion failed on expression: 'pred(*previous, *i)'
Assertion failed on expression: 'pred(*previous, *i)'
Assertion failed on expression: 'pred(*previous, *i)'
Assertion failed on expression: 'pred(*previous, *i)'
Assertion failed on expression: 'pred(*previous, *i)'
Assertion failed on expression: 'pred(*previous, *i)'
Assertion failed on expression: 'pred(*previous, *i)'
Assertion failed on expression: 'pred(*previous, *i)'
Assertion failed on expression: 'pred(*previous, *i)'
Assertion failed on expression: 'pred(*previous, *i)'
Assertion failed on expression: 'pred(*previous, *i)'
Assertion failed on expression: 'pred(*previous, *i)'
Assertion failed on expression: 'pred(*previous, *i)'
Assertion failed on expression: 'pred(*previous, *i)'
Assertion failed on expression: 'pred(*previous, *i)'
Assertion failed on expression: 'pred(*previous, *i)'
Assertion failed on expression: 'pred(*previous, *i)'
Assertion failed on expression: 'pred(*previous, *i)'
Assertion failed on expression: 'pred(*previous, *i)'
Assertion failed on expression: 'pred(*previous, *i)'
Assertion failed on expression: 'pred(*previous, *i)'
Assertion failed on expression: 'pred(*previous, *i)'
Assertion failed on expression: 'pred(*previous, *i)'
Assertion failed on expression: 'pred(*previous, *i)'
Assertion failed on expression: 'pred(*previous, *i)'
Assertion failed on expression: 'pred(*previous, *i)'
Assertion failed on expression: 'pred(*previous, *i)'
Assertion failed on expression: 'pred(*previous, *i)'
Assertion failed on expression: 'pred(*previous, *i)'
Assertion failed on expression: 'pred(*previous, *i)'
Assertion failed on expression: 'pred(*previous, *i)'
Assertion failed on expression: 'pred(*previous, *i)'
Assertion failed on expression: 'pred(*previous, *i)'
Assertion failed on expression: 'pred(*previous, *i)'
Assertion failed on expression: 'pred(*previous, *i)'
Assertion failed on expression: 'pred(*previous, *i)'
Assertion failed on expression: 'pred(*previous, *i)'
Assertion failed on expression: 'pred(*previous, *i)'
Assertion failed on expression: 'pred(*previous, *i)'
Assertion failed on expression: 'pred(*previous, *i)'
Assertion failed on expression: 'pred(*previous, *i)'
Assertion failed on expression: 'pred(*previous, *i)'
Assertion failed on expression: 'pred(*previous, *i)'
Assertion failed on expression: 'pred(*previous, *i)'
Assertion failed on expression: 'pred(*previous, *i)'
Assertion failed on expression: 'pred(*previous, *i)'
Assertion failed on expression: 'pred(*previous, *i)'
Assertion failed on expression: 'pred(*previous, *i)'
Assertion failed on expression: 'pred(*previous, *i)'
Assertion failed on expression: 'pred(*previous, *i)'
Assertion failed on expression: 'pred(*previous, *i)'
Assertion failed on expression: 'pred(*previous, *i)'
Assertion failed on expression: 'pred(*previous, *i)'
Assertion failed on expression: 'pred(*previous, *i)'
Assertion failed on expression: 'pred(*previous, *i)'
Assertion failed on expression: 'pred(*previous, *i)'
Assertion failed on expression: 'pred(*previous, *i)'
Assertion failed on expression: 'pred(*previous, *i)'
Assertion failed on expression: 'pred(*previous, *i)'
Assertion failed on expression: 'pred(*previous, *i)'
Assertion failed on expression: 'pred(*previous, *i)'
Assertion failed on expression: 'pred(*previous, *i)'
Assertion failed on expression: 'pred(*previous, *i)'
Assertion failed on expression: 'pred(*previous, *i)'
Assertion failed on expression: 'pred(*previous, *i)'
Assertion failed on expression: 'pred(*previous, *i)'
Assertion failed on expression: 'pred(*previous, *i)'
Assertion failed on expression: 'pred(*previous, *i)'
Assertion failed on expression: 'pred(*previous, *i)'
Assertion failed on expression: 'pred(*previous, *i)'
Assertion failed on expression: 'pred(*previous, *i)'
Assertion failed on expression: 'pred(*previous, *i)'
Assertion failed on expression: 'pred(*previous, *i)'
Assertion failed on expression: 'pred(*previous, *i)'
Assertion failed on expression: 'pred(*previous, *i)'
Assertion failed on expression: 'pred(*previous, *i)'
Assertion failed on expression: 'pred(*previous, *i)'
Assertion failed on expression: 'pred(*previous, *i)'
Assertion failed on expression: 'pred(*previous, *i)'
Assertion failed on expression: 'pred(*previous, *i)'
Assertion failed on expression: 'pred(*previous, *i)'
Assertion failed on expression: 'pred(*previous, *i)'
Assertion failed on expression: 'pred(*previous, *i)'
Assertion failed on expression: 'pred(*previous, *i)'
Assertion failed on expression: 'pred(*previous, *i)'
Assertion failed on expression: 'pred(*previous, *i)'
Assertion failed on expression: 'pred(*previous, *i)'
Assertion failed on expression: 'pred(*previous, *i)'
Assertion failed on expression: 'pred(*previous, *i)'
Assertion failed on expression: 'pred(*previous, *i)'
Assertion failed on expression: 'pred(*previous, *i)'
Assertion failed on expression: 'pred(*previous, *i)'
Assertion failed on expression: 'pred(*previous, *i)'
Assertion failed on expression: 'pred(*previous, *i)'
Assertion failed on expression: 'pred(*previous, *i)'
Assertion failed on expression: 'pred(*previous, *i)'
Assertion failed on expression: 'pred(*previous, *i)'
Assertion failed on expression: 'pred(*previous, *i)'
Assertion failed on expression: 'pred(*previous, *i)'
Assertion failed on expression: 'pred(*previous, *i)'
Assertion failed on expression: 'pred(*previous, *i)'
Assertion failed on expression: 'pred(*previous, *i)'
Assertion failed on expression: 'pred(*previous, *i)'
Assertion failed on expression: 'pred(*previous, *i)'
Assertion failed on expression: 'pred(*previous, *i)'
Assertion failed on expression: 'pred(*previous, *i)'
Assertion failed on expression: 'pred(*previous, *i)'
Assertion failed on expression: 'pred(*previous, *i)'
Assertion failed on expression: 'pred(*previous, *i)'
Assertion failed on expression: 'pred(*previous, *i)'
Assertion failed on expression: 'pred(*previous, *i)'
Assertion failed on expression: 'pred(*previous, *i)'
Assertion failed on expression: 'pred(*previous, *i)'
Assertion failed on expression: 'pred(*previous, *i)'
Assertion failed on expression: 'pred(*previous, *i)'
Assertion failed on expression: 'pred(*previous, *i)'
Assertion failed on expression: 'pred(*previous, *i)'
Assertion failed on expression: 'pred(*previous, *i)'
Assertion failed on expression: 'pred(*previous, *i)'
Assertion failed on expression: 'pred(*previous, *i)'
Assertion failed on expression: 'pred(*previous, *i)'
Assertion failed on expression: 'pred(*previous, *i)'
Assertion failed on expression: 'pred(*previous, *i)'
Assertion failed on expression: 'pred(*previous, *i)'
Assertion failed on expression: 'pred(*previous, *i)'
Assertion failed on expression: 'pred(*previous, *i)'
Assertion failed on expression: 'pred(*previous, *i)'
Assertion failed on expression: 'pred(*previous, *i)'
Assertion failed on expression: 'pred(*previous, *i)'
Assertion failed on expression: 'pred(*previous, *i)'
Assertion failed on expression: 'pred(*previous, *i)'
Assertion failed on expression: 'pred(*previous, *i)'
Assertion failed on expression: 'pred(*previous, *i)'
Assertion failed on expression: 'pred(*previous, *i)'
Assertion failed on expression: 'pred(*previous, *i)'
Assertion failed on expression: 'pred(*previous, *i)'
Assertion failed on expression: 'pred(*previous, *i)'
Assertion failed on expression: 'pred(*previous, *i)'
Assertion failed on expression: 'pred(*previous, *i)'
Assertion failed on expression: 'pred(*previous, *i)'
Assertion failed on expression: 'pred(*previous, *i)'
Assertion failed on expression: 'pred(*previous, *i)'
Assertion failed on expression: 'pred(*previous, *i)'
Assertion failed on expression: 'pred(*previous, *i)'
Assertion failed on expression: 'pred(*previous, *i)'
Assertion failed on expression: 'pred(*previous, *i)'
Assertion failed on expression: 'pred(*previous, *i)'
Assertion failed on expression: 'pred(*previous, *i)'
Assertion failed on expression: 'pred(*previous, *i)'
Assertion failed on expression: 'pred(*previous, *i)'
Assertion failed on expression: 'pred(*previous, *i)'
Assertion failed on expression: 'pred(*previous, *i)'
Assertion failed on expression: 'pred(*previous, *i)'
Assertion failed on expression: 'pred(*previous, *i)'
Assertion failed on expression: 'pred(*previous, *i)'
Assertion failed on expression: 'pred(*previous, *i)'
Assertion failed on expression: 'pred(*previous, *i)'
Assertion failed on expression: 'pred(*previous, *i)'
Assertion failed on expression: 'pred(*previous, *i)'
Assertion failed on expression: 'pred(*previous, *i)'
Assertion failed on expression: 'pred(*previous, *i)'
Assertion failed on expression: 'pred(*previous, *i)'
Assertion failed on expression: 'pred(*previous, *i)'
Assertion failed on expression: 'pred(*previous, *i)'
Assertion failed on expression: 'pred(*previous, *i)'
Assertion failed on expression: 'pred(*previous, *i)'
Assertion failed on expression: 'pred(*previous, *i)'
Assertion failed on expression: 'pred(*previous, *i)'
Assertion failed on expression: 'pred(*previous, *i)'
Assertion failed on expression: 'pred(*previous, *i)'
Assertion failed on expression: 'pred(*previous, *i)'
Assertion failed on expression: 'pred(*previous, *i)'
Assertion failed on expression: 'pred(*previous, *i)'
Assertion failed on expression: 'pred(*previous, *i)'
Assertion failed on expression: 'pred(*previous, *i)'
Assertion failed on expression: 'pred(*previous, *i)'
Assertion failed on expression: 'pred(*previous, *i)'
Assertion failed on expression: 'pred(*previous, *i)'
Assertion failed on expression: 'pred(*previous, *i)'
Assertion failed on expression: 'pred(*previous, *i)'
Assertion failed on expression: 'pred(*previous, *i)'
Assertion failed on expression: 'pred(*previous, *i)'
Assertion failed on expression: 'pred(*previous, *i)'
Assertion failed on expression: 'pred(*previous, *i)'
Assertion failed on expression: 'pred(*previous, *i)'
Assertion failed on expression: 'pred(*previous, *i)'
Assertion failed on expression: 'pred(*previous, *i)'
Assertion failed on expression: 'pred(*previous, *i)'
Assertion failed on expression: 'pred(*previous, *i)'
Assertion failed on expression: 'pred(*previous, *i)'
Assertion failed on expression: 'pred(*previous, *i)'
Assertion failed on expression: 'pred(*previous, *i)'
Assertion failed on expression: 'pred(*previous, *i)'
Assertion failed on expression: 'pred(*previous, *i)'
Assertion failed on expression: 'pred(*previous, *i)'
Assertion failed on expression: 'pred(*previous, *i)'
Assertion failed on expression: 'pred(*previous, *i)'
Assertion failed on expression: 'pred(*previous, *i)'
Assertion failed on expression: 'pred(*previous, *i)'
Assertion failed on expression: 'pred(*previous, *i)'
Assertion failed on expression: 'pred(*previous, *i)'
Assertion failed on expression: 'pred(*previous, *i)'
Assertion failed on expression: 'pred(*previous, *i)'
Assertion failed on expression: 'pred(*previous, *i)'
Assertion failed on expression: 'pred(*previous, *i)'
Assertion failed on expression: 'pred(*previous, *i)'
Assertion failed on expression: 'pred(*previous, *i)'
Assertion failed on expression: 'pred(*previous, *i)'
Assertion failed on expression: 'pred(*previous, *i)'
Assertion failed on expression: 'pred(*previous, *i)'
Assertion failed on expression: 'pred(*previous, *i)'
Assertion failed on expression: 'pred(*previous, *i)'
Assertion failed on expression: 'pred(*previous, *i)'
Assertion failed on expression: 'pred(*previous, *i)'
Assertion failed on expression: 'pred(*previous, *i)'
Assertion failed on expression: 'pred(*previous, *i)'
Assertion failed on expression: 'pred(*previous, *i)'
Assertion failed on expression: 'pred(*previous, *i)'
Assertion failed on expression: 'pred(*previous, *i)'
Assertion failed on expression: 'pred(*previous, *i)'
Assertion failed on expression: 'pred(*previous, *i)'
Assertion failed on expression: 'pred(*previous, *i)'
Assertion failed on expression: 'pred(*previous, *i)'
Assertion failed on expression: 'pred(*previous, *i)'
Assertion failed on expression: 'pred(*previous, *i)'
Assertion failed on expression: 'pred(*previous, *i)'
Assertion failed on expression: 'pred(*previous, *i)'
Assertion failed on expression: 'pred(*previous, *i)'
Assertion failed on expression: 'pred(*previous, *i)'
Assertion failed on expression: 'pred(*previous, *i)'
Assertion failed on expression: 'pred(*previous, *i)'
Assertion failed on expression: 'pred(*previous, *i)'
Assertion failed on expression: 'pred(*previous, *i)'
Assertion failed on expression: 'pred(*previous, *i)'
Assertion failed on expression: 'pred(*previous, *i)'
Assertion failed on expression: 'pred(*previous, *i)'
Assertion failed on expression: 'pred(*previous, *i)'
Assertion failed on expression: 'pred(*previous, *i)'
Assertion failed on expression: 'pred(*previous, *i)'
Assertion failed on expression: 'pred(*previous, *i)'
Assertion failed on expression: 'pred(*previous, *i)'
Assertion failed on expression: 'pred(*previous, *i)'
Assertion failed on expression: 'pred(*previous, *i)'
Assertion failed on expression: 'pred(*previous, *i)'
Assertion failed on expression: 'pred(*previous, *i)'
Assertion failed on expression: 'pred(*previous, *i)'
Assertion failed on expression: 'pred(*previous, *i)'
Assertion failed on expression: 'pred(*previous, *i)'
Assertion failed on expression: 'pred(*previous, *i)'
Assertion failed on expression: 'pred(*previous, *i)'
Assertion failed on expression: 'pred(*previous, *i)'
Assertion failed on expression: 'pred(*previous, *i)'
Assertion failed on expression: 'pred(*previous, *i)'
Assertion failed on expression: 'pred(*previous, *i)'
Assertion failed on expression: 'pred(*previous, *i)'
Assertion failed on expression: 'pred(*previous, *i)'
Assertion failed on expression: 'pred(*previous, *i)'
Assertion failed on expression: 'pred(*previous, *i)'
Assertion failed on expression: 'pred(*previous, *i)'
Assertion failed on expression: 'pred(*previous, *i)'
Assertion failed on expression: 'pred(*previous, *i)'
Assertion failed on expression: 'pred(*previous, *i)'
Assertion failed on expression: 'pred(*previous, *i)'
Assertion failed on expression: 'pred(*previous, *i)'
Assertion failed on expression: 'pred(*previous, *i)'
Assertion failed on expression: 'pred(*previous, *i)'
Assertion failed on expression: 'pred(*previous, *i)'
Assertion failed on expression: 'pred(*previous, *i)'
Assertion failed on expression: 'pred(*previous, *i)'
Assertion failed on expression: 'pred(*previous, *i)'
Assertion failed on expression: 'pred(*previous, *i)'
Assertion failed on expression: 'pred(*previous, *i)'
Assertion failed on expression: 'pred(*previous, *i)'
Assertion failed on expression: 'pred(*previous, *i)'
Assertion failed on expression: 'pred(*previous, *i)'
Assertion failed on expression: 'pred(*previous, *i)'
Assertion failed on expression: 'pred(*previous, *i)'
Assertion failed on expression: 'pred(*previous, *i)'
Assertion failed on expression: 'pred(*previous, *i)'
Assertion failed on expression: 'pred(*previous, *i)'
Assertion failed on expression: 'pred(*previous, *i)'
Assertion failed on expression: 'pred(*previous, *i)'
Assertion failed on expression: 'pred(*previous, *i)'
Assertion failed on expression: 'pred(*previous, *i)'
Assertion failed on expression: 'pred(*previous, *i)'
Assertion failed on expression: 'pred(*previous, *i)'
Assertion failed on expression: 'pred(*previous, *i)'
Assertion failed on expression: 'pred(*previous, *i)'
Assertion failed on expression: 'pred(*previous, *i)'
Assertion failed on expression: 'pred(*previous, *i)'
Assertion failed on expression: 'pred(*previous, *i)'
Assertion failed on expression: 'pred(*previous, *i)'
Assertion failed on expression: 'pred(*previous, *i)'
Assertion failed on expression: 'pred(*previous, *i)'
Assertion failed on expression: 'pred(*previous, *i)'
Assertion failed on expression: 'pred(*previous, *i)'
Assertion failed on expression: 'pred(*previous, *i)'
Assertion failed on expression: 'pred(*previous, *i)'
Assertion failed on expression: 'pred(*previous, *i)'
Assertion failed on expression: 'pred(*previous, *i)'
Assertion failed on expression: 'pred(*previous, *i)'
Assertion failed on expression: 'pred(*previous, *i)'
Assertion failed on expression: 'pred(*previous, *i)'
Assertion failed on expression: 'pred(*previous, *i)'
Assertion failed on expression: 'pred(*previous, *i)'
Assertion failed on expression: 'pred(*previous, *i)'
Assertion failed on expression: 'pred(*previous, *i)'
Assertion failed on expression: 'pred(*previous, *i)'
Assertion failed on expression: 'pred(*previous, *i)'
Assertion failed on expression: 'pred(*previous, *i)'
Assertion failed on expression: 'pred(*previous, *i)'
Assertion failed on expression: 'pred(*previous, *i)'
Assertion failed on expression: 'pred(*previous, *i)'
Assertion failed on expression: 'pred(*previous, *i)'
Assertion failed on expression: 'pred(*previous, *i)'
Assertion failed on expression: 'pred(*previous, *i)'
Assertion failed on expression: 'pred(*previous, *i)'
Assertion failed on expression: 'pred(*previous, *i)'
Assertion failed on expression: 'pred(*previous, *i)'
Assertion failed on expression: 'pred(*previous, *i)'
Assertion failed on expression: 'pred(*previous, *i)'
Assertion failed on expression: 'pred(*previous, *i)'
Assertion failed on expression: 'pred(*previous, *i)'
Assertion failed on expression: 'pred(*previous, *i)'
Assertion failed on expression: 'pred(*previous, *i)'
Assertion failed on expression: 'pred(*previous, *i)'
Assertion failed on expression: 'pred(*previous, *i)'
Assertion failed on expression: 'pred(*previous, *i)'
Assertion failed on expression: 'pred(*previous, *i)'
Assertion failed on expression: 'pred(*previous, *i)'
Assertion failed on expression: 'pred(*previous, *i)'
Assertion failed on expression: 'pred(*previous, *i)'
Assertion failed on expression: 'pred(*previous, *i)'
Assertion failed on expression: 'pred(*previous, *i)'
Assertion failed on expression: 'pred(*previous, *i)'
Assertion failed on expression: 'pred(*previous, *i)'
Assertion failed on expression: 'pred(*previous, *i)'
Assertion failed on expression: 'pred(*previous, *i)'
Assertion failed on expression: 'pred(*previous, *i)'
Assertion failed on expression: 'pred(*previous, *i)'
Assertion failed on expression: 'pred(*previous, *i)'
Assertion failed on expression: 'pred(*previous, *i)'
Assertion failed on expression: 'pred(*previous, *i)'
Assertion failed on expression: 'pred(*previous, *i)'
Assertion failed on expression: 'pred(*previous, *i)'
Assertion failed on expression: 'pred(*previous, *i)'
Assertion failed on expression: 'pred(*previous, *i)'
Assertion failed on expression: 'pred(*previous, *i)'
Assertion failed on expression: 'pred(*previous, *i)'
Assertion failed on expression: 'pred(*previous, *i)'
Assertion failed on expression: 'pred(*previous, *i)'
Assertion failed on expression: 'pred(*previous, *i)'
Assertion failed on expression: 'pred(*previous, *i)'
Assertion failed on expression: 'pred(*previous, *i)'
Assertion failed on expression: 'pred(*previous, *i)'
Assertion failed on expression: 'pred(*previous, *i)'
Assertion failed on expression: 'pred(*previous, *i)'
Assertion failed on expression: 'pred(*previous, *i)'
Assertion failed on expression: 'pred(*previous, *i)'
Assertion failed on expression: 'pred(*previous, *i)'
Assertion failed on expression: 'pred(*previous, *i)'
Assertion failed on expression: 'pred(*previous, *i)'
Assertion failed on expression: 'pred(*previous, *i)'
Assertion failed on expression: 'pred(*previous, *i)'
Assertion failed on expression: 'pred(*previous, *i)'
Assertion failed on expression: 'pred(*previous, *i)'
Assertion failed on expression: 'pred(*previous, *i)'
Assertion failed on expression: 'pred(*previous, *i)'
Assertion failed on expression: 'pred(*previous, *i)'
Assertion failed on expression: 'pred(*previous, *i)'
Assertion failed on expression: 'pred(*previous, *i)'
Assertion failed on expression: 'pred(*previous, *i)'
Assertion failed on expression: 'pred(*previous, *i)'
Assertion failed on expression: 'pred(*previous, *i)'
Assertion failed on expression: 'pred(*previous, *i)'
Assertion failed on expression: 'pred(*previous, *i)'
Assertion failed on expression: 'pred(*previous, *i)'
Assertion failed on expression: 'pred(*previous, *i)'
Assertion failed on expression: 'pred(*previous, *i)'
Assertion failed on expression: 'pred(*previous, *i)'
Assertion failed on expression: 'pred(*previous, *i)'
Assertion failed on expression: 'pred(*previous, *i)'
Assertion failed on expression: 'pred(*previous, *i)'
Assertion failed on expression: 'pred(*previous, *i)'
Assertion failed on expression: 'pred(*previous, *i)'
Assertion failed on expression: 'pred(*previous, *i)'
Assertion failed on expression: 'pred(*previous, *i)'
Assertion failed on expression: 'pred(*previous, *i)'
Assertion failed on expression: 'pred(*previous, *i)'
Assertion failed on expression: 'pred(*previous, *i)'
Assertion failed on expression: 'pred(*previous, *i)'
Assertion failed on expression: 'pred(*previous, *i)'
Assertion failed on expression: 'pred(*previous, *i)'
Assertion failed on expression: 'pred(*previous, *i)'
Assertion failed on expression: 'pred(*previous, *i)'
Assertion failed on expression: 'pred(*previous, *i)'
Assertion failed on expression: 'pred(*previous, *i)'
Assertion failed on expression: 'pred(*previous, *i)'
Assertion failed on expression: 'pred(*previous, *i)'
Assertion failed on expression: 'pred(*previous, *i)'
Assertion failed on expression: 'pred(*previous, *i)'
Assertion failed on expression: 'pred(*previous, *i)'
Assertion failed on expression: 'pred(*previous, *i)'
Assertion failed on expression: 'pred(*previous, *i)'
Assertion failed on expression: 'pred(*previous, *i)'
Assertion failed on expression: 'pred(*previous, *i)'
Assertion failed on expression: 'pred(*previous, *i)'
Assertion failed on expression: 'pred(*previous, *i)'
Assertion failed on expression: 'pred(*previous, *i)'
Assertion failed on expression: 'pred(*previous, *i)'
Assertion failed on expression: 'pred(*previous, *i)'
Assertion failed on expression: 'pred(*previous, *i)'
Assertion failed on expression: 'pred(*previous, *i)'
Assertion failed on expression: 'pred(*previous, *i)'
Assertion failed on expression: 'pred(*previous, *i)'
Assertion failed on expression: 'pred(*previous, *i)'
Assertion failed on expression: 'pred(*previous, *i)'
Assertion failed on expression: 'pred(*previous, *i)'
Assertion failed on expression: 'pred(*previous, *i)'
Assertion failed on expression: 'pred(*previous, *i)'
Assertion failed on expression: 'pred(*previous, *i)'
Assertion failed on expression: 'pred(*previous, *i)'
Assertion failed on expression: 'pred(*previous, *i)'
Assertion failed on expression: 'pred(*previous, *i)'
Assertion failed on expression: 'pred(*previous, *i)'
Assertion failed on expression: 'pred(*previous, *i)'
Assertion failed on expression: 'pred(*previous, *i)'
Assertion failed on expression: 'pred(*previous, *i)'
Assertion failed on expression: 'pred(*previous, *i)'
Assertion failed on expression: 'pred(*previous, *i)'
Assertion failed on expression: 'pred(*previous, *i)'
Assertion failed on expression: 'pred(*previous, *i)'
Assertion failed on expression: 'pred(*previous, *i)'
Assertion failed on expression: 'pred(*previous, *i)'
Assertion failed on expression: 'pred(*previous, *i)'
Assertion failed on expression: 'pred(*previous, *i)'
Assertion failed on expression: 'pred(*previous, *i)'
Assertion failed on expression: 'pred(*previous, *i)'
Assertion failed on expression: 'pred(*previous, *i)'
Assertion failed on expression: 'pred(*previous, *i)'
Assertion failed on expression: 'pred(*previous, *i)'
Assertion failed on expression: 'pred(*previous, *i)'
Assertion failed on expression: 'pred(*previous, *i)'
Assertion failed on expression: 'pred(*previous, *i)'
Assertion failed on expression: 'pred(*previous, *i)'
Assertion failed on expression: 'pred(*previous, *i)'
Assertion failed on expression: 'pred(*previous, *i)'
Assertion failed on expression: 'pred(*previous, *i)'
Assertion failed on expression: 'pred(*previous, *i)'
Assertion failed on expression: 'pred(*previous, *i)'
Assertion failed on expression: 'pred(*previous, *i)'
Assertion failed on expression: 'pred(*previous, *i)'
Assertion failed on expression: 'pred(*previous, *i)'
Assertion failed on expression: 'pred(*previous, *i)'
Assertion failed on expression: 'pred(*previous, *i)'
Assertion failed on expression: 'pred(*previous, *i)'
Assertion failed on expression: 'pred(*previous, *i)'
Assertion failed on expression: 'pred(*previous, *i)'
Assertion failed on expression: 'pred(*previous, *i)'
Assertion failed on expression: 'pred(*previous, *i)'
Assertion failed on expression: 'pred(*previous, *i)'
Assertion failed on expression: 'pred(*previous, *i)'
Assertion failed on expression: 'pred(*previous, *i)'
Assertion failed on expression: 'pred(*previous, *i)'
Assertion failed on expression: 'pred(*previous, *i)'
Assertion failed on expression: 'pred(*previous, *i)'
Assertion failed on expression: 'pred(*previous, *i)'
Assertion failed on expression: 'pred(*previous, *i)'
Assertion failed on expression: 'pred(*previous, *i)'
Assertion failed on expression: 'pred(*previous, *i)'
Assertion failed on expression: 'pred(*previous, *i)'
Assertion failed on expression: 'pred(*previous, *i)'
Assertion failed on expression: 'pred(*previous, *i)'
Assertion failed on expression: 'pred(*previous, *i)'
Assertion failed on expression: 'pred(*previous, *i)'
Assertion failed on expression: 'pred(*previous, *i)'
Assertion failed on expression: 'pred(*previous, *i)'
Assertion failed on expression: 'pred(*previous, *i)'
Assertion failed on expression: 'pred(*previous, *i)'
Assertion failed on expression: 'pred(*previous, *i)'
Assertion failed on expression: 'pred(*previous, *i)'
Assertion failed on expression: 'pred(*previous, *i)'
Assertion failed on expression: 'pred(*previous, *i)'
Assertion failed on expression: 'pred(*previous, *i)'
Assertion failed on expression: 'pred(*previous, *i)'
Assertion failed on expression: 'pred(*previous, *i)'
Assertion failed on expression: 'pred(*previous, *i)'
Assertion failed on expression: 'pred(*previous, *i)'
Assertion failed on expression: 'pred(*previous, *i)'
Assertion failed on expression: 'pred(*previous, *i)'
Assertion failed on expression: 'pred(*previous, *i)'
Assertion failed on expression: 'pred(*previous, *i)'
Assertion failed on expression: 'pred(*previous, *i)'
Assertion failed on expression: 'pred(*previous, *i)'
Assertion failed on expression: 'pred(*previous, *i)'
Assertion failed on expression: 'pred(*previous, *i)'
Assertion failed on expression: 'pred(*previous, *i)'
Assertion failed on expression: 'pred(*previous, *i)'
Assertion failed on expression: 'pred(*previous, *i)'
Assertion failed on expression: 'pred(*previous, *i)'
Assertion failed on expression: 'pred(*previous, *i)'
Assertion failed on expression: 'pred(*previous, *i)'
Assertion failed on expression: 'pred(*previous, *i)'
Assertion failed on expression: 'pred(*previous, *i)'
Assertion failed on expression: 'pred(*previous, *i)'
Assertion failed on expression: 'pred(*previous, *i)'
Assertion failed on expression: 'pred(*previous, *i)'
Assertion failed on expression: 'pred(*previous, *i)'
Assertion failed on expression: 'pred(*previous, *i)'
Assertion failed on expression: 'pred(*previous, *i)'
Assertion failed on expression: 'pred(*previous, *i)'
Assertion failed on expression: 'pred(*previous, *i)'
Assertion failed on expression: 'pred(*previous, *i)'
Assertion failed on expression: 'pred(*previous, *i)'
Assertion failed on expression: 'pred(*previous, *i)'
Assertion failed on expression: 'pred(*previous, *i)'
Assertion failed on expression: 'pred(*previous, *i)'
Assertion failed on expression: 'pred(*previous, *i)'
Assertion failed on expression: 'pred(*previous, *i)'
Assertion failed on expression: 'pred(*previous, *i)'
Assertion failed on expression: 'pred(*previous, *i)'
Assertion failed on expression: 'pred(*previous, *i)'
Assertion failed on expression: 'pred(*previous, *i)'
Assertion failed on expression: 'pred(*previous, *i)'
Assertion failed on expression: 'pred(*previous, *i)'
Assertion failed on expression: 'pred(*previous, *i)'
Assertion failed on expression: 'pred(*previous, *i)'
Assertion failed on expression: 'pred(*previous, *i)'
Assertion failed on expression: 'pred(*previous, *i)'
Assertion failed on expression: 'pred(*previous, *i)'
Assertion failed on expression: 'pred(*previous, *i)'
Assertion failed on expression: 'pred(*previous, *i)'
Assertion failed on expression: 'pred(*previous, *i)'
Assertion failed on expression: 'pred(*previous, *i)'
Assertion failed on expression: 'pred(*previous, *i)'
Assertion failed on expression: 'pred(*previous, *i)'
Assertion failed on expression: 'pred(*previous, *i)'
Assertion failed on expression: 'pred(*previous, *i)'
Assertion failed on expression: 'pred(*previous, *i)'
Assertion failed on expression: 'pred(*previous, *i)'
Assertion failed on expression: 'pred(*previous, *i)'
Assertion failed on expression: 'pred(*previous, *i)'
Assertion failed on expression: 'pred(*previous, *i)'
Assertion failed on expression: 'pred(*previous, *i)'
Assertion failed on expression: 'pred(*previous, *i)'
Assertion failed on expression: 'pred(*previous, *i)'
Assertion failed on expression: 'pred(*previous, *i)'
Assertion failed on expression: 'pred(*previous, *i)'
Assertion failed on expression: 'pred(*previous, *i)'
Assertion failed on expression: 'pred(*previous, *i)'
Assertion failed on expression: 'pred(*previous, *i)'
Assertion failed on expression: 'pred(*previous, *i)'
Assertion failed on expression: 'pred(*previous, *i)'
Assertion failed on expression: 'pred(*previous, *i)'
Assertion failed on expression: 'pred(*previous, *i)'
Assertion failed on expression: 'pred(*previous, *i)'
Assertion failed on expression: 'pred(*previous, *i)'
Assertion failed on expression: 'pred(*previous, *i)'
Assertion failed on expression: 'pred(*previous, *i)'
Assertion failed on expression: 'pred(*previous, *i)'
Assertion failed on expression: 'pred(*previous, *i)'
Assertion failed on expression: 'pred(*previous, *i)'
Assertion failed on expression: 'pred(*previous, *i)'
Assertion failed on expression: 'pred(*previous, *i)'
Assertion failed on expression: 'pred(*previous, *i)'
Assertion failed on expression: 'pred(*previous, *i)'
Assertion failed on expression: 'pred(*previous, *i)'
Assertion failed on expression: 'pred(*previous, *i)'
Assertion failed on expression: 'pred(*previous, *i)'
Assertion failed on expression: 'pred(*previous, *i)'
Assertion failed on expression: 'pred(*previous, *i)'
Assertion failed on expression: 'pred(*previous, *i)'
Assertion failed on expression: 'pred(*previous, *i)'
Assertion failed on expression: 'pred(*previous, *i)'
Assertion failed on expression: 'pred(*previous, *i)'
Assertion failed on expression: 'pred(*previous, *i)'
Assertion failed on expression: 'pred(*previous, *i)'
Assertion failed on expression: 'pred(*previous, *i)'
Assertion failed on expression: 'pred(*previous, *i)'
Assertion failed on expression: 'pred(*previous, *i)'
Assertion failed on expression: 'pred(*previous, *i)'
Assertion failed on expression: 'pred(*previous, *i)'
Assertion failed on expression: 'pred(*previous, *i)'
Assertion failed on expression: 'pred(*previous, *i)'
Assertion failed on expression: 'pred(*previous, *i)'
Assertion failed on expression: 'pred(*previous, *i)'
Assertion failed on expression: 'pred(*previous, *i)'
Assertion failed on expression: 'pred(*previous, *i)'
Assertion failed on expression: 'pred(*previous, *i)'
Assertion failed on expression: 'pred(*previous, *i)'
Assertion failed on expression: 'pred(*previous, *i)'
Assertion failed on expression: 'pred(*previous, *i)'
Assertion failed on expression: 'pred(*previous, *i)'
Assertion failed on expression: 'pred(*previous, *i)'
Assertion failed on expression: 'pred(*previous, *i)'
Assertion failed on expression: 'pred(*previous, *i)'
Assertion failed on expression: 'pred(*previous, *i)'
Assertion failed on expression: 'pred(*previous, *i)'
Assertion failed on expression: 'pred(*previous, *i)'
Assertion failed on expression: 'pred(*previous, *i)'
Assertion failed on expression: 'pred(*previous, *i)'
Assertion failed on expression: 'pred(*previous, *i)'
Assertion failed on expression: 'pred(*previous, *i)'
Assertion failed on expression: 'pred(*previous, *i)'
Assertion failed on expression: 'pred(*previous, *i)'
Assertion failed on expression: 'pred(*previous, *i)'
Assertion failed on expression: 'pred(*previous, *i)'
Assertion failed on expression: 'pred(*previous, *i)'
Assertion failed on expression: 'pred(*previous, *i)'
Assertion failed on expression: 'pred(*previous, *i)'
Assertion failed on expression: 'pred(*previous, *i)'
Assertion failed on expression: 'pred(*previous, *i)'
Assertion failed on expression: 'pred(*previous, *i)'
Assertion failed on expression: 'pred(*previous, *i)'
Assertion failed on expression: 'pred(*previous, *i)'
Assertion failed on expression: 'pred(*previous, *i)'
Assertion failed on expression: 'pred(*previous, *i)'
Assertion failed on expression: 'pred(*previous, *i)'
Assertion failed on expression: 'pred(*previous, *i)'
Assertion failed on expression: 'pred(*previous, *i)'
Assertion failed on expression: 'pred(*previous, *i)'
Assertion failed on expression: 'pred(*previous, *i)'
Assertion failed on expression: 'pred(*previous, *i)'
Assertion failed on expression: 'pred(*previous, *i)'
Assertion failed on expression: 'pred(*previous, *i)'
Assertion failed on expression: 'pred(*previous, *i)'
Assertion failed on expression: 'pred(*previous, *i)'
Assertion failed on expression: 'pred(*previous, *i)'
Assertion failed on expression: 'pred(*previous, *i)'
Assertion failed on expression: 'pred(*previous, *i)'
Assertion failed on expression: 'pred(*previous, *i)'
Assertion failed on expression: 'pred(*previous, *i)'
Assertion failed on expression: 'pred(*previous, *i)'
Assertion failed on expression: 'pred(*previous, *i)'
Assertion failed on expression: 'pred(*previous, *i)'
Assertion failed on expression: 'pred(*previous, *i)'
Assertion failed on expression: 'pred(*previous, *i)'
Assertion failed on expression: 'pred(*previous, *i)'
Assertion failed on expression: 'pred(*previous, *i)'
Assertion failed on expression: 'pred(*previous, *i)'
Assertion failed on expression: 'pred(*previous, *i)'
Assertion failed on expression: 'pred(*previous, *i)'
Assertion failed on expression: 'pred(*previous, *i)'
Assertion failed on expression: 'pred(*previous, *i)'
Assertion failed on expression: 'pred(*previous, *i)'
Assertion failed on expression: 'pred(*previous, *i)'
Assertion failed on expression: 'pred(*previous, *i)'
Assertion failed on expression: 'pred(*previous, *i)'
Assertion failed on expression: 'pred(*previous, *i)'
Assertion failed on expression: 'pred(*previous, *i)'
Assertion failed on expression: 'pred(*previous, *i)'
Assertion failed on expression: 'pred(*previous, *i)'
Assertion failed on expression: 'pred(*previous, *i)'
Assertion failed on expression: 'pred(*previous, *i)'
Assertion failed on expression: 'pred(*previous, *i)'
Assertion failed on expression: 'pred(*previous, *i)'
Assertion failed on expression: 'pred(*previous, *i)'
Assertion failed on expression: 'pred(*previous, *i)'
Assertion failed on expression: 'pred(*previous, *i)'
Assertion failed on expression: 'pred(*previous, *i)'
Assertion failed on expression: 'pred(*previous, *i)'
Assertion failed on expression: 'pred(*previous, *i)'
Assertion failed on expression: 'pred(*previous, *i)'
Assertion failed on expression: 'pred(*previous, *i)'
Assertion failed on expression: 'pred(*previous, *i)'
Assertion failed on expression: 'pred(*previous, *i)'
Assertion failed on expression: 'pred(*previous, *i)'
Assertion failed on expression: 'pred(*previous, *i)'
Assertion failed on expression: 'pred(*previous, *i)'
Assertion failed on expression: 'pred(*previous, *i)'
Assertion failed on expression: 'pred(*previous, *i)'
Assertion failed on expression: 'pred(*previous, *i)'
Assertion failed on expression: 'pred(*previous, *i)'
Assertion failed on expression: 'pred(*previous, *i)'
Assertion failed on expression: 'pred(*previous, *i)'
Assertion failed on expression: 'pred(*previous, *i)'
Assertion failed on expression: 'pred(*previous, *i)'
Assertion failed on expression: 'pred(*previous, *i)'
Assertion failed on expression: 'pred(*previous, *i)'
Assertion failed on expression: 'pred(*previous, *i)'
Assertion failed on expression: 'pred(*previous, *i)'
Assertion failed on expression: 'pred(*previous, *i)'
Assertion failed on expression: 'pred(*previous, *i)'
Assertion failed on expression: 'pred(*previous, *i)'
Assertion failed on expression: 'pred(*previous, *i)'
Assertion failed on expression: 'pred(*previous, *i)'
Assertion failed on expression: 'pred(*previous, *i)'
Assertion failed on expression: 'pred(*previous, *i)'
Assertion failed on expression: 'pred(*previous, *i)'
Assertion failed on expression: 'pred(*previous, *i)'
Assertion failed on expression: 'pred(*previous, *i)'
Assertion failed on expression: 'pred(*previous, *i)'
Assertion failed on expression: 'pred(*previous, *i)'
Assertion failed on expression: 'pred(*previous, *i)'
Assertion failed on expression: 'pred(*previous, *i)'
Assertion failed on expression: 'pred(*previous, *i)'
Assertion failed on expression: 'pred(*previous, *i)'
Assertion failed on expression: 'pred(*previous, *i)'
Assertion failed on expression: 'pred(*previous, *i)'
Assertion failed on expression: 'pred(*previous, *i)'
Assertion failed on expression: 'pred(*previous, *i)'
Assertion failed on expression: 'pred(*previous, *i)'
Assertion failed on expression: 'pred(*previous, *i)'
Assertion failed on expression: 'pred(*previous, *i)'
Assertion failed on expression: 'pred(*previous, *i)'
Assertion failed on expression: 'pred(*previous, *i)'
Assertion failed on expression: 'pred(*previous, *i)'
Assertion failed on expression: 'pred(*previous, *i)'
Assertion failed on expression: 'pred(*previous, *i)'
Assertion failed on expression: 'pred(*previous, *i)'
Assertion failed on expression: 'pred(*previous, *i)'
Assertion failed on expression: 'pred(*previous, *i)'
Assertion failed on expression: 'pred(*previous, *i)'
Assertion failed on expression: 'pred(*previous, *i)'
Assertion failed on expression: 'pred(*previous, *i)'
Assertion failed on expression: 'pred(*previous, *i)'
Assertion failed on expression: 'pred(*previous, *i)'
Assertion failed on expression: 'pred(*previous, *i)'
Assertion failed on expression: 'pred(*previous, *i)'
Assertion failed on expression: 'pred(*previous, *i)'
Assertion failed on expression: 'pred(*previous, *i)'
Assertion failed on expression: 'pred(*previous, *i)'
Assertion failed on expression: 'pred(*previous, *i)'
Assertion failed on expression: 'pred(*previous, *i)'
Assertion failed on expression: 'pred(*previous, *i)'
Assertion failed on expression: 'pred(*previous, *i)'
Assertion failed on expression: 'pred(*previous, *i)'
Assertion failed on expression: 'pred(*previous, *i)'
Assertion failed on expression: 'pred(*previous, *i)'
Assertion failed on expression: 'pred(*previous, *i)'
Assertion failed on expression: 'pred(*previous, *i)'
Assertion failed on expression: 'pred(*previous, *i)'
Assertion failed on expression: 'pred(*previous, *i)'
Assertion failed on expression: 'pred(*previous, *i)'
Assertion failed on expression: 'pred(*previous, *i)'
Assertion failed on expression: 'pred(*previous, *i)'
Assertion failed on expression: 'pred(*previous, *i)'
Assertion failed on expression: 'pred(*previous, *i)'
Assertion failed on expression: 'pred(*previous, *i)'
Assertion failed on expression: 'pred(*previous, *i)'
Assertion failed on expression: 'pred(*previous, *i)'
Assertion failed on expression: 'pred(*previous, *i)'
Assertion failed on expression: 'pred(*previous, *i)'
Assertion failed on expression: 'pred(*previous, *i)'
Assertion failed on expression: 'pred(*previous, *i)'
Assertion failed on expression: 'pred(*previous, *i)'
Assertion failed on expression: 'pred(*previous, *i)'
Assertion failed on expression: 'pred(*previous, *i)'
Assertion failed on expression: 'pred(*previous, *i)'
Assertion failed on expression: 'pred(*previous, *i)'
Assertion failed on expression: 'pred(*previous, *i)'
Assertion failed on expression: 'pred(*previous, *i)'
Assertion failed on expression: 'pred(*previous, *i)'
Assertion failed on expression: 'pred(*previous, *i)'
Assertion failed on expression: 'pred(*previous, *i)'
Assertion failed on expression: 'pred(*previous, *i)'
Assertion failed on expression: 'pred(*previous, *i)'
Assertion failed on expression: 'pred(*previous, *i)'
Assertion failed on expression: 'pred(*previous, *i)'
Assertion failed on expression: 'pred(*previous, *i)'
Assertion failed on expression: 'pred(*previous, *i)'
Assertion failed on expression: 'pred(*previous, *i)'
Assertion failed on expression: 'pred(*previous, *i)'
Assertion failed on expression: 'pred(*previous, *i)'
Assertion failed on expression: 'pred(*previous, *i)'
Assertion failed on expression: 'pred(*previous, *i)'
Assertion failed on expression: 'pred(*previous, *i)'
Assertion failed on expression: 'pred(*previous, *i)'
Assertion failed on expression: 'pred(*previous, *i)'
Assertion failed on expression: 'pred(*previous, *i)'
Assertion failed on expression: 'pred(*previous, *i)'
Assertion failed on expression: 'pred(*previous, *i)'
Assertion failed on expression: 'pred(*previous, *i)'
Assertion failed on expression: 'pred(*previous, *i)'
Assertion failed on expression: 'pred(*previous, *i)'
Assertion failed on expression: 'pred(*previous, *i)'
Assertion failed on expression: 'pred(*previous, *i)'
Assertion failed on expression: 'pred(*previous, *i)'
Assertion failed on expression: 'pred(*previous, *i)'
Assertion failed on expression: 'pred(*previous, *i)'
Assertion failed on expression: 'pred(*previous, *i)'
Assertion failed on expression: 'pred(*previous, *i)'
Assertion failed on expression: 'pred(*previous, *i)'
Assertion failed on expression: 'pred(*previous, *i)'
Assertion failed on expression: 'pred(*previous, *i)'
Assertion failed on expression: 'pred(*previous, *i)'
Assertion failed on expression: 'pred(*previous, *i)'
Assertion failed on expression: 'pred(*previous, *i)'
Assertion failed on expression: 'pred(*previous, *i)'
Assertion failed on expression: 'pred(*previous, *i)'
Assertion failed on expression: 'pred(*previous, *i)'
Assertion failed on expression: 'pred(*previous, *i)'
Assertion failed on expression: 'pred(*previous, *i)'
Assertion failed on expression: 'pred(*previous, *i)'
Assertion failed on expression: 'pred(*previous, *i)'
Assertion failed on expression: 'pred(*previous, *i)'
Assertion failed on expression: 'pred(*previous, *i)'
Assertion failed on expression: 'pred(*previous, *i)'
Assertion failed on expression: 'pred(*previous, *i)'
Assertion failed on expression: 'pred(*previous, *i)'
Assertion failed on expression: 'pred(*previous, *i)'
Assertion failed on expression: 'pred(*previous, *i)'
Assertion failed on expression: 'pred(*previous, *i)'
Assertion failed on expression: 'pred(*previous, *i)'
Assertion failed on expression: 'pred(*previous, *i)'
Assertion failed on expression: 'pred(*previous, *i)'
Assertion failed on expression: 'pred(*previous, *i)'
Assertion failed on expression: 'pred(*previous, *i)'
Assertion failed on expression: 'pred(*previous, *i)'
Assertion failed on expression: 'pred(*previous, *i)'
Assertion failed on expression: 'pred(*previous, *i)'
Assertion failed on expression: 'pred(*previous, *i)'
Assertion failed on expression: 'pred(*previous, *i)'
Assertion failed on expression: 'pred(*previous, *i)'
Assertion failed on expression: 'pred(*previous, *i)'
Assertion failed on expression: 'pred(*previous, *i)'
Assertion failed on expression: 'pred(*previous, *i)'
Assertion failed on expression: 'pred(*previous, *i)'
Assertion failed on expression: 'pred(*previous, *i)'
Assertion failed on expression: 'pred(*previous, *i)'
Assertion failed on expression: 'pred(*previous, *i)'
Assertion failed on expression: 'pred(*previous, *i)'
Assertion failed on expression: 'pred(*previous, *i)'
Assertion failed on expression: 'pred(*previous, *i)'
Assertion failed on expression: 'pred(*previous, *i)'
Assertion failed on expression: 'pred(*previous, *i)'
Assertion failed on expression: 'pred(*previous, *i)'
Assertion failed on expression: 'pred(*previous, *i)'
Assertion failed on expression: 'pred(*previous, *i)'
Assertion failed on expression: 'pred(*previous, *i)'
Assertion failed on expression: 'pred(*previous, *i)'
Assertion failed on expression: 'pred(*previous, *i)'
Assertion failed on expression: 'pred(*previous, *i)'
Assertion failed on expression: 'pred(*previous, *i)'
Assertion failed on expression: 'pred(*previous, *i)'
Assertion failed on expression: 'pred(*previous, *i)'
Assertion failed on expression: 'pred(*previous, *i)'
Assertion failed on expression: 'pred(*previous, *i)'
Assertion failed on expression: 'pred(*previous, *i)'
Assertion failed on expression: 'pred(*previous, *i)'
Assertion failed on expression: 'pred(*previous, *i)'
Assertion failed on expression: 'pred(*previous, *i)'
Assertion failed on expression: 'pred(*previous, *i)'
Assertion failed on expression: 'pred(*previous, *i)'
Assertion failed on expression: 'pred(*previous, *i)'
Assertion failed on expression: 'pred(*previous, *i)'
Assertion failed on expression: 'pred(*previous, *i)'
Assertion failed on expression: 'pred(*previous, *i)'
Assertion failed on expression: 'pred(*previous, *i)'
Assertion failed on expression: 'pred(*previous, *i)'
Assertion failed on expression: 'pred(*previous, *i)'
Assertion failed on expression: 'pred(*previous, *i)'
Assertion failed on expression: 'pred(*previous, *i)'
Assertion failed on expression: 'pred(*previous, *i)'
Assertion failed on expression: 'pred(*previous, *i)'
Assertion failed on expression: 'pred(*previous, *i)'
Assertion failed on expression: 'pred(*previous, *i)'
Assertion failed on expression: 'pred(*previous, *i)'
Assertion failed on expression: 'pred(*previous, *i)'
Assertion failed on expression: 'pred(*previous, *i)'
Assertion failed on expression: 'pred(*previous, *i)'
Assertion failed on expression: 'pred(*previous, *i)'
Assertion failed on expression: 'pred(*previous, *i)'
Assertion failed on expression: 'pred(*previous, *i)'
Assertion failed on expression: 'pred(*previous, *i)'
Assertion failed on expression: 'pred(*previous, *i)'
Assertion failed on expression: 'pred(*previous, *i)'
Assertion failed on expression: 'pred(*previous, *i)'
Assertion failed on expression: 'pred(*previous, *i)'
Assertion failed on expression: 'pred(*previous, *i)'
Assertion failed on expression: 'pred(*previous, *i)'
Assertion failed on expression: 'pred(*previous, *i)'
Assertion failed on expression: 'pred(*previous, *i)'
Assertion failed on expression: 'pred(*previous, *i)'
Assertion failed on expression: 'pred(*previous, *i)'
Assertion failed on expression: 'pred(*previous, *i)'
Assertion failed on expression: 'pred(*previous, *i)'
Assertion failed on expression: 'pred(*previous, *i)'
Assertion failed on expression: 'pred(*previous, *i)'
Assertion failed on expression: 'pred(*previous, *i)'
Assertion failed on expression: 'pred(*previous, *i)'
Assertion failed on expression: 'pred(*previous, *i)'
Assertion failed on expression: 'pred(*previous, *i)'
Assertion failed on expression: 'pred(*previous, *i)'
Assertion failed on expression: 'pred(*previous, *i)'
Assertion failed on expression: 'pred(*previous, *i)'
Assertion failed on expression: 'pred(*previous, *i)'
Assertion failed on expression: 'pred(*previous, *i)'
Assertion failed on expression: 'pred(*previous, *i)'
Assertion failed on expression: 'pred(*previous, *i)'
Assertion failed on expression: 'pred(*previous, *i)'
Assertion failed on expression: 'pred(*previous, *i)'
Assertion failed on expression: 'pred(*previous, *i)'
Assertion failed on expression: 'pred(*previous, *i)'
Assertion failed on expression: 'pred(*previous, *i)'
Assertion failed on expression: 'pred(*previous, *i)'
Assertion failed on expression: 'pred(*previous, *i)'
Assertion failed on expression: 'pred(*previous, *i)'
Assertion failed on expression: 'pred(*previous, *i)'
Assertion failed on expression: 'pred(*previous, *i)'
Assertion failed on expression: 'pred(*previous, *i)'
Assertion failed on expression: 'pred(*previous, *i)'
Assertion failed on expression: 'pred(*previous, *i)'
Assertion failed on expression: 'pred(*previous, *i)'
Assertion failed on expression: 'pred(*previous, *i)'
Assertion failed on expression: 'pred(*previous, *i)'
Assertion failed on expression: 'pred(*previous, *i)'
Assertion failed on expression: 'pred(*previous, *i)'
Assertion failed on expression: 'pred(*previous, *i)'
Assertion failed on expression: 'pred(*previous, *i)'
Assertion failed on expression: 'pred(*previous, *i)'
Assertion failed on expression: 'pred(*previous, *i)'
Assertion failed on expression: 'pred(*previous, *i)'
Assertion failed on expression: 'pred(*previous, *i)'
Assertion failed on expression: 'pred(*previous, *i)'
Assertion failed on expression: 'pred(*previous, *i)'
Assertion failed on expression: 'pred(*previous, *i)'
Assertion failed on expression: 'pred(*previous, *i)'
Assertion failed on expression: 'pred(*previous, *i)'
Assertion failed on expression: 'pred(*previous, *i)'
Assertion failed on expression: 'pred(*previous, *i)'
Assertion failed on expression: 'pred(*previous, *i)'
Assertion failed on expression: 'pred(*previous, *i)'
Assertion failed on expression: 'pred(*previous, *i)'
Assertion failed on expression: 'pred(*previous, *i)'
Assertion failed on expression: 'pred(*previous, *i)'
Assertion failed on expression: 'pred(*previous, *i)'
Assertion failed on expression: 'pred(*previous, *i)'
Assertion failed on expression: 'pred(*previous, *i)'
Assertion failed on expression: 'pred(*previous, *i)'
Assertion failed on expression: 'pred(*previous, *i)'
Assertion failed on expression: 'pred(*previous, *i)'
Assertion failed on expression: 'pred(*previous, *i)'
Assertion failed on expression: 'pred(*previous, *i)'
Assertion failed on expression: 'pred(*previous, *i)'
Assertion failed on expression: 'pred(*previous, *i)'
Assertion failed on expression: 'pred(*previous, *i)'
Assertion failed on expression: 'pred(*previous, *i)'
Assertion failed on expression: 'pred(*previous, *i)'
Assertion failed on expression: 'pred(*previous, *i)'
Assertion failed on expression: 'pred(*previous, *i)'
Assertion failed on expression: 'pred(*previous, *i)'
Assertion failed on expression: 'pred(*previous, *i)'
Assertion failed on expression: 'pred(*previous, *i)'
Assertion failed on expression: 'pred(*previous, *i)'
Assertion failed on expression: 'pred(*previous, *i)'
Assertion failed on expression: 'pred(*previous, *i)'
Assertion failed on expression: 'pred(*previous, *i)'
Assertion failed on expression: 'pred(*previous, *i)'
Assertion failed on expression: 'pred(*previous, *i)'
Assertion failed on expression: 'pred(*previous, *i)'
Assertion failed on expression: 'pred(*previous, *i)'
Assertion failed on expression: 'pred(*previous, *i)'
Assertion failed on expression: 'pred(*previous, *i)'
Assertion failed on expression: 'pred(*previous, *i)'
Assertion failed on expression: 'pred(*previous, *i)'
Assertion failed on expression: 'pred(*previous, *i)'
Assertion failed on expression: 'pred(*previous, *i)'
Assertion failed on expression: 'pred(*previous, *i)'
Assertion failed on expression: 'pred(*previous, *i)'
Assertion failed on expression: 'pred(*previous, *i)'
Assertion failed on expression: 'pred(*previous, *i)'
Assertion failed on expression: 'pred(*previous, *i)'
Assertion failed on expression: 'pred(*previous, *i)'
Assertion failed on expression: 'pred(*previous, *i)'
Assertion failed on expression: 'pred(*previous, *i)'
Assertion failed on expression: 'pred(*previous, *i)'
Assertion failed on expression: 'pred(*previous, *i)'
Assertion failed on expression: 'pred(*previous, *i)'
Assertion failed on expression: 'pred(*previous, *i)'
Assertion failed on expression: 'pred(*previous, *i)'
Assertion failed on expression: 'pred(*previous, *i)'
Assertion failed on expression: 'pred(*previous, *i)'
Assertion failed on expression: 'pred(*previous, *i)'
Assertion failed on expression: 'pred(*previous, *i)'
Assertion failed on expression: 'pred(*previous, *i)'
Assertion failed on expression: 'pred(*previous, *i)'
Assertion failed on expression: 'pred(*previous, *i)'
Assertion failed on expression: 'pred(*previous, *i)'
Assertion failed on expression: 'pred(*previous, *i)'
Assertion failed on expression: 'pred(*previous, *i)'
Assertion failed on expression: 'pred(*previous, *i)'
Assertion failed on expression: 'pred(*previous, *i)'
Assertion failed on expression: 'pred(*previous, *i)'
Assertion failed on expression: 'pred(*previous, *i)'
Assertion failed on expression: 'pred(*previous, *i)'
Assertion failed on expression: 'pred(*previous, *i)'
Assertion failed on expression: 'pred(*previous, *i)'
Assertion failed on expression: 'pred(*previous, *i)'
Assertion failed on expression: 'pred(*previous, *i)'
Assertion failed on expression: 'pred(*previous, *i)'
Assertion failed on expression: 'pred(*previous, *i)'
Assertion failed on expression: 'pred(*previous, *i)'
Assertion failed on expression: 'pred(*previous, *i)'
Assertion failed on expression: 'pred(*previous, *i)'
Assertion failed on expression: 'pred(*previous, *i)'
Assertion failed on expression: 'pred(*previous, *i)'
Assertion failed on expression: 'pred(*previous, *i)'
Assertion failed on expression: 'pred(*previous, *i)'
Assertion failed on expression: 'pred(*previous, *i)'
Assertion failed on expression: 'pred(*previous, *i)'
Assertion failed on expression: 'pred(*previous, *i)'
Assertion failed on expression: 'pred(*previous, *i)'
Assertion failed on expression: 'pred(*previous, *i)'
Assertion failed on expression: 'pred(*previous, *i)'
Assertion failed on expression: 'pred(*previous, *i)'
Assertion failed on expression: 'pred(*previous, *i)'
Assertion failed on expression: 'pred(*previous, *i)'
Assertion failed on expression: 'pred(*previous, *i)'
Assertion failed on expression: 'pred(*previous, *i)'
Assertion failed on expression: 'pred(*previous, *i)'
Assertion failed on expression: 'pred(*previous, *i)'
Assertion failed on expression: 'pred(*previous, *i)'
Assertion failed on expression: 'pred(*previous, *i)'
Assertion failed on expression: 'pred(*previous, *i)'
Assertion failed on expression: 'pred(*previous, *i)'
Assertion failed on expression: 'pred(*previous, *i)'
Assertion failed on expression: 'pred(*previous, *i)'
Assertion failed on expression: 'pred(*previous, *i)'
Assertion failed on expression: 'pred(*previous, *i)'
Assertion failed on expression: 'pred(*previous, *i)'
Assertion failed on expression: 'pred(*previous, *i)'
Assertion failed on expression: 'pred(*previous, *i)'
Assertion failed on expression: 'pred(*previous, *i)'
Assertion failed on expression: 'pred(*previous, *i)'
Assertion failed on expression: 'pred(*previous, *i)'
Assertion failed on expression: 'pred(*previous, *i)'
Assertion failed on expression: 'pred(*previous, *i)'
Assertion failed on expression: 'pred(*previous, *i)'
Assertion failed on expression: 'pred(*previous, *i)'
Assertion failed on expression: 'pred(*previous, *i)'
Assertion failed on expression: 'pred(*previous, *i)'
Assertion failed on expression: 'pred(*previous, *i)'
Assertion failed on expression: 'pred(*previous, *i)'
Assertion failed on expression: 'pred(*previous, *i)'
Assertion failed on expression: 'pred(*previous, *i)'
Assertion failed on expression: 'pred(*previous, *i)'
Assertion failed on expression: 'pred(*previous, *i)'
Assertion failed on expression: 'pred(*previous, *i)'
Assertion failed on expression: 'pred(*previous, *i)'
Assertion failed on expression: 'pred(*previous, *i)'
Assertion failed on expression: 'pred(*previous, *i)'
Assertion failed on expression: 'pred(*previous, *i)'
Assertion failed on expression: 'pred(*previous, *i)'
Assertion failed on expression: 'pred(*previous, *i)'
Assertion failed on expression: 'pred(*previous, *i)'
Assertion failed on expression: 'pred(*previous, *i)'
Assertion failed on expression: 'pred(*previous, *i)'
Assertion failed on expression: 'pred(*previous, *i)'
Assertion failed on expression: 'pred(*previous, *i)'
Assertion failed on expression: 'pred(*previous, *i)'
Assertion failed on expression: 'pred(*previous, *i)'
Assertion failed on expression: 'pred(*previous, *i)'
Assertion failed on expression: 'pred(*previous, *i)'
Assertion failed on expression: 'pred(*previous, *i)'
Assertion failed on expression: 'pred(*previous, *i)'
Assertion failed on expression: 'pred(*previous, *i)'
Assertion failed on expression: 'pred(*previous, *i)'
Assertion failed on expression: 'pred(*previous, *i)'
Assertion failed on expression: 'pred(*previous, *i)'
Assertion failed on expression: 'pred(*previous, *i)'
Assertion failed on expression: 'pred(*previous, *i)'
Assertion failed on expression: 'pred(*previous, *i)'
Assertion failed on expression: 'pred(*previous, *i)'
Assertion failed on expression: 'pred(*previous, *i)'
Assertion failed on expression: 'pred(*previous, *i)'
Assertion failed on expression: 'pred(*previous, *i)'
Assertion failed on expression: 'pred(*previous, *i)'
Assertion failed on expression: 'pred(*previous, *i)'
Assertion failed on expression: 'pred(*previous, *i)'
Assertion failed on expression: 'pred(*previous, *i)'
Assertion failed on expression: 'pred(*previous, *i)'
Assertion failed on expression: 'pred(*previous, *i)'
Assertion failed on expression: 'pred(*previous, *i)'
Assertion failed on expression: 'pred(*previous, *i)'
Assertion failed on expression: 'pred(*previous, *i)'
Assertion failed on expression: 'pred(*previous, *i)'
Assertion failed on expression: 'pred(*previous, *i)'
Assertion failed on expression: 'pred(*previous, *i)'
Assertion failed on expression: 'pred(*previous, *i)'
Assertion failed on expression: 'pred(*previous, *i)'
Assertion failed on expression: 'pred(*previous, *i)'
Assertion failed on expression: 'pred(*previous, *i)'
Assertion failed on expression: 'pred(*previous, *i)'
Assertion failed on expression: 'pred(*previous, *i)'
Assertion failed on expression: 'pred(*previous, *i)'
Assertion failed on expression: 'pred(*previous, *i)'
Assertion failed on expression: 'pred(*previous, *i)'
Assertion failed on expression: 'pred(*previous, *i)'
Assertion failed on expression: 'pred(*previous, *i)'
Assertion failed on expression: 'pred(*previous, *i)'
Assertion failed on expression: 'pred(*previous, *i)'
Assertion failed on expression: 'pred(*previous, *i)'
Assertion failed on expression: 'pred(*previous, *i)'
Assertion failed on expression: 'pred(*previous, *i)'
Assertion failed on expression: 'pred(*previous, *i)'
Assertion failed on expression: 'pred(*previous, *i)'
Assertion failed on expression: 'pred(*previous, *i)'
Assertion failed on expression: 'pred(*previous, *i)'
Assertion failed on expression: 'pred(*previous, *i)'
Assertion failed on expression: 'pred(*previous, *i)'
Assertion failed on expression: 'pred(*previous, *i)'
Assertion failed on expression: 'pred(*previous, *i)'
Assertion failed on expression: 'pred(*previous, *i)'
Assertion failed on expression: 'pred(*previous, *i)'
Assertion failed on expression: 'pred(*previous, *i)'
Assertion failed on expression: 'pred(*previous, *i)'
Assertion failed on expression: 'pred(*previous, *i)'
Assertion failed on expression: 'pred(*previous, *i)'
Assertion failed on expression: 'pred(*previous, *i)'
Assertion failed on expression: 'pred(*previous, *i)'
Assertion failed on expression: 'pred(*previous, *i)'
Assertion failed on expression: 'pred(*previous, *i)'
Assertion failed on expression: 'pred(*previous, *i)'
Assertion failed on expression: 'pred(*previous, *i)'
Assertion failed on expression: 'pred(*previous, *i)'
Assertion failed on expression: 'pred(*previous, *i)'
Assertion failed on expression: 'pred(*previous, *i)'
Assertion failed on expression: 'pred(*previous, *i)'
Assertion failed on expression: 'pred(*previous, *i)'
Assertion failed on expression: 'pred(*previous, *i)'
Assertion failed on expression: 'pred(*previous, *i)'
Assertion failed on expression: 'pred(*previous, *i)'
Assertion failed on expression: 'pred(*previous, *i)'
Assertion failed on expression: 'pred(*previous, *i)'
Assertion failed on expression: 'pred(*previous, *i)'
Assertion failed on expression: 'pred(*previous, *i)'
Assertion failed on expression: 'pred(*previous, *i)'
Assertion failed on expression: 'pred(*previous, *i)'
Assertion failed on expression: 'pred(*previous, *i)'
Assertion failed on expression: 'pred(*previous, *i)'
Assertion failed on expression: 'pred(*previous, *i)'
Assertion failed on expression: 'pred(*previous, *i)'
Assertion failed on expression: 'pred(*previous, *i)'
Assertion failed on expression: 'pred(*previous, *i)'
Assertion failed on expression: 'pred(*previous, *i)'
Assertion failed on expression: 'pred(*previous, *i)'
Assertion failed on expression: 'pred(*previous, *i)'
Assertion failed on expression: 'pred(*previous, *i)'
Assertion failed on expression: 'pred(*previous, *i)'
Assertion failed on expression: 'pred(*previous, *i)'
Assertion failed on expression: 'pred(*previous, *i)'
Assertion failed on expression: 'pred(*previous, *i)'
Assertion failed on expression: 'pred(*previous, *i)'
Assertion failed on expression: 'pred(*previous, *i)'
Assertion failed on expression: 'pred(*previous, *i)'
Assertion failed on expression: 'pred(*previous, *i)'
Assertion failed on expression: 'pred(*previous, *i)'
Assertion failed on expression: 'pred(*previous, *i)'
Assertion failed on expression: 'pred(*previous, *i)'
Assertion failed on expression: 'pred(*previous, *i)'
Assertion failed on expression: 'pred(*previous, *i)'
Assertion failed on expression: 'pred(*previous, *i)'
Assertion failed on expression: 'pred(*previous, *i)'
Assertion failed on expression: 'pred(*previous, *i)'
Assertion failed on expression: 'pred(*previous, *i)'
Assertion failed on expression: 'pred(*previous, *i)'
Assertion failed on expression: 'pred(*previous, *i)'
Assertion failed on expression: 'pred(*previous, *i)'
Assertion failed on expression: 'pred(*previous, *i)'
Assertion failed on expression: 'pred(*previous, *i)'
Assertion failed on expression: 'pred(*previous, *i)'
Assertion failed on expression: 'pred(*previous, *i)'
Assertion failed on expression: 'pred(*previous, *i)'
Assertion failed on expression: 'pred(*previous, *i)'
Assertion failed on expression: 'pred(*previous, *i)'
Assertion failed on expression: 'pred(*previous, *i)'
Assertion failed on expression: 'pred(*previous, *i)'
Assertion failed on expression: 'pred(*previous, *i)'
Assertion failed on expression: 'pred(*previous, *i)'
Assertion failed on expression: 'pred(*previous, *i)'
Assertion failed on expression: 'pred(*previous, *i)'
Assertion failed on expression: 'pred(*previous, *i)'
Assertion failed on expression: 'pred(*previous, *i)'
Assertion failed on expression: 'pred(*previous, *i)'
Assertion failed on expression: 'pred(*previous, *i)'
Assertion failed on expression: 'pred(*previous, *i)'
Assertion failed on expression: 'pred(*previous, *i)'
Assertion failed on expression: 'pred(*previous, *i)'
Assertion failed on expression: 'pred(*previous, *i)'
Assertion failed on expression: 'pred(*previous, *i)'
Assertion failed on expression: 'pred(*previous, *i)'
Assertion failed on expression: 'pred(*previous, *i)'
Assertion failed on expression: 'pred(*previous, *i)'
Assertion failed on expression: 'pred(*previous, *i)'
Assertion failed on expression: 'pred(*previous, *i)'
Assertion failed on expression: 'pred(*previous, *i)'
Assertion failed on expression: 'pred(*previous, *i)'
Assertion failed on expression: 'pred(*previous, *i)'
Assertion failed on expression: 'pred(*previous, *i)'
Assertion failed on expression: 'pred(*previous, *i)'
Assertion failed on expression: 'pred(*previous, *i)'
Assertion failed on expression: 'pred(*previous, *i)'
Assertion failed on expression: 'pred(*previous, *i)'
Assertion failed on expression: 'pred(*previous, *i)'
Assertion failed on expression: 'pred(*previous, *i)'
Assertion failed on expression: 'pred(*previous, *i)'
Assertion failed on expression: 'pred(*previous, *i)'
Assertion failed on expression: 'pred(*previous, *i)'
Assertion failed on expression: 'pred(*previous, *i)'
Assertion failed on expression: 'pred(*previous, *i)'
Assertion failed on expression: 'pred(*previous, *i)'
Assertion failed on expression: 'pred(*previous, *i)'
Assertion failed on expression: 'pred(*previous, *i)'
Assertion failed on expression: 'pred(*previous, *i)'
Assertion failed on expression: 'pred(*previous, *i)'
Assertion failed on expression: 'pred(*previous, *i)'
Assertion failed on expression: 'pred(*previous, *i)'
Assertion failed on expression: 'pred(*previous, *i)'
Assertion failed on expression: 'pred(*previous, *i)'
Assertion failed on expression: 'pred(*previous, *i)'
Assertion failed on expression: 'pred(*previous, *i)'
Assertion failed on expression: 'pred(*previous, *i)'
Assertion failed on expression: 'pred(*previous, *i)'
Assertion failed on expression: 'pred(*previous, *i)'
Assertion failed on expression: 'pred(*previous, *i)'
Assertion failed on expression: 'pred(*previous, *i)'
Assertion failed on expression: 'pred(*previous, *i)'
Assertion failed on expression: 'pred(*previous, *i)'
Assertion failed on expression: 'pred(*previous, *i)'
Assertion failed on expression: 'pred(*previous, *i)'
Assertion failed on expression: 'pred(*previous, *i)'
Assertion failed on expression: 'pred(*previous, *i)'
Assertion failed on expression: 'pred(*previous, *i)'
Assertion failed on expression: 'pred(*previous, *i)'
Assertion failed on expression: 'pred(*previous, *i)'
Assertion failed on expression: 'pred(*previous, *i)'
Assertion failed on expression: 'pred(*previous, *i)'
Assertion failed on expression: 'pred(*previous, *i)'
Assertion failed on expression: 'pred(*previous, *i)'
Assertion failed on expression: 'pred(*previous, *i)'
Assertion failed on expression: 'pred(*previous, *i)'
Assertion failed on expression: 'pred(*previous, *i)'
Assertion failed on expression: 'pred(*previous, *i)'
Assertion failed on expression: 'pred(*previous, *i)'
Assertion failed on expression: 'pred(*previous, *i)'
Assertion failed on expression: 'pred(*previous, *i)'
Assertion failed on expression: 'pred(*previous, *i)'
Assertion failed on expression: 'pred(*previous, *i)'
Assertion failed on expression: 'pred(*previous, *i)'
Assertion failed on expression: 'pred(*previous, *i)'
Assertion failed on expression: 'pred(*previous, *i)'
Assertion failed on expression: 'pred(*previous, *i)'
Assertion failed on expression: 'pred(*previous, *i)'
Assertion failed on expression: 'pred(*previous, *i)'
Assertion failed on expression: 'pred(*previous, *i)'
Assertion failed on expression: 'pred(*previous, *i)'
Assertion failed on expression: 'pred(*previous, *i)'
Assertion failed on expression: 'pred(*previous, *i)'
Assertion failed on expression: 'pred(*previous, *i)'
Assertion failed on expression: 'pred(*previous, *i)'
Assertion failed on expression: 'pred(*previous, *i)'
Assertion failed on expression: 'pred(*previous, *i)'
Assertion failed on expression: 'pred(*previous, *i)'
Assertion failed on expression: 'pred(*previous, *i)'
Assertion failed on expression: 'pred(*previous, *i)'
Assertion failed on expression: 'pred(*previous, *i)'
Assertion failed on expression: 'pred(*previous, *i)'
Assertion failed on expression: 'pred(*previous, *i)'
Assertion failed on expression: 'pred(*previous, *i)'
Assertion failed on expression: 'pred(*previous, *i)'
Assertion failed on expression: 'pred(*previous, *i)'
Assertion failed on expression: 'pred(*previous, *i)'
Assertion failed on expression: 'pred(*previous, *i)'
Assertion failed on expression: 'pred(*previous, *i)'
Assertion failed on expression: 'pred(*previous, *i)'
Assertion failed on expression: 'pred(*previous, *i)'
Assertion failed on expression: 'pred(*previous, *i)'
Assertion failed on expression: 'pred(*previous, *i)'
Assertion failed on expression: 'pred(*previous, *i)'
Assertion failed on expression: 'pred(*previous, *i)'
Assertion failed on expression: 'pred(*previous, *i)'
Assertion failed on expression: 'pred(*previous, *i)'
Assertion failed on expression: 'pred(*previous, *i)'
Assertion failed on expression: 'pred(*previous, *i)'
Assertion failed on expression: 'pred(*previous, *i)'
Assertion failed on expression: 'pred(*previous, *i)'
Assertion failed on expression: 'pred(*previous, *i)'
Assertion failed on expression: 'pred(*previous, *i)'
Assertion failed on expression: 'pred(*previous, *i)'
Assertion failed on expression: 'pred(*previous, *i)'
Assertion failed on expression: 'pred(*previous, *i)'
Assertion failed on expression: 'pred(*previous, *i)'
Assertion failed on expression: 'pred(*previous, *i)'
Assertion failed on expression: 'pred(*previous, *i)'
Assertion failed on expression: 'pred(*previous, *i)'
Assertion failed on expression: 'pred(*previous, *i)'
Assertion failed on expression: 'pred(*previous, *i)'
Assertion failed on expression: 'pred(*previous, *i)'
Assertion failed on expression: 'pred(*previous, *i)'
Assertion failed on expression: 'pred(*previous, *i)'
Assertion failed on expression: 'pred(*previous, *i)'
Assertion failed on expression: 'pred(*previous, *i)'
Assertion failed on expression: 'pred(*previous, *i)'
Assertion failed on expression: 'pred(*previous, *i)'
Assertion failed on expression: 'pred(*previous, *i)'
Assertion failed on expression: 'pred(*previous, *i)'
Assertion failed on expression: 'pred(*previous, *i)'
Assertion failed on expression: 'pred(*previous, *i)'
Assertion failed on expression: 'pred(*previous, *i)'
Assertion failed on expression: 'pred(*previous, *i)'
Assertion failed on expression: 'pred(*previous, *i)'
Assertion failed on expression: 'pred(*previous, *i)'
Assertion failed on expression: 'pred(*previous, *i)'
Assertion failed on expression: 'pred(*previous, *i)'
Assertion failed on expression: 'pred(*previous, *i)'
Assertion failed on expression: 'pred(*previous, *i)'
Assertion failed on expression: 'pred(*previous, *i)'
Assertion failed on expression: 'pred(*previous, *i)'
Assertion failed on expression: 'pred(*previous, *i)'
Assertion failed on expression: 'pred(*previous, *i)'
Assertion failed on expression: 'pred(*previous, *i)'
Assertion failed on expression: 'pred(*previous, *i)'
Assertion failed on expression: 'pred(*previous, *i)'
Assertion failed on expression: 'pred(*previous, *i)'
Assertion failed on expression: 'pred(*previous, *i)'
Assertion failed on expression: 'pred(*previous, *i)'
Assertion failed on expression: 'pred(*previous, *i)'
Assertion failed on expression: 'pred(*previous, *i)'
Assertion failed on expression: 'pred(*previous, *i)'
Assertion failed on expression: 'pred(*previous, *i)'
Assertion failed on expression: 'pred(*previous, *i)'
Assertion failed on expression: 'pred(*previous, *i)'
Assertion failed on expression: 'pred(*previous, *i)'
Assertion failed on expression: 'pred(*previous, *i)'
Assertion failed on expression: 'pred(*previous, *i)'
Assertion failed on expression: 'pred(*previous, *i)'
Assertion failed on expression: 'pred(*previous, *i)'
Assertion failed on expression: 'pred(*previous, *i)'
Assertion failed on expression: 'pred(*previous, *i)'
Assertion failed on expression: 'pred(*previous, *i)'
Assertion failed on expression: 'pred(*previous, *i)'
Assertion failed on expression: 'pred(*previous, *i)'
Assertion failed on expression: 'pred(*previous, *i)'
Assertion failed on expression: 'pred(*previous, *i)'
Assertion failed on expression: 'pred(*previous, *i)'
Assertion failed on expression: 'pred(*previous, *i)'
Assertion failed on expression: 'pred(*previous, *i)'
Assertion failed on expression: 'pred(*previous, *i)'
Assertion failed on expression: 'pred(*previous, *i)'
Assertion failed on expression: 'pred(*previous, *i)'
Assertion failed on expression: 'pred(*previous, *i)'
Assertion failed on expression: 'pred(*previous, *i)'
Assertion failed on expression: 'pred(*previous, *i)'
Assertion failed on expression: 'pred(*previous, *i)'
Assertion failed on expression: 'pred(*previous, *i)'
Assertion failed on expression: 'pred(*previous, *i)'
Assertion failed on expression: 'pred(*previous, *i)'
Assertion failed on expression: 'pred(*previous, *i)'
Assertion failed on expression: 'pred(*previous, *i)'
Assertion failed on expression: 'pred(*previous, *i)'
Assertion failed on expression: 'pred(*previous, *i)'
Assertion failed on expression: 'pred(*previous, *i)'
Assertion failed on expression: 'pred(*previous, *i)'
Assertion failed on expression: 'pred(*previous, *i)'
Assertion failed on expression: 'pred(*previous, *i)'
Assertion failed on expression: 'pred(*previous, *i)'
Assertion failed on expression: 'pred(*previous, *i)'
Assertion failed on expression: 'pred(*previous, *i)'
Assertion failed on expression: 'pred(*previous, *i)'
Assertion failed on expression: 'pred(*previous, *i)'
Assertion failed on expression: 'pred(*previous, *i)'
Assertion failed on expression: 'pred(*previous, *i)'
Assertion failed on expression: 'pred(*previous, *i)'
Assertion failed on expression: 'pred(*previous, *i)'
Assertion failed on expression: 'pred(*previous, *i)'
Assertion failed on expression: 'pred(*previous, *i)'
Assertion failed on expression: 'pred(*previous, *i)'
Assertion failed on expression: 'pred(*previous, *i)'
Assertion failed on expression: 'pred(*previous, *i)'
Assertion failed on expression: 'pred(*previous, *i)'
Assertion failed on expression: 'pred(*previous, *i)'
Assertion failed on expression: 'pred(*previous, *i)'
Assertion failed on expression: 'pred(*previous, *i)'
Assertion failed on expression: 'pred(*previous, *i)'
Assertion failed on expression: 'pred(*previous, *i)'
Assertion failed on expression: 'pred(*previous, *i)'
Assertion failed on expression: 'pred(*previous, *i)'
Assertion failed on expression: 'pred(*previous, *i)'
Assertion failed on expression: 'pred(*previous, *i)'
Assertion failed on expression: 'pred(*previous, *i)'
Assertion failed on expression: 'pred(*previous, *i)'
Assertion failed on expression: 'pred(*previous, *i)'
Assertion failed on expression: 'pred(*previous, *i)'
Assertion failed on expression: 'pred(*previous, *i)'
Assertion failed on expression: 'pred(*previous, *i)'
Assertion failed on expression: 'pred(*previous, *i)'
Assertion failed on expression: 'pred(*previous, *i)'
Assertion failed on expression: 'pred(*previous, *i)'
Assertion failed on expression: 'pred(*previous, *i)'
Assertion failed on expression: 'pred(*previous, *i)'
Assertion failed on expression: 'pred(*previous, *i)'
Assertion failed on expression: 'pred(*previous, *i)'
Assertion failed on expression: 'pred(*previous, *i)'
Assertion failed on expression: 'pred(*previous, *i)'
Assertion failed on expression: 'pred(*previous, *i)'
Assertion failed on expression: 'pred(*previous, *i)'
Assertion failed on expression: 'pred(*previous, *i)'
Assertion failed on expression: 'pred(*previous, *i)'
Assertion failed on expression: 'pred(*previous, *i)'
Assertion failed on expression: 'pred(*previous, *i)'
Assertion failed on expression: 'pred(*previous, *i)'
Assertion failed on expression: 'pred(*previous, *i)'
Assertion failed on expression: 'pred(*previous, *i)'
Assertion failed on expression: 'pred(*previous, *i)'
Assertion failed on expression: 'pred(*previous, *i)'
Assertion failed on expression: 'pred(*previous, *i)'
Assertion failed on expression: 'pred(*previous, *i)'
Assertion failed on expression: 'pred(*previous, *i)'
Assertion failed on expression: 'pred(*previous, *i)'
Assertion failed on expression: 'pred(*previous, *i)'
Assertion failed on expression: 'pred(*previous, *i)'
Assertion failed on expression: 'pred(*previous, *i)'
Assertion failed on expression: 'pred(*previous, *i)'
Assertion failed on expression: 'pred(*previous, *i)'
Assertion failed on expression: 'pred(*previous, *i)'
Assertion failed on expression: 'pred(*previous, *i)'
Assertion failed on expression: 'pred(*previous, *i)'
Assertion failed on expression: 'pred(*previous, *i)'
Assertion failed on expression: 'pred(*previous, *i)'
Assertion failed on expression: 'pred(*previous, *i)'
Assertion failed on expression: 'pred(*previous, *i)'
Assertion failed on expression: 'pred(*previous, *i)'
Assertion failed on expression: 'pred(*previous, *i)'
Assertion failed on expression: 'pred(*previous, *i)'
Assertion failed on expression: 'pred(*previous, *i)'
Assertion failed on expression: 'pred(*previous, *i)'
Assertion failed on expression: 'pred(*previous, *i)'
Assertion failed on expression: 'pred(*previous, *i)'
Assertion failed on expression: 'pred(*previous, *i)'
Assertion failed on expression: 'pred(*previous, *i)'
Assertion failed on expression: 'pred(*previous, *i)'
Assertion failed on expression: 'pred(*previous, *i)'
Assertion failed on expression: 'pred(*previous, *i)'
Assertion failed on expression: 'pred(*previous, *i)'
Assertion failed on expression: 'pred(*previous, *i)'
Assertion failed on expression: 'pred(*previous, *i)'
Assertion failed on expression: 'pred(*previous, *i)'
Assertion failed on expression: 'pred(*previous, *i)'
Assertion failed on expression: 'pred(*previous, *i)'
Assertion failed on expression: 'pred(*previous, *i)'
Assertion failed on expression: 'pred(*previous, *i)'
Assertion failed on expression: 'pred(*previous, *i)'
Assertion failed on expression: 'pred(*previous, *i)'
Assertion failed on expression: 'pred(*previous, *i)'
Assertion failed on expression: 'pred(*previous, *i)'
Assertion failed on expression: 'pred(*previous, *i)'
Assertion failed on expression: 'pred(*previous, *i)'
Assertion failed on expression: 'pred(*previous, *i)'
Assertion failed on expression: 'pred(*previous, *i)'
Assertion failed on expression: 'pred(*previous, *i)'
Assertion failed on expression: 'pred(*previous, *i)'
Assertion failed on expression: 'pred(*previous, *i)'
Assertion failed on expression: 'pred(*previous, *i)'
Assertion failed on expression: 'pred(*previous, *i)'
Assertion failed on expression: 'pred(*previous, *i)'
Assertion failed on expression: 'pred(*previous, *i)'
Assertion failed on expression: 'pred(*previous, *i)'
Assertion failed on expression: 'pred(*previous, *i)'
Assertion failed on expression: 'pred(*previous, *i)'
Assertion failed on expression: 'pred(*previous, *i)'
Assertion failed on expression: 'pred(*previous, *i)'
Assertion failed on expression: 'pred(*previous, *i)'
Assertion failed on expression: 'pred(*previous, *i)'
Assertion failed on expression: 'pred(*previous, *i)'
Assertion failed on expression: 'pred(*previous, *i)'
Assertion failed on expression: 'pred(*previous, *i)'
Assertion failed on expression: 'pred(*previous, *i)'
Assertion failed on expression: 'pred(*previous, *i)'
Assertion failed on expression: 'pred(*previous, *i)'
Assertion failed on expression: 'pred(*previous, *i)'
Assertion failed on expression: 'pred(*previous, *i)'
Assertion failed on expression: 'pred(*previous, *i)'
Assertion failed on expression: 'pred(*previous, *i)'
Assertion failed on expression: 'pred(*previous, *i)'
Assertion failed on expression: 'pred(*previous, *i)'
Assertion failed on expression: 'pred(*previous, *i)'
Assertion failed on expression: 'pred(*previous, *i)'
Assertion failed on expression: 'pred(*previous, *i)'
Assertion failed on expression: 'pred(*previous, *i)'
Assertion failed on expression: 'pred(*previous, *i)'
Assertion failed on expression: 'pred(*previous, *i)'
Assertion failed on expression: 'pred(*previous, *i)'
Assertion failed on expression: 'pred(*previous, *i)'
Assertion failed on expression: 'pred(*previous, *i)'
Assertion failed on expression: 'pred(*previous, *i)'
Assertion failed on expression: 'pred(*previous, *i)'
Assertion failed on expression: 'pred(*previous, *i)'
Assertion failed on expression: 'pred(*previous, *i)'
Assertion failed on expression: 'pred(*previous, *i)'
Assertion failed on expression: 'pred(*previous, *i)'
Assertion failed on expression: 'pred(*previous, *i)'
Assertion failed on expression: 'pred(*previous, *i)'
Assertion failed on expression: 'pred(*previous, *i)'
Assertion failed on expression: 'pred(*previous, *i)'
Assertion failed on expression: 'pred(*previous, *i)'
Assertion failed on expression: 'pred(*previous, *i)'
Assertion failed on expression: 'pred(*previous, *i)'
Assertion failed on expression: 'pred(*previous, *i)'
Assertion failed on expression: 'pred(*previous, *i)'
Assertion failed on expression: 'pred(*previous, *i)'
Assertion failed on expression: 'pred(*previous, *i)'
Assertion failed on expression: 'pred(*previous, *i)'
Assertion failed on expression: 'pred(*previous, *i)'
Assertion failed on expression: 'pred(*previous, *i)'
Assertion failed on expression: 'pred(*previous, *i)'
Assertion failed on expression: 'pred(*previous, *i)'
Assertion failed on expression: 'pred(*previous, *i)'
Assertion failed on expression: 'pred(*previous, *i)'
Assertion failed on expression: 'pred(*previous, *i)'
Assertion failed on expression: 'pred(*previous, *i)'
Assertion failed on expression: 'pred(*previous, *i)'
Assertion failed on expression: 'pred(*previous, *i)'
Assertion failed on expression: 'pred(*previous, *i)'
Assertion failed on expression: 'pred(*previous, *i)'
Assertion failed on expression: 'pred(*previous, *i)'
Assertion failed on expression: 'pred(*previous, *i)'
Assertion failed on expression: 'pred(*previous, *i)'
Assertion failed on expression: 'pred(*previous, *i)'
Assertion failed on expression: 'pred(*previous, *i)'
Assertion failed on expression: 'pred(*previous, *i)'
Assertion failed on expression: 'pred(*previous, *i)'
Assertion failed on expression: 'pred(*previous, *i)'
Assertion failed on expression: 'pred(*previous, *i)'
Assertion failed on expression: 'pred(*previous, *i)'
Assertion failed on expression: 'pred(*previous, *i)'
Assertion failed on expression: 'pred(*previous, *i)'
Assertion failed on expression: 'pred(*previous, *i)'
Assertion failed on expression: 'pred(*previous, *i)'
Assertion failed on expression: 'pred(*previous, *i)'
Assertion failed on expression: 'pred(*previous, *i)'
Assertion failed on expression: 'pred(*previous, *i)'
Assertion failed on expression: 'pred(*previous, *i)'
Assertion failed on expression: 'pred(*previous, *i)'
Assertion failed on expression: 'pred(*previous, *i)'
Assertion failed on expression: 'pred(*previous, *i)'
Assertion failed on expression: 'pred(*previous, *i)'
Assertion failed on expression: 'pred(*previous, *i)'
Assertion failed on expression: 'pred(*previous, *i)'
Assertion failed on expression: 'pred(*previous, *i)'
Assertion failed on expression: 'pred(*previous, *i)'
Assertion failed on expression: 'pred(*previous, *i)'
Assertion failed on expression: 'pred(*previous, *i)'
Assertion failed on expression: 'pred(*previous, *i)'
Assertion failed on expression: 'pred(*previous, *i)'
Assertion failed on expression: 'pred(*previous, *i)'
Assertion failed on expression: 'pred(*previous, *i)'
Assertion failed on expression: 'pred(*previous, *i)'
Assertion failed on expression: 'pred(*previous, *i)'
Assertion failed on expression: 'pred(*previous, *i)'
Assertion failed on expression: 'pred(*previous, *i)'
Assertion failed on expression: 'pred(*previous, *i)'
Assertion failed on expression: 'pred(*previous, *i)'
Assertion failed on expression: 'pred(*previous, *i)'
Assertion failed on expression: 'pred(*previous, *i)'
Assertion failed on expression: 'pred(*previous, *i)'
Assertion failed on expression: 'pred(*previous, *i)'
Assertion failed on expression: 'pred(*previous, *i)'
Assertion failed on expression: 'pred(*previous, *i)'
Assertion failed on expression: 'pred(*previous, *i)'
Assertion failed on expression: 'pred(*previous, *i)'
Assertion failed on expression: 'pred(*previous, *i)'
Assertion failed on expression: 'pred(*previous, *i)'
Assertion failed on expression: 'pred(*previous, *i)'
Assertion failed on expression: 'pred(*previous, *i)'
Assertion failed on expression: 'pred(*previous, *i)'
Assertion failed on expression: 'pred(*previous, *i)'
Assertion failed on expression: 'pred(*previous, *i)'
Assertion failed on expression: 'pred(*previous, *i)'
Assertion failed on expression: 'pred(*previous, *i)'
Assertion failed on expression: 'pred(*previous, *i)'
Assertion failed on expression: 'pred(*previous, *i)'
Assertion failed on expression: 'pred(*previous, *i)'
Assertion failed on expression: 'pred(*previous, *i)'
Assertion failed on expression: 'pred(*previous, *i)'
Assertion failed on expression: 'pred(*previous, *i)'
Assertion failed on expression: 'pred(*previous, *i)'
Assertion failed on expression: 'pred(*previous, *i)'
Assertion failed on expression: 'pred(*previous, *i)'
Assertion failed on expression: 'pred(*previous, *i)'
Assertion failed on expression: 'pred(*previous, *i)'
Assertion failed on expression: 'pred(*previous, *i)'
Assertion failed on expression: 'pred(*previous, *i)'
Assertion failed on expression: 'pred(*previous, *i)'
Assertion failed on expression: 'pred(*previous, *i)'
Assertion failed on expression: 'pred(*previous, *i)'
Assertion failed on expression: 'pred(*previous, *i)'
Assertion failed on expression: 'pred(*previous, *i)'
Assertion failed on expression: 'pred(*previous, *i)'
Assertion failed on expression: 'pred(*previous, *i)'
Assertion failed on expression: 'pred(*previous, *i)'
Assertion failed on expression: 'pred(*previous, *i)'
Assertion failed on expression: 'pred(*previous, *i)'
Assertion failed on expression: 'pred(*previous, *i)'
Assertion failed on expression: 'pred(*previous, *i)'
Assertion failed on expression: 'pred(*previous, *i)'
Assertion failed on expression: 'pred(*previous, *i)'
Assertion failed on expression: 'pred(*previous, *i)'
Assertion failed on expression: 'pred(*previous, *i)'
Assertion failed on expression: 'pred(*previous, *i)'
Assertion failed on expression: 'pred(*previous, *i)'
Assertion failed on expression: 'pred(*previous, *i)'
Assertion failed on expression: 'pred(*previous, *i)'
Assertion failed on expression: 'pred(*previous, *i)'
Assertion failed on expression: 'pred(*previous, *i)'
Assertion failed on expression: 'pred(*previous, *i)'
Assertion failed on expression: 'pred(*previous, *i)'
Assertion failed on expression: 'pred(*previous, *i)'
Assertion failed on expression: 'pred(*previous, *i)'
Assertion failed on expression: 'pred(*previous, *i)'
Assertion failed on expression: 'pred(*previous, *i)'
Assertion failed on expression: 'pred(*previous, *i)'
Assertion failed on expression: 'pred(*previous, *i)'
Assertion failed on expression: 'pred(*previous, *i)'
Assertion failed on expression: 'pred(*previous, *i)'
Assertion failed on expression: 'pred(*previous, *i)'
Assertion failed on expression: 'pred(*previous, *i)'
Assertion failed on expression: 'pred(*previous, *i)'
Assertion failed on expression: 'pred(*previous, *i)'
Assertion failed on expression: 'pred(*previous, *i)'
Assertion failed on expression: 'pred(*previous, *i)'
Assertion failed on expression: 'pred(*previous, *i)'
Assertion failed on expression: 'pred(*previous, *i)'
Assertion failed on expression: 'pred(*previous, *i)'
Assertion failed on expression: 'pred(*previous, *i)'
Assertion failed on expression: 'pred(*previous, *i)'
Assertion failed on expression: 'pred(*previous, *i)'
Assertion failed on expression: 'pred(*previous, *i)'
Assertion failed on expression: 'pred(*previous, *i)'
Assertion failed on expression: 'pred(*previous, *i)'
Assertion failed on expression: 'pred(*previous, *i)'
Assertion failed on expression: 'pred(*previous, *i)'
Assertion failed on expression: 'pred(*previous, *i)'
Assertion failed on expression: 'pred(*previous, *i)'
Assertion failed on expression: 'pred(*previous, *i)'
Assertion failed on expression: 'pred(*previous, *i)'
Assertion failed on expression: 'pred(*previous, *i)'
Assertion failed on expression: 'pred(*previous, *i)'
Assertion failed on expression: 'pred(*previous, *i)'
Assertion failed on expression: 'pred(*previous, *i)'
Assertion failed on expression: 'pred(*previous, *i)'
Assertion failed on expression: 'pred(*previous, *i)'
Assertion failed on expression: 'pred(*previous, *i)'
Assertion failed on expression: 'pred(*previous, *i)'
Assertion failed on expression: 'pred(*previous, *i)'
Assertion failed on expression: 'pred(*previous, *i)'
Assertion failed on expression: 'pred(*previous, *i)'
Assertion failed on expression: 'pred(*previous, *i)'
Assertion failed on expression: 'pred(*previous, *i)'
Assertion failed on expression: 'pred(*previous, *i)'
Assertion failed on expression: 'pred(*previous, *i)'
Assertion failed on expression: 'pred(*previous, *i)'
Assertion failed on expression: 'pred(*previous, *i)'
Assertion failed on expression: 'pred(*previous, *i)'
Assertion failed on expression: 'pred(*previous, *i)'
Assertion failed on expression: 'pred(*previous, *i)'
Assertion failed on expression: 'pred(*previous, *i)'
Assertion failed on expression: 'pred(*previous, *i)'
Assertion failed on expression: 'pred(*previous, *i)'
Assertion failed on expression: 'pred(*previous, *i)'
Assertion failed on expression: 'pred(*previous, *i)'
Assertion failed on expression: 'pred(*previous, *i)'
Assertion failed on expression: 'pred(*previous, *i)'
Assertion failed on expression: 'pred(*previous, *i)'
Assertion failed on expression: 'pred(*previous, *i)'
Assertion failed on expression: 'pred(*previous, *i)'
Assertion failed on expression: 'pred(*previous, *i)'
Assertion failed on expression: 'pred(*previous, *i)'
Assertion failed on expression: 'pred(*previous, *i)'
Assertion failed on expression: 'pred(*previous, *i)'
Assertion failed on expression: 'pred(*previous, *i)'
Assertion failed on expression: 'pred(*previous, *i)'
Assertion failed on expression: 'pred(*previous, *i)'
Assertion failed on expression: 'pred(*previous, *i)'
Assertion failed on expression: 'pred(*previous, *i)'
Assertion failed on expression: 'pred(*previous, *i)'
Assertion failed on expression: 'pred(*previous, *i)'
Assertion failed on expression: 'pred(*previous, *i)'
Assertion failed on expression: 'pred(*previous, *i)'
Assertion failed on expression: 'pred(*previous, *i)'
Assertion failed on expression: 'pred(*previous, *i)'
Assertion failed on expression: 'pred(*previous, *i)'
Assertion failed on expression: 'pred(*previous, *i)'
Assertion failed on expression: 'pred(*previous, *i)'
Assertion failed on expression: 'pred(*previous, *i)'
Assertion failed on expression: 'pred(*previous, *i)'
Assertion failed on expression: 'pred(*previous, *i)'
Assertion failed on expression: 'pred(*previous, *i)'
Assertion failed on expression: 'pred(*previous, *i)'
Assertion failed on expression: 'pred(*previous, *i)'
Assertion failed on expression: 'pred(*previous, *i)'
Assertion failed on expression: 'pred(*previous, *i)'
Assertion failed on expression: 'pred(*previous, *i)'
Assertion failed on expression: 'pred(*previous, *i)'
Assertion failed on expression: 'pred(*previous, *i)'
Assertion failed on expression: 'pred(*previous, *i)'
Assertion failed on expression: 'pred(*previous, *i)'
Assertion failed on expression: 'pred(*previous, *i)'
Assertion failed on expression: 'pred(*previous, *i)'
Assertion failed on expression: 'pred(*previous, *i)'
Assertion failed on expression: 'pred(*previous, *i)'
Assertion failed on expression: 'pred(*previous, *i)'
Assertion failed on expression: 'pred(*previous, *i)'
Assertion failed on expression: 'pred(*previous, *i)'
Assertion failed on expression: 'pred(*previous, *i)'
Assertion failed on expression: 'pred(*previous, *i)'
Assertion failed on expression: 'pred(*previous, *i)'
Assertion failed on expression: 'pred(*previous, *i)'
Assertion failed on expression: 'pred(*previous, *i)'
Assertion failed on expression: 'pred(*previous, *i)'
Assertion failed on expression: 'pred(*previous, *i)'
Assertion failed on expression: 'pred(*previous, *i)'
Assertion failed on expression: 'pred(*previous, *i)'
Assertion failed on expression: 'pred(*previous, *i)'
Assertion failed on expression: 'pred(*previous, *i)'
Assertion failed on expression: 'pred(*previous, *i)'
Assertion failed on expression: 'pred(*previous, *i)'
Assertion failed on expression: 'pred(*previous, *i)'
Assertion failed on expression: 'pred(*previous, *i)'
Assertion failed on expression: 'pred(*previous, *i)'
Assertion failed on expression: 'pred(*previous, *i)'
Assertion failed on expression: 'pred(*previous, *i)'
Assertion failed on expression: 'pred(*previous, *i)'
Assertion failed on expression: 'pred(*previous, *i)'
Assertion failed on expression: 'pred(*previous, *i)'
Assertion failed on expression: 'pred(*previous, *i)'
Assertion failed on expression: 'pred(*previous, *i)'
Assertion failed on expression: 'pred(*previous, *i)'
Assertion failed on expression: 'pred(*previous, *i)'
Assertion failed on expression: 'pred(*previous, *i)'
Assertion failed on expression: 'pred(*previous, *i)'
Assertion failed on expression: 'pred(*previous, *i)'
Assertion failed on expression: 'pred(*previous, *i)'
Assertion failed on expression: 'pred(*previous, *i)'
Assertion failed on expression: 'pred(*previous, *i)'
Assertion failed on expression: 'pred(*previous, *i)'
Assertion failed on expression: 'pred(*previous, *i)'
Assertion failed on expression: 'pred(*previous, *i)'
Assertion failed on expression: 'pred(*previous, *i)'
Assertion failed on expression: 'pred(*previous, *i)'
Assertion failed on expression: 'pred(*previous, *i)'
Assertion failed on expression: 'pred(*previous, *i)'
Assertion failed on expression: 'pred(*previous, *i)'
Assertion failed on expression: 'pred(*previous, *i)'
Assertion failed on expression: 'pred(*previous, *i)'
Assertion failed on expression: 'pred(*previous, *i)'
Assertion failed on expression: 'pred(*previous, *i)'
Assertion failed on expression: 'pred(*previous, *i)'
Assertion failed on expression: 'pred(*previous, *i)'
Assertion failed on expression: 'pred(*previous, *i)'
Assertion failed on expression: 'pred(*previous, *i)'
Assertion failed on expression: 'pred(*previous, *i)'
Assertion failed on expression: 'pred(*previous, *i)'
Assertion failed on expression: 'pred(*previous, *i)'
Assertion failed on expression: 'pred(*previous, *i)'
Assertion failed on expression: 'pred(*previous, *i)'
Assertion failed on expression: 'pred(*previous, *i)'
Assertion failed on expression: 'pred(*previous, *i)'
Assertion failed on expression: 'pred(*previous, *i)'
Assertion failed on expression: 'pred(*previous, *i)'
Assertion failed on expression: 'pred(*previous, *i)'
Assertion failed on expression: 'pred(*previous, *i)'
Assertion failed on expression: 'pred(*previous, *i)'
Assertion failed on expression: 'pred(*previous, *i)'
Assertion failed on expression: 'pred(*previous, *i)'
Assertion failed on expression: 'pred(*previous, *i)'
Assertion failed on expression: 'pred(*previous, *i)'
Assertion failed on expression: 'pred(*previous, *i)'
Assertion failed on expression: 'pred(*previous, *i)'
Assertion failed on expression: 'pred(*previous, *i)'
Assertion failed on expression: 'pred(*previous, *i)'
Assertion failed on expression: 'pred(*previous, *i)'
Assertion failed on expression: 'pred(*previous, *i)'
Assertion failed on expression: 'pred(*previous, *i)'
Assertion failed on expression: 'pred(*previous, *i)'
Assertion failed on expression: 'pred(*previous, *i)'
Assertion failed on expression: 'pred(*previous, *i)'
Assertion failed on expression: 'pred(*previous, *i)'
Assertion failed on expression: 'pred(*previous, *i)'
Assertion failed on expression: 'pred(*previous, *i)'
Assertion failed on expression: 'pred(*previous, *i)'
Assertion failed on expression: 'pred(*previous, *i)'
Assertion failed on expression: 'pred(*previous, *i)'
Assertion failed on expression: 'pred(*previous, *i)'
Assertion failed on expression: 'pred(*previous, *i)'
Assertion failed on expression: 'pred(*previous, *i)'
Assertion failed on expression: 'pred(*previous, *i)'
Assertion failed on expression: 'pred(*previous, *i)'
Assertion failed on expression: 'pred(*previous, *i)'
Assertion failed on expression: 'pred(*previous, *i)'
Assertion failed on expression: 'pred(*previous, *i)'
Assertion failed on expression: 'pred(*previous, *i)'
Assertion failed on expression: 'pred(*previous, *i)'
Assertion failed on expression: 'pred(*previous, *i)'
Assertion failed on expression: 'pred(*previous, *i)'
Assertion failed on expression: 'pred(*previous, *i)'
Assertion failed on expression: 'pred(*previous, *i)'
Assertion failed on expression: 'pred(*previous, *i)'
Assertion failed on expression: 'pred(*previous, *i)'
Assertion failed on expression: 'pred(*previous, *i)'
Assertion failed on expression: 'pred(*previous, *i)'
Assertion failed on expression: 'pred(*previous, *i)'
Assertion failed on expression: 'pred(*previous, *i)'
Assertion failed on expression: 'pred(*previous, *i)'
Assertion failed on expression: 'pred(*previous, *i)'
Assertion failed on expression: 'pred(*previous, *i)'
Assertion failed on expression: 'pred(*previous, *i)'
Assertion failed on expression: 'pred(*previous, *i)'
Assertion failed on expression: 'pred(*previous, *i)'
Assertion failed on expression: 'pred(*previous, *i)'
Assertion failed on expression: 'pred(*previous, *i)'
Assertion failed on expression: 'pred(*previous, *i)'
Assertion failed on expression: 'pred(*previous, *i)'
Assertion failed on expression: 'pred(*previous, *i)'
Assertion failed on expression: 'pred(*previous, *i)'
Assertion failed on expression: 'pred(*previous, *i)'
Assertion failed on expression: 'pred(*previous, *i)'
Assertion failed on expression: 'pred(*previous, *i)'
Assertion failed on expression: 'pred(*previous, *i)'
Assertion failed on expression: 'pred(*previous, *i)'
Assertion failed on expression: 'pred(*previous, *i)'
Assertion failed on expression: 'pred(*previous, *i)'
Assertion failed on expression: 'pred(*previous, *i)'
Assertion failed on expression: 'pred(*previous, *i)'
Assertion failed on expression: 'pred(*previous, *i)'
Assertion failed on expression: 'pred(*previous, *i)'
Assertion failed on expression: 'pred(*previous, *i)'
Assertion failed on expression: 'pred(*previous, *i)'
Assertion failed on expression: 'pred(*previous, *i)'
Assertion failed on expression: 'pred(*previous, *i)'
Assertion failed on expression: 'pred(*previous, *i)'
Assertion failed on expression: 'pred(*previous, *i)'
Assertion failed on expression: 'pred(*previous, *i)'
Assertion failed on expression: 'pred(*previous, *i)'
Assertion failed on expression: 'pred(*previous, *i)'
Assertion failed on expression: 'pred(*previous, *i)'
Assertion failed on expression: 'pred(*previous, *i)'
Assertion failed on expression: 'pred(*previous, *i)'
Assertion failed on expression: 'pred(*previous, *i)'
Assertion failed on expression: 'pred(*previous, *i)'
Assertion failed on expression: 'pred(*previous, *i)'
Assertion failed on expression: 'pred(*previous, *i)'
Assertion failed on expression: 'pred(*previous, *i)'
Assertion failed on expression: 'pred(*previous, *i)'
Assertion failed on expression: 'pred(*previous, *i)'
Assertion failed on expression: 'pred(*previous, *i)'
Assertion failed on expression: 'pred(*previous, *i)'
Assertion failed on expression: 'pred(*previous, *i)'
Assertion failed on expression: 'pred(*previous, *i)'
Assertion failed on expression: 'pred(*previous, *i)'
Assertion failed on expression: 'pred(*previous, *i)'
Assertion failed on expression: 'pred(*previous, *i)'
Assertion failed on expression: 'pred(*previous, *i)'
Assertion failed on expression: 'pred(*previous, *i)'
Assertion failed on expression: 'pred(*previous, *i)'
Assertion failed on expression: 'pred(*previous, *i)'
Assertion failed on expression: 'pred(*previous, *i)'
Assertion failed on expression: 'pred(*previous, *i)'
Assertion failed on expression: 'pred(*previous, *i)'
Assertion failed on expression: 'pred(*previous, *i)'
Assertion failed on expression: 'pred(*previous, *i)'
Assertion failed on expression: 'pred(*previous, *i)'
Assertion failed on expression: 'pred(*previous, *i)'
Assertion failed on expression: 'pred(*previous, *i)'
Assertion failed on expression: 'pred(*previous, *i)'
Assertion failed on expression: 'pred(*previous, *i)'
Assertion failed on expression: 'pred(*previous, *i)'
Assertion failed on expression: 'pred(*previous, *i)'
Assertion failed on expression: 'pred(*previous, *i)'
Assertion failed on expression: 'pred(*previous, *i)'
Assertion failed on expression: 'pred(*previous, *i)'
Assertion failed on expression: 'pred(*previous, *i)'
Assertion failed on expression: 'pred(*previous, *i)'
Assertion failed on expression: 'pred(*previous, *i)'
Assertion failed on expression: 'pred(*previous, *i)'
Assertion failed on expression: 'pred(*previous, *i)'
Assertion failed on expression: 'pred(*previous, *i)'
Assertion failed on expression: 'pred(*previous, *i)'
Assertion failed on expression: 'pred(*previous, *i)'
Assertion failed on expression: 'pred(*previous, *i)'
Assertion failed on expression: 'pred(*previous, *i)'
Assertion failed on expression: 'pred(*previous, *i)'
Assertion failed on expression: 'pred(*previous, *i)'
Assertion failed on expression: 'pred(*previous, *i)'
Assertion failed on expression: 'pred(*previous, *i)'
Assertion failed on expression: 'pred(*previous, *i)'
Assertion failed on expression: 'pred(*previous, *i)'
Assertion failed on expression: 'pred(*previous, *i)'
Assertion failed on expression: 'pred(*previous, *i)'
Assertion failed on expression: 'pred(*previous, *i)'
Assertion failed on expression: 'pred(*previous, *i)'
Assertion failed on expression: 'pred(*previous, *i)'
Assertion failed on expression: 'pred(*previous, *i)'
Assertion failed on expression: 'pred(*previous, *i)'
Assertion failed on expression: 'pred(*previous, *i)'
Assertion failed on expression: 'pred(*previous, *i)'
Assertion failed on expression: 'pred(*previous, *i)'
Assertion failed on expression: 'pred(*previous, *i)'
Assertion failed on expression: 'pred(*previous, *i)'
Assertion failed on expression: 'pred(*previous, *i)'
Assertion failed on expression: 'pred(*previous, *i)'
Assertion failed on expression: 'pred(*previous, *i)'
Assertion failed on expression: 'pred(*previous, *i)'
Assertion failed on expression: 'pred(*previous, *i)'
Assertion failed on expression: 'pred(*previous, *i)'
Assertion failed on expression: 'pred(*previous, *i)'
Assertion failed on expression: 'pred(*previous, *i)'
Assertion failed on expression: 'pred(*previous, *i)'
Assertion failed on expression: 'pred(*previous, *i)'
Assertion failed on expression: 'pred(*previous, *i)'
Assertion failed on expression: 'pred(*previous, *i)'
Assertion failed on expression: 'pred(*previous, *i)'
Assertion failed on expression: 'pred(*previous, *i)'
Assertion failed on expression: 'pred(*previous, *i)'
Assertion failed on expression: 'pred(*previous, *i)'
Assertion failed on expression: 'pred(*previous, *i)'
Assertion failed on expression: 'pred(*previous, *i)'
Assertion failed on expression: 'pred(*previous, *i)'
Assertion failed on expression: 'pred(*previous, *i)'
Assertion failed on expression: 'pred(*previous, *i)'
Assertion failed on expression: 'pred(*previous, *i)'
Assertion failed on expression: 'pred(*previous, *i)'
Assertion failed on expression: 'pred(*previous, *i)'
Assertion failed on expression: 'pred(*previous, *i)'
Assertion failed on expression: 'pred(*previous, *i)'
Assertion failed on expression: 'pred(*previous, *i)'
Assertion failed on expression: 'pred(*previous, *i)'
Assertion failed on expression: 'pred(*previous, *i)'
Assertion failed on expression: 'pred(*previous, *i)'
Assertion failed on expression: 'pred(*previous, *i)'
Assertion failed on expression: 'pred(*previous, *i)'
Assertion failed on expression: 'pred(*previous, *i)'
Assertion failed on expression: 'pred(*previous, *i)'
Assertion failed on expression: 'pred(*previous, *i)'
Assertion failed on expression: 'pred(*previous, *i)'
Assertion failed on expression: 'pred(*previous, *i)'
Assertion failed on expression: 'pred(*previous, *i)'
Assertion failed on expression: 'pred(*previous, *i)'
Assertion failed on expression: 'pred(*previous, *i)'
Assertion failed on expression: 'pred(*previous, *i)'
Assertion failed on expression: 'pred(*previous, *i)'
Assertion failed on expression: 'pred(*previous, *i)'
Assertion failed on expression: 'pred(*previous, *i)'
Assertion failed on expression: 'pred(*previous, *i)'
Assertion failed on expression: 'pred(*previous, *i)'
Assertion failed on expression: 'pred(*previous, *i)'
Assertion failed on expression: 'pred(*previous, *i)'
Assertion failed on expression: 'pred(*previous, *i)'
Assertion failed on expression: 'pred(*previous, *i)'
Assertion failed on expression: 'pred(*previous, *i)'
Assertion failed on expression: 'pred(*previous, *i)'
Assertion failed on expression: 'pred(*previous, *i)'
Assertion failed on expression: 'pred(*previous, *i)'
Assertion failed on expression: 'pred(*previous, *i)'
Assertion failed on expression: 'pred(*previous, *i)'
Assertion failed on expression: 'pred(*previous, *i)'
Assertion failed on expression: 'pred(*previous, *i)'
Assertion failed on expression: 'pred(*previous, *i)'
Assertion failed on expression: 'pred(*previous, *i)'
Assertion failed on expression: 'pred(*previous, *i)'
Assertion failed on expression: 'pred(*previous, *i)'
Assertion failed on expression: 'pred(*previous, *i)'
Assertion failed on expression: 'pred(*previous, *i)'
Assertion failed on expression: 'pred(*previous, *i)'
Assertion failed on expression: 'pred(*previous, *i)'
Assertion failed on expression: 'pred(*previous, *i)'
Assertion failed on expression: 'pred(*previous, *i)'
Assertion failed on expression: 'pred(*previous, *i)'
Assertion failed on expression: 'pred(*previous, *i)'
Assertion failed on expression: 'pred(*previous, *i)'
Assertion failed on expression: 'pred(*previous, *i)'
Assertion failed on expression: 'pred(*previous, *i)'
Assertion failed on expression: 'pred(*previous, *i)'
Assertion failed on expression: 'pred(*previous, *i)'
Assertion failed on expression: 'pred(*previous, *i)'
Assertion failed on expression: 'pred(*previous, *i)'
Assertion failed on expression: 'pred(*previous, *i)'
Assertion failed on expression: 'pred(*previous, *i)'
Assertion failed on expression: 'pred(*previous, *i)'
Assertion failed on expression: 'pred(*previous, *i)'
Assertion failed on expression: 'pred(*previous, *i)'
Assertion failed on expression: 'pred(*previous, *i)'
Assertion failed on expression: 'pred(*previous, *i)'
Assertion failed on expression: 'pred(*previous, *i)'
Assertion failed on expression: 'pred(*previous, *i)'
Assertion failed on expression: 'pred(*previous, *i)'
Assertion failed on expression: 'pred(*previous, *i)'
Assertion failed on expression: 'pred(*previous, *i)'
Assertion failed on expression: 'pred(*previous, *i)'
Assertion failed on expression: 'pred(*previous, *i)'
Assertion failed on expression: 'pred(*previous, *i)'
Assertion failed on expression: 'pred(*previous, *i)'
Assertion failed on expression: 'pred(*previous, *i)'
Assertion failed on expression: 'pred(*previous, *i)'
Assertion failed on expression: 'pred(*previous, *i)'
Assertion failed on expression: 'pred(*previous, *i)'
Assertion failed on expression: 'pred(*previous, *i)'
Assertion failed on expression: 'pred(*previous, *i)'
Assertion failed on expression: 'pred(*previous, *i)'
Assertion failed on expression: 'pred(*previous, *i)'
Assertion failed on expression: 'pred(*previous, *i)'
Assertion failed on expression: 'pred(*previous, *i)'
Assertion failed on expression: 'pred(*previous, *i)'
Assertion failed on expression: 'pred(*previous, *i)'
Assertion failed on expression: 'pred(*previous, *i)'
Assertion failed on expression: 'pred(*previous, *i)'
Assertion failed on expression: 'pred(*previous, *i)'
Assertion failed on expression: 'pred(*previous, *i)'
Assertion failed on expression: 'pred(*previous, *i)'
Assertion failed on expression: 'pred(*previous, *i)'
Assertion failed on expression: 'pred(*previous, *i)'
Assertion failed on expression: 'pred(*previous, *i)'
Assertion failed on expression: 'pred(*previous, *i)'
Assertion failed on expression: 'pred(*previous, *i)'
Assertion failed on expression: 'pred(*previous, *i)'
Assertion failed on expression: 'pred(*previous, *i)'
Assertion failed on expression: 'pred(*previous, *i)'
Assertion failed on expression: 'pred(*previous, *i)'
Assertion failed on expression: 'pred(*previous, *i)'
Assertion failed on expression: 'pred(*previous, *i)'
Assertion failed on expression: 'pred(*previous, *i)'
Assertion failed on expression: 'pred(*previous, *i)'
Assertion failed on expression: 'pred(*previous, *i)'
Assertion failed on expression: 'pred(*previous, *i)'
Assertion failed on expression: 'pred(*previous, *i)'
Assertion failed on expression: 'pred(*previous, *i)'
Assertion failed on expression: 'pred(*previous, *i)'
Assertion failed on expression: 'pred(*previous, *i)'
Assertion failed on expression: 'pred(*previous, *i)'
Assertion failed on expression: 'pred(*previous, *i)'
Assertion failed on expression: 'pred(*previous, *i)'
Assertion failed on expression: 'pred(*previous, *i)'
Assertion failed on expression: 'pred(*previous, *i)'
Assertion failed on expression: 'pred(*previous, *i)'
Assertion failed on expression: 'pred(*previous, *i)'
Assertion failed on expression: 'pred(*previous, *i)'
Assertion failed on expression: 'pred(*previous, *i)'
Assertion failed on expression: 'pred(*previous, *i)'
Assertion failed on expression: 'pred(*previous, *i)'
Assertion failed on expression: 'pred(*previous, *i)'
Assertion failed on expression: 'pred(*previous, *i)'
Assertion failed on expression: 'pred(*previous, *i)'
Assertion failed on expression: 'pred(*previous, *i)'
Assertion failed on expression: 'pred(*previous, *i)'
Assertion failed on expression: 'pred(*previous, *i)'
Assertion failed on expression: 'pred(*previous, *i)'
Assertion failed on expression: 'pred(*previous, *i)'
Assertion failed on expression: 'pred(*previous, *i)'
Assertion failed on expression: 'pred(*previous, *i)'
Assertion failed on expression: 'pred(*previous, *i)'
Assertion failed on expression: 'pred(*previous, *i)'
Assertion failed on expression: 'pred(*previous, *i)'
Assertion failed on expression: 'pred(*previous, *i)'
Assertion failed on expression: 'pred(*previous, *i)'
Assertion failed on expression: 'pred(*previous, *i)'
Assertion failed on expression: 'pred(*previous, *i)'
Assertion failed on expression: 'pred(*previous, *i)'
Assertion failed on expression: 'pred(*previous, *i)'
Assertion failed on expression: 'pred(*previous, *i)'
Assertion failed on expression: 'pred(*previous, *i)'
Assertion failed on expression: 'pred(*previous, *i)'
Assertion failed on expression: 'pred(*previous, *i)'
Assertion failed on expression: 'pred(*previous, *i)'
Assertion failed on expression: 'pred(*previous, *i)'
Assertion failed on expression: 'pred(*previous, *i)'
Assertion failed on expression: 'pred(*previous, *i)'
Assertion failed on expression: 'pred(*previous, *i)'
Assertion failed on expression: 'pred(*previous, *i)'
Assertion failed on expression: 'pred(*previous, *i)'
Assertion failed on expression: 'pred(*previous, *i)'
Assertion failed on expression: 'pred(*previous, *i)'
Assertion failed on expression: 'pred(*previous, *i)'
Assertion failed on expression: 'pred(*previous, *i)'
Assertion failed on expression: 'pred(*previous, *i)'
Assertion failed on expression: 'pred(*previous, *i)'
Assertion failed on expression: 'pred(*previous, *i)'
Assertion failed on expression: 'pred(*previous, *i)'
Assertion failed on expression: 'pred(*previous, *i)'
Assertion failed on expression: 'pred(*previous, *i)'
Assertion failed on expression: 'pred(*previous, *i)'
Assertion failed on expression: 'pred(*previous, *i)'
Assertion failed on expression: 'pred(*previous, *i)'
Assertion failed on expression: 'pred(*previous, *i)'
Assertion failed on expression: 'pred(*previous, *i)'
Assertion failed on expression: 'pred(*previous, *i)'
Assertion failed on expression: 'pred(*previous, *i)'
Assertion failed on expression: 'pred(*previous, *i)'
Assertion failed on expression: 'pred(*previous, *i)'
Assertion failed on expression: 'pred(*previous, *i)'
Assertion failed on expression: 'pred(*previous, *i)'
Assertion failed on expression: 'pred(*previous, *i)'
Assertion failed on expression: 'pred(*previous, *i)'
Assertion failed on expression: 'pred(*previous, *i)'
Assertion failed on expression: 'pred(*previous, *i)'
Assertion failed on expression: 'pred(*previous, *i)'
Assertion failed on expression: 'pred(*previous, *i)'
Assertion failed on expression: 'pred(*previous, *i)'
Assertion failed on expression: 'pred(*previous, *i)'
Assertion failed on expression: 'pred(*previous, *i)'
Assertion failed on expression: 'pred(*previous, *i)'
Assertion failed on expression: 'pred(*previous, *i)'
Assertion failed on expression: 'pred(*previous, *i)'
Assertion failed on expression: 'pred(*previous, *i)'
Assertion failed on expression: 'pred(*previous, *i)'
Assertion failed on expression: 'pred(*previous, *i)'
Assertion failed on expression: 'pred(*previous, *i)'
Assertion failed on expression: 'pred(*previous, *i)'
Assertion failed on expression: 'pred(*previous, *i)'
Assertion failed on expression: 'pred(*previous, *i)'
Assertion failed on expression: 'pred(*previous, *i)'
Assertion failed on expression: 'pred(*previous, *i)'
Assertion failed on expression: 'pred(*previous, *i)'
Assertion failed on expression: 'pred(*previous, *i)'
Assertion failed on expression: 'pred(*previous, *i)'
Assertion failed on expression: 'pred(*previous, *i)'
Assertion failed on expression: 'pred(*previous, *i)'
Assertion failed on expression: 'pred(*previous, *i)'
Assertion failed on expression: 'pred(*previous, *i)'
Assertion failed on expression: 'pred(*previous, *i)'
Assertion failed on expression: 'pred(*previous, *i)'
Assertion failed on expression: 'pred(*previous, *i)'
Assertion failed on expression: 'pred(*previous, *i)'
Assertion failed on expression: 'pred(*previous, *i)'
Assertion failed on expression: 'pred(*previous, *i)'
Assertion failed on expression: 'pred(*previous, *i)'
Assertion failed on expression: 'pred(*previous, *i)'
Assertion failed on expression: 'pred(*previous, *i)'
Assertion failed on expression: 'pred(*previous, *i)'
Assertion failed on expression: 'pred(*previous, *i)'
Assertion failed on expression: 'pred(*previous, *i)'
Assertion failed on expression: 'pred(*previous, *i)'
Assertion failed on expression: 'pred(*previous, *i)'
Assertion failed on expression: 'pred(*previous, *i)'
Assertion failed on expression: 'pred(*previous, *i)'
Assertion failed on expression: 'pred(*previous, *i)'
Assertion failed on expression: 'pred(*previous, *i)'
Assertion failed on expression: 'pred(*previous, *i)'
Assertion failed on expression: 'pred(*previous, *i)'
Assertion failed on expression: 'pred(*previous, *i)'
Assertion failed on expression: 'pred(*previous, *i)'
Assertion failed on expression: 'pred(*previous, *i)'
Assertion failed on expression: 'pred(*previous, *i)'
Assertion failed on expression: 'pred(*previous, *i)'
Assertion failed on expression: 'pred(*previous, *i)'
Assertion failed on expression: 'pred(*previous, *i)'
Assertion failed on expression: 'pred(*previous, *i)'
Assertion failed on expression: 'pred(*previous, *i)'
Assertion failed on expression: 'pred(*previous, *i)'
Assertion failed on expression: 'pred(*previous, *i)'
Assertion failed on expression: 'pred(*previous, *i)'
Assertion failed on expression: 'pred(*previous, *i)'
Assertion failed on expression: 'pred(*previous, *i)'
Assertion failed on expression: 'pred(*previous, *i)'
Assertion failed on expression: 'pred(*previous, *i)'
Assertion failed on expression: 'pred(*previous, *i)'
Assertion failed on expression: 'pred(*previous, *i)'
Assertion failed on expression: 'pred(*previous, *i)'
Assertion failed on expression: 'pred(*previous, *i)'
Assertion failed on expression: 'pred(*previous, *i)'
Assertion failed on expression: 'pred(*previous, *i)'
Assertion failed on expression: 'pred(*previous, *i)'
Assertion failed on expression: 'pred(*previous, *i)'
Assertion failed on expression: 'pred(*previous, *i)'
Assertion failed on expression: 'pred(*previous, *i)'
Assertion failed on expression: 'pred(*previous, *i)'
Assertion failed on expression: 'pred(*previous, *i)'
Assertion failed on expression: 'pred(*previous, *i)'
Assertion failed on expression: 'pred(*previous, *i)'
Assertion failed on expression: 'pred(*previous, *i)'
Assertion failed on expression: 'pred(*previous, *i)'
Assertion failed on expression: 'pred(*previous, *i)'
Assertion failed on expression: 'pred(*previous, *i)'
Assertion failed on expression: 'pred(*previous, *i)'
Assertion failed on expression: 'pred(*previous, *i)'
Assertion failed on expression: 'pred(*previous, *i)'
Assertion failed on expression: 'pred(*previous, *i)'
Assertion failed on expression: 'pred(*previous, *i)'
Assertion failed on expression: 'pred(*previous, *i)'
Assertion failed on expression: 'pred(*previous, *i)'
Assertion failed on expression: 'pred(*previous, *i)'
Assertion failed on expression: 'pred(*previous, *i)'
Assertion failed on expression: 'pred(*previous, *i)'
Assertion failed on expression: 'pred(*previous, *i)'
Assertion failed on expression: 'pred(*previous, *i)'
Assertion failed on expression: 'pred(*previous, *i)'
Assertion failed on expression: 'pred(*previous, *i)'
Assertion failed on expression: 'pred(*previous, *i)'
Assertion failed on expression: 'pred(*previous, *i)'
Assertion failed on expression: 'pred(*previous, *i)'
Assertion failed on expression: 'pred(*previous, *i)'
Assertion failed on expression: 'pred(*previous, *i)'
Assertion failed on expression: 'pred(*previous, *i)'
Assertion failed on expression: 'pred(*previous, *i)'
Assertion failed on expression: 'pred(*previous, *i)'
Assertion failed on expression: 'pred(*previous, *i)'
Assertion failed on expression: 'pred(*previous, *i)'
Assertion failed on expression: 'pred(*previous, *i)'
Assertion failed on expression: 'pred(*previous, *i)'
Assertion failed on expression: 'pred(*previous, *i)'
Assertion failed on expression: 'pred(*previous, *i)'
Assertion failed on expression: 'pred(*previous, *i)'
Assertion failed on expression: 'pred(*previous, *i)'
Assertion failed on expression: 'pred(*previous, *i)'
Assertion failed on expression: 'pred(*previous, *i)'
Assertion failed on expression: 'pred(*previous, *i)'
Assertion failed on expression: 'pred(*previous, *i)'
Assertion failed on expression: 'pred(*previous, *i)'
Assertion failed on expression: 'pred(*previous, *i)'
Assertion failed on expression: 'pred(*previous, *i)'
Assertion failed on expression: 'pred(*previous, *i)'
Assertion failed on expression: 'pred(*previous, *i)'
Assertion failed on expression: 'pred(*previous, *i)'
Assertion failed on expression: 'pred(*previous, *i)'
Assertion failed on expression: 'pred(*previous, *i)'
Assertion failed on expression: 'pred(*previous, *i)'
Assertion failed on expression: 'pred(*previous, *i)'
Assertion failed on expression: 'pred(*previous, *i)'
Assertion failed on expression: 'pred(*previous, *i)'
Assertion failed on expression: 'pred(*previous, *i)'
Assertion failed on expression: 'pred(*previous, *i)'
Assertion failed on expression: 'pred(*previous, *i)'
Assertion failed on expression: 'pred(*previous, *i)'
Assertion failed on expression: 'pred(*previous, *i)'
Assertion failed on expression: 'pred(*previous, *i)'
Assertion failed on expression: 'pred(*previous, *i)'
Assertion failed on expression: 'pred(*previous, *i)'
Assertion failed on expression: 'pred(*previous, *i)'
Assertion failed on expression: 'pred(*previous, *i)'
Assertion failed on expression: 'pred(*previous, *i)'
Assertion failed on expression: 'pred(*previous, *i)'
Assertion failed on expression: 'pred(*previous, *i)'
Assertion failed on expression: 'pred(*previous, *i)'
Assertion failed on expression: 'pred(*previous, *i)'
Assertion failed on expression: 'pred(*previous, *i)'
Assertion failed on expression: 'pred(*previous, *i)'
Assertion failed on expression: 'pred(*previous, *i)'
Assertion failed on expression: 'pred(*previous, *i)'
Assertion failed on expression: 'pred(*previous, *i)'
Assertion failed on expression: 'pred(*previous, *i)'
Assertion failed on expression: 'pred(*previous, *i)'
Assertion failed on expression: 'pred(*previous, *i)'
Assertion failed on expression: 'pred(*previous, *i)'
Assertion failed on expression: 'pred(*previous, *i)'
Assertion failed on expression: 'pred(*previous, *i)'
Assertion failed on expression: 'pred(*previous, *i)'
Assertion failed on expression: 'pred(*previous, *i)'
Assertion failed on expression: 'pred(*previous, *i)'
Assertion failed on expression: 'pred(*previous, *i)'
Assertion failed on expression: 'pred(*previous, *i)'
Assertion failed on expression: 'pred(*previous, *i)'
Assertion failed on expression: 'pred(*previous, *i)'
Assertion failed on expression: 'pred(*previous, *i)'
Assertion failed on expression: 'pred(*previous, *i)'
Assertion failed on expression: 'pred(*previous, *i)'
Assertion failed on expression: 'pred(*previous, *i)'
Assertion failed on expression: 'pred(*previous, *i)'
Assertion failed on expression: 'pred(*previous, *i)'
Assertion failed on expression: 'pred(*previous, *i)'
Assertion failed on expression: 'pred(*previous, *i)'
Assertion failed on expression: 'pred(*previous, *i)'
Assertion failed on expression: 'pred(*previous, *i)'
Assertion failed on expression: 'pred(*previous, *i)'
Assertion failed on expression: 'pred(*previous, *i)'
Assertion failed on expression: 'pred(*previous, *i)'
Assertion failed on expression: 'pred(*previous, *i)'
Assertion failed on expression: 'pred(*previous, *i)'
Assertion failed on expression: 'pred(*previous, *i)'
Assertion failed on expression: 'pred(*previous, *i)'
Assertion failed on expression: 'pred(*previous, *i)'
Assertion failed on expression: 'pred(*previous, *i)'
Assertion failed on expression: 'pred(*previous, *i)'
Assertion failed on expression: 'pred(*previous, *i)'
Assertion failed on expression: 'pred(*previous, *i)'
Assertion failed on expression: 'pred(*previous, *i)'
Assertion failed on expression: 'pred(*previous, *i)'
Assertion failed on expression: 'pred(*previous, *i)'
Assertion failed on expression: 'pred(*previous, *i)'
Assertion failed on expression: 'pred(*previous, *i)'
Assertion failed on expression: 'pred(*previous, *i)'
Assertion failed on expression: 'pred(*previous, *i)'
Assertion failed on expression: 'pred(*previous, *i)'
Assertion failed on expression: 'pred(*previous, *i)'
Assertion failed on expression: 'pred(*previous, *i)'
Assertion failed on expression: 'pred(*previous, *i)'
Assertion failed on expression: 'pred(*previous, *i)'
Assertion failed on expression: 'pred(*previous, *i)'
Assertion failed on expression: 'pred(*previous, *i)'
Assertion failed on expression: 'pred(*previous, *i)'
Assertion failed on expression: 'pred(*previous, *i)'
Assertion failed on expression: 'pred(*previous, *i)'
Assertion failed on expression: 'pred(*previous, *i)'
Assertion failed on expression: 'pred(*previous, *i)'
Assertion failed on expression: 'pred(*previous, *i)'
Assertion failed on expression: 'pred(*previous, *i)'
Assertion failed on expression: 'pred(*previous, *i)'
Assertion failed on expression: 'pred(*previous, *i)'
Assertion failed on expression: 'pred(*previous, *i)'
Assertion failed on expression: 'pred(*previous, *i)'
Assertion failed on expression: 'pred(*previous, *i)'
Assertion failed on expression: 'pred(*previous, *i)'
Assertion failed on expression: 'pred(*previous, *i)'
Assertion failed on expression: 'pred(*previous, *i)'
Assertion failed on expression: 'pred(*previous, *i)'
Assertion failed on expression: 'pred(*previous, *i)'
Assertion failed on expression: 'pred(*previous, *i)'
Assertion failed on expression: 'pred(*previous, *i)'
Assertion failed on expression: 'pred(*previous, *i)'
Assertion failed on expression: 'pred(*previous, *i)'
Assertion failed on expression: 'pred(*previous, *i)'
Assertion failed on expression: 'pred(*previous, *i)'
Assertion failed on expression: 'pred(*previous, *i)'
Assertion failed on expression: 'pred(*previous, *i)'
Assertion failed on expression: 'pred(*previous, *i)'
Assertion failed on expression: 'pred(*previous, *i)'
Assertion failed on expression: 'pred(*previous, *i)'
Assertion failed on expression: 'pred(*previous, *i)'
Assertion failed on expression: 'pred(*previous, *i)'
Assertion failed on expression: 'pred(*previous, *i)'
Assertion failed on expression: 'pred(*previous, *i)'
Assertion failed on expression: 'pred(*previous, *i)'
Assertion failed on expression: 'pred(*previous, *i)'
Assertion failed on expression: 'pred(*previous, *i)'
Assertion failed on expression: 'pred(*previous, *i)'
Assertion failed on expression: 'pred(*previous, *i)'
Assertion failed on expression: 'pred(*previous, *i)'
Assertion failed on expression: 'pred(*previous, *i)'
Assertion failed on expression: 'pred(*previous, *i)'
Assertion failed on expression: 'pred(*previous, *i)'
Assertion failed on expression: 'pred(*previous, *i)'
Assertion failed on expression: 'pred(*previous, *i)'
Assertion failed on expression: 'pred(*previous, *i)'
Assertion failed on expression: 'pred(*previous, *i)'
Assertion failed on expression: 'pred(*previous, *i)'
Assertion failed on expression: 'pred(*previous, *i)'
Assertion failed on expression: 'pred(*previous, *i)'
Assertion failed on expression: 'pred(*previous, *i)'
Assertion failed on expression: 'pred(*previous, *i)'
Assertion failed on expression: 'pred(*previous, *i)'
Assertion failed on expression: 'pred(*previous, *i)'
Assertion failed on expression: 'pred(*previous, *i)'
Assertion failed on expression: 'pred(*previous, *i)'
Assertion failed on expression: 'pred(*previous, *i)'
Assertion failed on expression: 'pred(*previous, *i)'
Assertion failed on expression: 'pred(*previous, *i)'
Assertion failed on expression: 'pred(*previous, *i)'
Assertion failed on expression: 'pred(*previous, *i)'
Assertion failed on expression: 'pred(*previous, *i)'
Assertion failed on expression: 'pred(*previous, *i)'
Assertion failed on expression: 'pred(*previous, *i)'
Assertion failed on expression: 'pred(*previous, *i)'
Assertion failed on expression: 'pred(*previous, *i)'
Assertion failed on expression: 'pred(*previous, *i)'
Assertion failed on expression: 'pred(*previous, *i)'
Assertion failed on expression: 'pred(*previous, *i)'
Assertion failed on expression: 'pred(*previous, *i)'
Assertion failed on expression: 'pred(*previous, *i)'
Assertion failed on expression: 'pred(*previous, *i)'
Assertion failed on expression: 'pred(*previous, *i)'
Assertion failed on expression: 'pred(*previous, *i)'
Assertion failed on expression: 'pred(*previous, *i)'
Assertion failed on expression: 'pred(*previous, *i)'
Assertion failed on expression: 'pred(*previous, *i)'
Assertion failed on expression: 'pred(*previous, *i)'
Assertion failed on expression: 'pred(*previous, *i)'
Assertion failed on expression: 'pred(*previous, *i)'
Assertion failed on expression: 'pred(*previous, *i)'
Assertion failed on expression: 'pred(*previous, *i)'
Assertion failed on expression: 'pred(*previous, *i)'
Assertion failed on expression: 'pred(*previous, *i)'
Assertion failed on expression: 'pred(*previous, *i)'
Assertion failed on expression: 'pred(*previous, *i)'
Assertion failed on expression: 'pred(*previous, *i)'
Assertion failed on expression: 'pred(*previous, *i)'
Assertion failed on expression: 'pred(*previous, *i)'
Assertion failed on expression: 'pred(*previous, *i)'
Assertion failed on expression: 'pred(*previous, *i)'
Assertion failed on expression: 'pred(*previous, *i)'
Assertion failed on expression: 'pred(*previous, *i)'
Assertion failed on expression: 'pred(*previous, *i)'
Assertion failed on expression: 'pred(*previous, *i)'
Assertion failed on expression: 'pred(*previous, *i)'
Assertion failed on expression: 'pred(*previous, *i)'
Assertion failed on expression: 'pred(*previous, *i)'
Assertion failed on expression: 'pred(*previous, *i)'
Assertion failed on expression: 'pred(*previous, *i)'
Assertion failed on expression: 'pred(*previous, *i)'
Assertion failed on expression: 'pred(*previous, *i)'
Assertion failed on expression: 'pred(*previous, *i)'
Assertion failed on expression: 'pred(*previous, *i)'
Assertion failed on expression: 'pred(*previous, *i)'
Assertion failed on expression: 'pred(*previous, *i)'
Assertion failed on expression: 'pred(*previous, *i)'
Assertion failed on expression: 'pred(*previous, *i)'
Assertion failed on expression: 'pred(*previous, *i)'
Assertion failed on expression: 'pred(*previous, *i)'
Assertion failed on expression: 'pred(*previous, *i)'
Assertion failed on expression: 'pred(*previous, *i)'
Assertion failed on expression: 'pred(*previous, *i)'
Assertion failed on expression: 'pred(*previous, *i)'
Assertion failed on expression: 'pred(*previous, *i)'
Assertion failed on expression: 'pred(*previous, *i)'
Assertion failed on expression: 'pred(*previous, *i)'
Assertion failed on expression: 'pred(*previous, *i)'
Assertion failed on expression: 'pred(*previous, *i)'
Assertion failed on expression: 'pred(*previous, *i)'
Assertion failed on expression: 'pred(*previous, *i)'
Assertion failed on expression: 'pred(*previous, *i)'
Assertion failed on expression: 'pred(*previous, *i)'
Assertion failed on expression: 'pred(*previous, *i)'
Assertion failed on expression: 'pred(*previous, *i)'
Assertion failed on expression: 'pred(*previous, *i)'
Assertion failed on expression: 'pred(*previous, *i)'
Assertion failed on expression: 'pred(*previous, *i)'
Assertion failed on expression: 'pred(*previous, *i)'
Assertion failed on expression: 'pred(*previous, *i)'
Assertion failed on expression: 'pred(*previous, *i)'
Assertion failed on expression: 'pred(*previous, *i)'
Assertion failed on expression: 'pred(*previous, *i)'
Assertion failed on expression: 'pred(*previous, *i)'
Assertion failed on expression: 'pred(*previous, *i)'
Assertion failed on expression: 'pred(*previous, *i)'
Assertion failed on expression: 'pred(*previous, *i)'
Assertion failed on expression: 'pred(*previous, *i)'
Assertion failed on expression: 'pred(*previous, *i)'
Assertion failed on expression: 'pred(*previous, *i)'
Assertion failed on expression: 'pred(*previous, *i)'
Assertion failed on expression: 'pred(*previous, *i)'
Assertion failed on expression: 'pred(*previous, *i)'
Assertion failed on expression: 'pred(*previous, *i)'
Assertion failed on expression: 'pred(*previous, *i)'
Assertion failed on expression: 'pred(*previous, *i)'
Assertion failed on expression: 'pred(*previous, *i)'
Assertion failed on expression: 'pred(*previous, *i)'
Assertion failed on expression: 'pred(*previous, *i)'
Assertion failed on expression: 'pred(*previous, *i)'
Assertion failed on expression: 'pred(*previous, *i)'
Assertion failed on expression: 'pred(*previous, *i)'
Assertion failed on expression: 'pred(*previous, *i)'
Assertion failed on expression: 'pred(*previous, *i)'
Assertion failed on expression: 'pred(*previous, *i)'
Assertion failed on expression: 'pred(*previous, *i)'
Assertion failed on expression: 'pred(*previous, *i)'
Assertion failed on expression: 'pred(*previous, *i)'
Assertion failed on expression: 'pred(*previous, *i)'
Assertion failed on expression: 'pred(*previous, *i)'
Assertion failed on expression: 'pred(*previous, *i)'
Assertion failed on expression: 'pred(*previous, *i)'
Assertion failed on expression: 'pred(*previous, *i)'
Assertion failed on expression: 'pred(*previous, *i)'
Assertion failed on expression: 'pred(*previous, *i)'
Assertion failed on expression: 'pred(*previous, *i)'
Assertion failed on expression: 'pred(*previous, *i)'
Assertion failed on expression: 'pred(*previous, *i)'
Assertion failed on expression: 'pred(*previous, *i)'
Assertion failed on expression: 'pred(*previous, *i)'
Assertion failed on expression: 'pred(*previous, *i)'
Assertion failed on expression: 'pred(*previous, *i)'
Assertion failed on expression: 'pred(*previous, *i)'
Assertion failed on expression: 'pred(*previous, *i)'
Assertion failed on expression: 'pred(*previous, *i)'
Assertion failed on expression: 'pred(*previous, *i)'
Assertion failed on expression: 'pred(*previous, *i)'
Assertion failed on expression: 'pred(*previous, *i)'
Assertion failed on expression: 'pred(*previous, *i)'
Assertion failed on expression: 'pred(*previous, *i)'
Assertion failed on expression: 'pred(*previous, *i)'
Assertion failed on expression: 'pred(*previous, *i)'
Assertion failed on expression: 'pred(*previous, *i)'
Assertion failed on expression: 'pred(*previous, *i)'
Assertion failed on expression: 'pred(*previous, *i)'
Assertion failed on expression: 'pred(*previous, *i)'
Assertion failed on expression: 'pred(*previous, *i)'
Assertion failed on expression: 'pred(*previous, *i)'
Assertion failed on expression: 'pred(*previous, *i)'
Assertion failed on expression: 'pred(*previous, *i)'
Assertion failed on expression: 'pred(*previous, *i)'
Assertion failed on expression: 'pred(*previous, *i)'
Assertion failed on expression: 'pred(*previous, *i)'
Assertion failed on expression: 'pred(*previous, *i)'
Assertion failed on expression: 'pred(*previous, *i)'
Assertion failed on expression: 'pred(*previous, *i)'
Assertion failed on expression: 'pred(*previous, *i)'
Assertion failed on expression: 'pred(*previous, *i)'
Assertion failed on expression: 'pred(*previous, *i)'
Assertion failed on expression: 'pred(*previous, *i)'
Assertion failed on expression: 'pred(*previous, *i)'
Assertion failed on expression: 'pred(*previous, *i)'
Assertion failed on expression: 'pred(*previous, *i)'
Assertion failed on expression: 'pred(*previous, *i)'
Assertion failed on expression: 'pred(*previous, *i)'
Assertion failed on expression: 'pred(*previous, *i)'
Assertion failed on expression: 'pred(*previous, *i)'
Assertion failed on expression: 'pred(*previous, *i)'
Assertion failed on expression: 'pred(*previous, *i)'
Assertion failed on expression: 'pred(*previous, *i)'
Assertion failed on expression: 'pred(*previous, *i)'
Assertion failed on expression: 'pred(*previous, *i)'
Assertion failed on expression: 'pred(*previous, *i)'
Assertion failed on expression: 'pred(*previous, *i)'
Assertion failed on expression: 'pred(*previous, *i)'
Assertion failed on expression: 'pred(*previous, *i)'
Assertion failed on expression: 'pred(*previous, *i)'
Assertion failed on expression: 'pred(*previous, *i)'
Assertion failed on expression: 'pred(*previous, *i)'
Assertion failed on expression: 'pred(*previous, *i)'
Assertion failed on expression: 'pred(*previous, *i)'
Assertion failed on expression: 'pred(*previous, *i)'
Assertion failed on expression: 'pred(*previous, *i)'
Assertion failed on expression: 'pred(*previous, *i)'
Assertion failed on expression: 'pred(*previous, *i)'
Assertion failed on expression: 'pred(*previous, *i)'
Assertion failed on expression: 'pred(*previous, *i)'
Assertion failed on expression: 'pred(*previous, *i)'
Assertion failed on expression: 'pred(*previous, *i)'
Assertion failed on expression: 'pred(*previous, *i)'
Assertion failed on expression: 'pred(*previous, *i)'
Assertion failed on expression: 'pred(*previous, *i)'
Assertion failed on expression: 'pred(*previous, *i)'
Assertion failed on expression: 'pred(*previous, *i)'
Assertion failed on expression: 'pred(*previous, *i)'
Assertion failed on expression: 'pred(*previous, *i)'
Assertion failed on expression: 'pred(*previous, *i)'
Assertion failed on expression: 'pred(*previous, *i)'
Assertion failed on expression: 'pred(*previous, *i)'
Assertion failed on expression: 'pred(*previous, *i)'
Assertion failed on expression: 'pred(*previous, *i)'
Assertion failed on expression: 'pred(*previous, *i)'
Assertion failed on expression: 'pred(*previous, *i)'
Assertion failed on expression: 'pred(*previous, *i)'
Assertion failed on expression: 'pred(*previous, *i)'
Assertion failed on expression: 'pred(*previous, *i)'
Assertion failed on expression: 'pred(*previous, *i)'
Assertion failed on expression: 'pred(*previous, *i)'
Assertion failed on expression: 'pred(*previous, *i)'
Assertion failed on expression: 'pred(*previous, *i)'
Assertion failed on expression: 'pred(*previous, *i)'
Assertion failed on expression: 'pred(*previous, *i)'
Assertion failed on expression: 'pred(*previous, *i)'
Assertion failed on expression: 'pred(*previous, *i)'
Assertion failed on expression: 'pred(*previous, *i)'
Assertion failed on expression: 'pred(*previous, *i)'
Assertion failed on expression: 'pred(*previous, *i)'
Assertion failed on expression: 'pred(*previous, *i)'
Assertion failed on expression: 'pred(*previous, *i)'
Assertion failed on expression: 'pred(*previous, *i)'
Assertion failed on expression: 'pred(*previous, *i)'
Assertion failed on expression: 'pred(*previous, *i)'
Assertion failed on expression: 'pred(*previous, *i)'
Assertion failed on expression: 'pred(*previous, *i)'
Assertion failed on expression: 'pred(*previous, *i)'
Assertion failed on expression: 'pred(*previous, *i)'
Assertion failed on expression: 'pred(*previous, *i)'
Assertion failed on expression: 'pred(*previous, *i)'
Assertion failed on expression: 'pred(*previous, *i)'
Assertion failed on expression: 'pred(*previous, *i)'
Assertion failed on expression: 'pred(*previous, *i)'
Assertion failed on expression: 'pred(*previous, *i)'
Assertion failed on expression: 'pred(*previous, *i)'
Assertion failed on expression: 'pred(*previous, *i)'
Assertion failed on expression: 'pred(*previous, *i)'
Assertion failed on expression: 'pred(*previous, *i)'
Assertion failed on expression: 'pred(*previous, *i)'
Assertion failed on expression: 'pred(*previous, *i)'
Assertion failed on expression: 'pred(*previous, *i)'
Assertion failed on expression: 'pred(*previous, *i)'
Assertion failed on expression: 'pred(*previous, *i)'
Assertion failed on expression: 'pred(*previous, *i)'
Assertion failed on expression: 'pred(*previous, *i)'
Assertion failed on expression: 'pred(*previous, *i)'
Assertion failed on expression: 'pred(*previous, *i)'
Assertion failed on expression: 'pred(*previous, *i)'
Assertion failed on expression: 'pred(*previous, *i)'
Assertion failed on expression: 'pred(*previous, *i)'
Assertion failed on expression: 'pred(*previous, *i)'
Assertion failed on expression: 'pred(*previous, *i)'
Assertion failed on expression: 'pred(*previous, *i)'
Assertion failed on expression: 'pred(*previous, *i)'
Assertion failed on expression: 'pred(*previous, *i)'
Assertion failed on expression: 'pred(*previous, *i)'
Assertion failed on expression: 'pred(*previous, *i)'
Assertion failed on expression: 'pred(*previous, *i)'
Assertion failed on expression: 'pred(*previous, *i)'
Assertion failed on expression: 'pred(*previous, *i)'
Assertion failed on expression: 'pred(*previous, *i)'
Assertion failed on expression: 'pred(*previous, *i)'
Assertion failed on expression: 'pred(*previous, *i)'
Assertion failed on expression: 'pred(*previous, *i)'
Assertion failed on expression: 'pred(*previous, *i)'
Assertion failed on expression: 'pred(*previous, *i)'
Assertion failed on expression: 'pred(*previous, *i)'
Assertion failed on expression: 'pred(*previous, *i)'
Assertion failed on expression: 'pred(*previous, *i)'
Assertion failed on expression: 'pred(*previous, *i)'
Assertion failed on expression: 'pred(*previous, *i)'
Assertion failed on expression: 'pred(*previous, *i)'
Assertion failed on expression: 'pred(*previous, *i)'
Assertion failed on expression: 'pred(*previous, *i)'
Assertion failed on expression: 'pred(*previous, *i)'
Assertion failed on expression: 'pred(*previous, *i)'
Assertion failed on expression: 'pred(*previous, *i)'
Assertion failed on expression: 'pred(*previous, *i)'
Assertion failed on expression: 'pred(*previous, *i)'
Assertion failed on expression: 'pred(*previous, *i)'
Assertion failed on expression: 'pred(*previous, *i)'
Assertion failed on expression: 'pred(*previous, *i)'
Assertion failed on expression: 'pred(*previous, *i)'
Assertion failed on expression: 'pred(*previous, *i)'
Assertion failed on expression: 'pred(*previous, *i)'
Assertion failed on expression: 'pred(*previous, *i)'
Assertion failed on expression: 'pred(*previous, *i)'
Assertion failed on expression: 'pred(*previous, *i)'
Assertion failed on expression: 'pred(*previous, *i)'
Assertion failed on expression: 'pred(*previous, *i)'
Assertion failed on expression: 'pred(*previous, *i)'
Assertion failed on expression: 'pred(*previous, *i)'
Assertion failed on expression: 'pred(*previous, *i)'
Assertion failed on expression: 'pred(*previous, *i)'
Assertion failed on expression: 'pred(*previous, *i)'
Assertion failed on expression: 'pred(*previous, *i)'
Assertion failed on expression: 'pred(*previous, *i)'
Assertion failed on expression: 'pred(*previous, *i)'
Assertion failed on expression: 'pred(*previous, *i)'
Assertion failed on expression: 'pred(*previous, *i)'
Assertion failed on expression: 'pred(*previous, *i)'
Assertion failed on expression: 'pred(*previous, *i)'
Assertion failed on expression: 'pred(*previous, *i)'
Assertion failed on expression: 'pred(*previous, *i)'
Assertion failed on expression: 'pred(*previous, *i)'
Assertion failed on expression: 'pred(*previous, *i)'
Assertion failed on expression: 'pred(*previous, *i)'
Assertion failed on expression: 'pred(*previous, *i)'
Assertion failed on expression: 'pred(*previous, *i)'
Assertion failed on expression: 'pred(*previous, *i)'
Assertion failed on expression: 'pred(*previous, *i)'
Assertion failed on expression: 'pred(*previous, *i)'
Assertion failed on expression: 'pred(*previous, *i)'
Assertion failed on expression: 'pred(*previous, *i)'
Assertion failed on expression: 'pred(*previous, *i)'
Assertion failed on expression: 'pred(*previous, *i)'
Assertion failed on expression: 'pred(*previous, *i)'
Assertion failed on expression: 'pred(*previous, *i)'
Assertion failed on expression: 'pred(*previous, *i)'
Assertion failed on expression: 'pred(*previous, *i)'
Assertion failed on expression: 'pred(*previous, *i)'
Assertion failed on expression: 'pred(*previous, *i)'
Assertion failed on expression: 'pred(*previous, *i)'
Assertion failed on expression: 'pred(*previous, *i)'
Assertion failed on expression: 'pred(*previous, *i)'
Assertion failed on expression: 'pred(*previous, *i)'
Assertion failed on expression: 'pred(*previous, *i)'
Assertion failed on expression: 'pred(*previous, *i)'
Assertion failed on expression: 'pred(*previous, *i)'
Assertion failed on expression: 'pred(*previous, *i)'
Assertion failed on expression: 'pred(*previous, *i)'
Assertion failed on expression: 'pred(*previous, *i)'
Assertion failed on expression: 'pred(*previous, *i)'
Assertion failed on expression: 'pred(*previous, *i)'
Assertion failed on expression: 'pred(*previous, *i)'
Assertion failed on expression: 'pred(*previous, *i)'
Assertion failed on expression: 'pred(*previous, *i)'
Assertion failed on expression: 'pred(*previous, *i)'
Assertion failed on expression: 'pred(*previous, *i)'
Assertion failed on expression: 'pred(*previous, *i)'
Assertion failed on expression: 'pred(*previous, *i)'
Assertion failed on expression: 'pred(*previous, *i)'
Assertion failed on expression: 'pred(*previous, *i)'
Assertion failed on expression: 'pred(*previous, *i)'
Assertion failed on expression: 'pred(*previous, *i)'
Assertion failed on expression: 'pred(*previous, *i)'
Assertion failed on expression: 'pred(*previous, *i)'
Assertion failed on expression: 'pred(*previous, *i)'
Assertion failed on expression: 'pred(*previous, *i)'
Assertion failed on expression: 'pred(*previous, *i)'
Assertion failed on expression: 'pred(*previous, *i)'
Assertion failed on expression: 'pred(*previous, *i)'
Assertion failed on expression: 'pred(*previous, *i)'
Assertion failed on expression: 'pred(*previous, *i)'
Assertion failed on expression: 'pred(*previous, *i)'
Assertion failed on expression: 'pred(*previous, *i)'
Assertion failed on expression: 'pred(*previous, *i)'
Assertion failed on expression: 'pred(*previous, *i)'
Assertion failed on expression: 'pred(*previous, *i)'
Assertion failed on expression: 'pred(*previous, *i)'
Assertion failed on expression: 'pred(*previous, *i)'
Assertion failed on expression: 'pred(*previous, *i)'
Assertion failed on expression: 'pred(*previous, *i)'
Assertion failed on expression: 'pred(*previous, *i)'
Assertion failed on expression: 'pred(*previous, *i)'
Assertion failed on expression: 'pred(*previous, *i)'
Assertion failed on expression: 'pred(*previous, *i)'
Assertion failed on expression: 'pred(*previous, *i)'
Assertion failed on expression: 'pred(*previous, *i)'
Assertion failed on expression: 'pred(*previous, *i)'
Assertion failed on expression: 'pred(*previous, *i)'
Assertion failed on expression: 'pred(*previous, *i)'
Assertion failed on expression: 'pred(*previous, *i)'
Assertion failed on expression: 'pred(*previous, *i)'
Assertion failed on expression: 'pred(*previous, *i)'
Assertion failed on expression: 'pred(*previous, *i)'
Assertion failed on expression: 'pred(*previous, *i)'
Assertion failed on expression: 'pred(*previous, *i)'
Assertion failed on expression: 'pred(*previous, *i)'
Assertion failed on expression: 'pred(*previous, *i)'
Assertion failed on expression: 'pred(*previous, *i)'
Assertion failed on expression: 'pred(*previous, *i)'
Assertion failed on expression: 'pred(*previous, *i)'
Assertion failed on expression: 'pred(*previous, *i)'
Assertion failed on expression: 'pred(*previous, *i)'
Assertion failed on expression: 'pred(*previous, *i)'
Assertion failed on expression: 'pred(*previous, *i)'
Assertion failed on expression: 'pred(*previous, *i)'
Assertion failed on expression: 'pred(*previous, *i)'
Assertion failed on expression: 'pred(*previous, *i)'
Assertion failed on expression: 'pred(*previous, *i)'
Assertion failed on expression: 'pred(*previous, *i)'
Assertion failed on expression: 'pred(*previous, *i)'
Assertion failed on expression: 'pred(*previous, *i)'
Assertion failed on expression: 'pred(*previous, *i)'
Assertion failed on expression: 'pred(*previous, *i)'
Assertion failed on expression: 'pred(*previous, *i)'
Assertion failed on expression: 'pred(*previous, *i)'
Assertion failed on expression: 'pred(*previous, *i)'
Assertion failed on expression: 'pred(*previous, *i)'
Assertion failed on expression: 'pred(*previous, *i)'
Assertion failed on expression: 'pred(*previous, *i)'
Assertion failed on expression: 'pred(*previous, *i)'
Assertion failed on expression: 'pred(*previous, *i)'
Assertion failed on expression: 'pred(*previous, *i)'
Assertion failed on expression: 'pred(*previous, *i)'
Assertion failed on expression: 'pred(*previous, *i)'
Assertion failed on expression: 'pred(*previous, *i)'
Assertion failed on expression: 'pred(*previous, *i)'
Assertion failed on expression: 'pred(*previous, *i)'
Assertion failed on expression: 'pred(*previous, *i)'
Assertion failed on expression: 'pred(*previous, *i)'
Assertion failed on expression: 'pred(*previous, *i)'
Assertion failed on expression: 'pred(*previous, *i)'
Assertion failed on expression: 'pred(*previous, *i)'
Assertion failed on expression: 'pred(*previous, *i)'
Assertion failed on expression: 'pred(*previous, *i)'
Assertion failed on expression: 'pred(*previous, *i)'
Assertion failed on expression: 'pred(*previous, *i)'
Assertion failed on expression: 'pred(*previous, *i)'
Assertion failed on expression: 'pred(*previous, *i)'
Assertion failed on expression: 'pred(*previous, *i)'
Assertion failed on expression: 'pred(*previous, *i)'
Assertion failed on expression: 'pred(*previous, *i)'
Assertion failed on expression: 'pred(*previous, *i)'
Assertion failed on expression: 'pred(*previous, *i)'
Assertion failed on expression: 'pred(*previous, *i)'
Assertion failed on expression: 'pred(*previous, *i)'
Assertion failed on expression: 'pred(*previous, *i)'
Assertion failed on expression: 'pred(*previous, *i)'
Assertion failed on expression: 'pred(*previous, *i)'
Assertion failed on expression: 'pred(*previous, *i)'
Assertion failed on expression: 'pred(*previous, *i)'
Assertion failed on expression: 'pred(*previous, *i)'
Assertion failed on expression: 'pred(*previous, *i)'
Native extension for WindowsStandalone target not found
[Package Manager] Failed to launch server process. Reason: Unity was launched with the -noUpm command-line argument
[Package Manager] Unable to send message (not connected to server process).
[Package Manager] Cannot connect to Unity Package Manager local server
[MODES] ModeService[none].Initialize
[MODES] ModeService[none].LoadModes
[Package Manager] Failed to launch server process. Reason: Unity was launched with the -noUpm command-line argument
[Package Manager] Unable to send message (not connected to server process).
[Package Manager] Cannot connect to Unity Package Manager local server
ScheduleIndexationOnStartup MainProcess:False IndexOnStartup:True
Error saving file Library/StateCache/LayerSettings/9e/9ecc5c3c162a7aba29bafa64c8b94b7c.json. Error: System.IO.IOException: Sharing violation on path D:\UnityProjects\Mineblock\mineblock\Library\StateCache\LayerSettings\9e\9ecc5c3c162a7aba29bafa64c8b94b7c.json
  at System.IO.FileStream..ctor (System.String path, System.IO.FileMode mode, System.IO.FileAccess access, System.IO.FileShare share, System.Int32 bufferSize, System.Boolean anonymous, System.IO.FileOptions options) [0x0019e] in <f713e1c3c5f545ce9b1df47230f4f853>:0 
  at System.IO.FileStream..ctor (System.String path, System.IO.FileMode mode, System.IO.FileAccess access, System.IO.FileShare share, System.Int32 bufferSize, System.IO.FileOptions options) [0x00000] in <f713e1c3c5f545ce9b1df47230f4f853>:0 
  at (wrapper remoting-invoke-with-check) System.IO.FileStream..ctor(string,System.IO.FileMode,System.IO.FileAccess,System.IO.FileShare,int,System.IO.FileOptions)
  at System.IO.StreamWriter..ctor (System.String path, System.Boolean append, System.Text.Encoding encoding, System.Int32 bufferSize) [0x00055] in <f713e1c3c5f545ce9b1df47230f4f853>:0 
  at System.IO.StreamWriter..ctor (System.String path, System.Boolean append, System.Text.Encoding encoding) [0x00000] in <f713e1c3c5f545ce9b1df47230f4f853>:0 
  at (wrapper remoting-invoke-with-check) System.IO.StreamWriter..ctor(string,bool,System.Text.Encoding)
  at System.IO.File.WriteAllText (System.String path, System.String contents, System.Text.Encoding encoding) [0x00034] in <f713e1c3c5f545ce9b1df47230f4f853>:0 
  at UnityEditor.StateCache`1[T].SaveJsonState (System.String filePath, T value) [0x00013] in <e0af027e363c41d892474e280780554a>:0 
  at UnityEditor.StateCache`1[T].SetState (UnityEngine.Hash128 key, T obj) [0x00046] in <e0af027e363c41d892474e280780554a>:0 
UnityEngine.Debug:ExtractStackTraceNoAlloc (byte*,int,string)
UnityEngine.StackTraceUtility:ExtractStackTrace ()
UnityEngine.DebugLogHandler:Internal_Log (UnityEngine.LogType,UnityEngine.LogOption,string,UnityEngine.Object)
UnityEngine.DebugLogHandler:LogFormat (UnityEngine.LogType,UnityEngine.Object,string,object[])
UnityEngine.Logger:Log (UnityEngine.LogType,object)
UnityEngine.Debug:LogError (object)
UnityEditor.StateCache`1<UnityEditor.Tools/LayerSettings>:SetState (UnityEngine.Hash128,UnityEditor.Tools/LayerSettings)
UnityEditor.Tools:set_lockedLayers (int)
UnityEditor.Tools:OnEnable ()

Mono: successfully reloaded assembly
- Finished resetting the current domain, in  1.905 seconds
Domain Reload Profiling: 3417ms
	BeginReloadAssembly (375ms)
		DisableScriptedObjects (21ms)
		CreateAndSetChildDomain (80ms)
	RebuildCommonClasses (68ms)
	RebuildNativeTypeToScriptingClass (24ms)
	initialDomainReloadingComplete (116ms)
	LoadAllAssembliesAndSetupDomain (929ms)
		LoadAssemblies (692ms)
		AnalyzeDomain (393ms)
			TypeCache.Refresh (12ms)
			BuildScriptInfoCaches (353ms)
			ResolveRequiredComponents (24ms)
	FinalizeReload (1906ms)
		SetupLoadedEditorAssemblies (0ms)
			InitializePlatformSupportModulesInManaged (4ms)
			BeforeProcessingInitializeOnLoad (441ms)
			ProcessInitializeOnLoadAttributes (894ms)
			ProcessInitializeOnLoadMethodAttributes (134ms)
			AfterProcessingInitializeOnLoad (16ms)
		AwakeInstancesAfterBackupRestoration (40ms)
Refreshing native plugins compatible for Editor in 2.04 ms, found 4 plugins.
Unloading 36 Unused Serialized files (Serialized files now loaded: 0)
Unloading 6650 unused Assets / (8.7 MB). Loaded Objects now: 7660.
Memory consumption went from 202.2 MB to 193.4 MB.
Total: 17.587700 ms (FindLiveObjects: 1.174200 ms CreateObjectMapping: 1.048200 ms MarkObjects: 7.855700 ms  DeleteObjects: 7.507900 ms)

Prepare: number of updated asset objects reloaded= 0
